product_id;name;sku;ean;manufacturer_name;description;features;images_urls
;Oprawa High Bay LED HB PRO STRONG 100W 8500-17000lm 4000K IP65 szary Kanlux 27163;27163/KAN;5905339271631;Kanlux;"<p>Oprawa High Bay LED HB PRO STRONG 100W 8500-17000lm 4000K IP65 szary to produkt marki Kanlux przeznaczony do hal produkcyjnych, magazynów, warsztatów, centrów logistycznych i innych wysokich pomieszczeń technicznych. Moc 100W i strumień 8500-17000lm są dobrane do pracy z większej wysokości, a kąt 90° pomaga prowadzić światło na stanowiska, regały i ciągi komunikacyjne. Barwa 4000K poprawia czytelność detali, a stopień ochrony IP65 ułatwia pracę w wymagającym otoczeniu.</p>

<h2>Oprawa High Bay LED HB PRO STRONG 100W 8500-17000lm 4000K IP65 szary - czym wyróżnia się ten produkt?</h2>

<ul>
  <li>- Oprawa High Bay LED HB PRO STRONG 100W 8500-17000lm 4000K IP65 szary daje mocne światło robocze do wysokich pomieszczeń.</li>
  <li>- Strumień 8500-17000lm i kąt 90° pomagają doświetlić stanowiska pracy oraz alejki magazynowe.</li>
  <li>- Stopień ochrony IP65 i obudowa z materiału stop aluminium sprawdzają się w wymagającym otoczeniu.</li>
  <li>- Barwa 4000K zapewnia czytelne światło do kontroli detali i codziennej pracy.</li>
</ul>

<p>W oświetleniu halowym duże znaczenie ma wysokość montażu, rozstaw opraw i kierunek świecenia. Seria HB PRO STRONG jest przeznaczona do przestrzeni, w których światło pracuje przez wiele godzin i musi być przewidywalne na całej powierzchni roboczej. Przy porównywaniu wariantów warto zestawić strumień świetlny, kąt świecenia oraz odporność IP65 z realnymi warunkami obiektu.</p>

<h3>Specyfikacja techniczna</h3>

<ul>
<li>- Producent: Kanlux</li>
<li>- Seria: HB PRO STRONG</li>
<li>- Model: HB PRO STRONG 100W-NW</li>
<li>- Kod producenta: 27163</li>
<li>- EAN: 5905339271631</li>
<li>- Typ produktu: High Bay przemysłowy</li>
<li>- Moc [W]: 100W</li>
<li>- Napięcie [V]: 220-240 AC</li>
<li>- Temperatura barwowa [K]: 4000K</li>
<li>- Barwa światła: Neutralna (3500-4500K)</li>
<li>- Strumień świetlny [lm]: 8500-17000lm</li>
<li>- Stopień ochrony [IP]: IP65</li>
<li>- Klasa ochronności: IK08</li>
<li>- Kąt świecenia: 90°</li>
<li>- Kolor: szary</li>
<li>- Materiał: stop aluminium</li>
<li>- Długość: 0.3</li>
<li>- Wysokość: 112mm</li>
<li>- Średnica: 299mm</li>
<li>- Gwarancja: 5 lat</li>
</ul>";"{""Producent"":""Kanlux"",""EAN (GTIN)"":""5905339271631"",""Kod producenta"":""27163"",""Typ produktu"":""High Bay przemysłowy"",""Seria"":""HB PRO STRONG"",""Model"":""HB PRO STRONG 100W-NW"",""Moc [W]"":""100W"",""Napięcie [V]"":""220-240 AC"",""Temperatura barwowa [K]"":""4000K"",""Barwa światła"":""Neutralna (3500-4500K)"",""Strumień świetlny [lm]"":""8500-17000lm"",""Stopień ochrony [IP]"":""IP65"",""Klasa ochronności"":""IK08"",""Kąt świecenia"":""90°"",""Kolor"":""szary"",""Materiał"":""stop aluminium"",""Długość"":""0.3"",""Wysokość"":""112mm"",""Średnica"":""299mm"",""Gwarancja"":""5 lat""}";https://www.kanlux.com/storage/products/main/big/27163.jpg
;Oprawa High Bay LED HB PRO STRONG 150W 25500lm 4000K IP65 czarny Kanlux 27158;27158/KAN;5905339271587;Kanlux;"<p>Oprawa High Bay LED HB PRO STRONG 150W 25500lm 4000K IP65 czarny to produkt marki Kanlux przeznaczony do hal produkcyjnych, magazynów, warsztatów, centrów logistycznych i innych wysokich pomieszczeń technicznych. Moc 150W i strumień 25500lm są dobrane do pracy z większej wysokości, a kąt 90° pomaga prowadzić światło na stanowiska, regały i ciągi komunikacyjne. Barwa 4000K poprawia czytelność detali, a stopień ochrony IP65 ułatwia pracę w wymagającym otoczeniu.</p>

<h2>Oprawa High Bay LED HB PRO STRONG 150W 25500lm 4000K IP65 czarny - czym wyróżnia się ten produkt?</h2>

<ul>
  <li>- Oprawa High Bay LED HB PRO STRONG 150W 25500lm 4000K IP65 czarny daje mocne światło robocze do wysokich pomieszczeń.</li>
  <li>- Strumień 25500lm i kąt 90° pomagają doświetlić stanowiska pracy oraz alejki magazynowe.</li>
  <li>- Stopień ochrony IP65 i obudowa z materiału stop aluminium sprawdzają się w wymagającym otoczeniu.</li>
  <li>- Barwa 4000K zapewnia czytelne światło do kontroli detali i codziennej pracy.</li>
</ul>

<p>W oświetleniu halowym duże znaczenie ma wysokość montażu, rozstaw opraw i kierunek świecenia. Seria HB PRO STRONG jest przeznaczona do przestrzeni, w których światło pracuje przez wiele godzin i musi być przewidywalne na całej powierzchni roboczej. Przy porównywaniu wariantów warto zestawić strumień świetlny, kąt świecenia oraz odporność IP65 z realnymi warunkami obiektu.</p>

<h3>Specyfikacja techniczna</h3>

<ul>
<li>- Producent: Kanlux</li>
<li>- Seria: HB PRO STRONG</li>
<li>- Model: HB PRO STRONG 150W-NW</li>
<li>- Kod producenta: 27158</li>
<li>- EAN: 5905339271587</li>
<li>- Typ produktu: High Bay przemysłowy</li>
<li>- Moc [W]: 150W</li>
<li>- Napięcie [V]: 220-240 AC</li>
<li>- Temperatura barwowa [K]: 4000K</li>
<li>- Barwa światła: Neutralna (3500-4500K)</li>
<li>- Strumień świetlny [lm]: 25500lm</li>
<li>- Stopień ochrony [IP]: IP65</li>
<li>- Klasa ochronności: IK10</li>
<li>- Kąt świecenia: 90°</li>
<li>- Kolor: czarny</li>
<li>- Materiał: stop aluminium</li>
<li>- Długość: 0.3</li>
<li>- Wysokość: 112mm</li>
<li>- Średnica: 299mm</li>
<li>- Gwarancja: 5 lat</li>
</ul>";"{""Producent"":""Kanlux"",""EAN (GTIN)"":""5905339271587"",""Kod producenta"":""27158"",""Typ produktu"":""High Bay przemysłowy"",""Seria"":""HB PRO STRONG"",""Model"":""HB PRO STRONG 150W-NW"",""Moc [W]"":""150W"",""Napięcie [V]"":""220-240 AC"",""Temperatura barwowa [K]"":""4000K"",""Barwa światła"":""Neutralna (3500-4500K)"",""Strumień świetlny [lm]"":""25500lm"",""Stopień ochrony [IP]"":""IP65"",""Klasa ochronności"":""IK10"",""Kąt świecenia"":""90°"",""Kolor"":""czarny"",""Materiał"":""stop aluminium"",""Długość"":""0.3"",""Wysokość"":""112mm"",""Średnica"":""299mm"",""Gwarancja"":""5 lat""}";https://www.kanlux.com/storage/products/main/big/27158.jpg
;Oprawa High Bay LED HB PRO STRONG 200W 17000-34000lm 4000K IP65 szary Kanlux 27159;27159/KAN;5905339271594;Kanlux;"<p>Oprawa High Bay LED HB PRO STRONG 200W 17000-34000lm 4000K IP65 szary to produkt marki Kanlux przeznaczony do hal produkcyjnych, magazynów, warsztatów, centrów logistycznych i innych wysokich pomieszczeń technicznych. Moc 200W i strumień 17000-34000lm są dobrane do pracy z większej wysokości, a kąt 90° pomaga prowadzić światło na stanowiska, regały i ciągi komunikacyjne. Barwa 4000K poprawia czytelność detali, a stopień ochrony IP65 ułatwia pracę w wymagającym otoczeniu.</p>

<h2>Oprawa High Bay LED HB PRO STRONG 200W 17000-34000lm 4000K IP65 szary - czym wyróżnia się ten produkt?</h2>

<ul>
  <li>- Oprawa High Bay LED HB PRO STRONG 200W 17000-34000lm 4000K IP65 szary daje mocne światło robocze do wysokich pomieszczeń.</li>
  <li>- Strumień 17000-34000lm i kąt 90° pomagają doświetlić stanowiska pracy oraz alejki magazynowe.</li>
  <li>- Stopień ochrony IP65 i obudowa z materiału stop aluminium sprawdzają się w wymagającym otoczeniu.</li>
  <li>- Barwa 4000K zapewnia czytelne światło do kontroli detali i codziennej pracy.</li>
</ul>

<p>W oświetleniu halowym duże znaczenie ma wysokość montażu, rozstaw opraw i kierunek świecenia. Seria HB PRO STRONG jest przeznaczona do przestrzeni, w których światło pracuje przez wiele godzin i musi być przewidywalne na całej powierzchni roboczej. Przy porównywaniu wariantów warto zestawić strumień świetlny, kąt świecenia oraz odporność IP65 z realnymi warunkami obiektu.</p>

<h3>Specyfikacja techniczna</h3>

<ul>
<li>- Producent: Kanlux</li>
<li>- Seria: HB PRO STRONG</li>
<li>- Model: HB PRO STRONG 200W-NW</li>
<li>- Kod producenta: 27159</li>
<li>- EAN: 5905339271594</li>
<li>- Typ produktu: High Bay przemysłowy</li>
<li>- Moc [W]: 200W</li>
<li>- Napięcie [V]: 220-240 AC</li>
<li>- Temperatura barwowa [K]: 4000K</li>
<li>- Barwa światła: Neutralna (3500-4500K)</li>
<li>- Strumień świetlny [lm]: 17000-34000lm</li>
<li>- Stopień ochrony [IP]: IP65</li>
<li>- Klasa ochronności: IK08</li>
<li>- Kąt świecenia: 90°</li>
<li>- Kolor: szary</li>
<li>- Materiał: stop aluminium</li>
<li>- Długość: 0.3</li>
<li>- Wysokość: 115mm</li>
<li>- Średnica: 336mm</li>
<li>- Gwarancja: 5 lat</li>
</ul>";"{""Producent"":""Kanlux"",""EAN (GTIN)"":""5905339271594"",""Kod producenta"":""27159"",""Typ produktu"":""High Bay przemysłowy"",""Seria"":""HB PRO STRONG"",""Model"":""HB PRO STRONG 200W-NW"",""Moc [W]"":""200W"",""Napięcie [V]"":""220-240 AC"",""Temperatura barwowa [K]"":""4000K"",""Barwa światła"":""Neutralna (3500-4500K)"",""Strumień świetlny [lm]"":""17000-34000lm"",""Stopień ochrony [IP]"":""IP65"",""Klasa ochronności"":""IK08"",""Kąt świecenia"":""90°"",""Kolor"":""szary"",""Materiał"":""stop aluminium"",""Długość"":""0.3"",""Wysokość"":""115mm"",""Średnica"":""336mm"",""Gwarancja"":""5 lat""}";https://www.kanlux.com/storage/products/main/big/27159.jpg
;Oprawa High Bay LED HB UFO LED 100W 10000lm 4000K IP65 czarny Kanlux 31405;31405/KAN;8595665314057;Kanlux;;"{""Producent"":""Kanlux"",""EAN (GTIN)"":""8595665314057"",""Kod producenta"":""31405"",""Typ produktu"":""High Bay UFO"",""Seria"":""HB UFO LED"",""Model"":""HB UFO LED 100W-NW"",""Moc [W]"":""100W"",""Napięcie [V]"":""MLS"",""Temperatura barwowa [K]"":""4000K"",""Barwa światła"":""Neutralna (3500-4500K)"",""Strumień świetlny [lm]"":""10000lm"",""Stopień ochrony [IP]"":""IP65"",""Klasa ochronności"":""IK05"",""Kąt świecenia"":""110°"",""Kolor"":""czarny"",""Materiał"":""stop aluminium"",""Długość"":""0.42"",""Wysokość"":""38mm"",""Średnica"":""254mm""}";https://www.kanlux.com/storage/products/main/big/31405.jpg
;Oprawa High Bay LED HB UFO LED 150W 15000lm 4000K IP65 czarny Kanlux 31406;31406/KAN;8595665314064;Kanlux;"<p>Oprawa High Bay LED HB UFO LED 150W 15000lm 4000K IP65 czarny to produkt marki Kanlux przeznaczony do hal produkcyjnych, magazynów, warsztatów, centrów logistycznych i innych wysokich pomieszczeń technicznych. Moc 150W i strumień 15000lm są dobrane do pracy z większej wysokości, a kąt 110° pomaga prowadzić światło na stanowiska, regały i ciągi komunikacyjne. Barwa 4000K poprawia czytelność detali, a stopień ochrony IP65 ułatwia pracę w wymagającym otoczeniu.</p>

<h2>Oprawa High Bay LED HB UFO LED 150W 15000lm 4000K IP65 czarny - czym wyróżnia się ten produkt?</h2>

<ul>
  <li>- Oprawa High Bay LED HB UFO LED 150W 15000lm 4000K IP65 czarny daje mocne światło robocze do wysokich pomieszczeń.</li>
  <li>- Strumień 15000lm i kąt 110° pomagają doświetlić stanowiska pracy oraz alejki magazynowe.</li>
  <li>- Stopień ochrony IP65 i obudowa z materiału stop aluminium sprawdzają się w wymagającym otoczeniu.</li>
  <li>- Barwa 4000K zapewnia czytelne światło do kontroli detali i codziennej pracy.</li>
</ul>

<p>W oświetleniu halowym duże znaczenie ma wysokość montażu, rozstaw opraw i kierunek świecenia. Seria HB UFO LED jest przeznaczona do przestrzeni, w których światło pracuje przez wiele godzin i musi być przewidywalne na całej powierzchni roboczej. Przy porównywaniu wariantów warto zestawić strumień świetlny, kąt świecenia oraz odporność IP65 z realnymi warunkami obiektu.</p>

<h3>Specyfikacja techniczna</h3>

<ul>
<li>- Producent: Kanlux</li>
<li>- Seria: HB UFO LED</li>
<li>- Model: HB UFO LED 150W-NW</li>
<li>- Kod producenta: 31406</li>
<li>- EAN: 8595665314064</li>
<li>- Typ produktu: High Bay UFO</li>
<li>- Moc [W]: 150W</li>
<li>- Temperatura barwowa [K]: 4000K</li>
<li>- Barwa światła: Neutralna (3500-4500K)</li>
<li>- Strumień świetlny [lm]: 15000lm</li>
<li>- Stopień ochrony [IP]: IP65</li>
<li>- Klasa ochronności: IK05</li>
<li>- Kąt świecenia: 110°</li>
<li>- Kolor: czarny</li>
<li>- Materiał: stop aluminium</li>
<li>- Długość: 0.42</li>
<li>- Wysokość: 39mm</li>
<li>- Średnica: 300mm</li>
</ul>";"{""Producent"":""Kanlux"",""EAN (GTIN)"":""8595665314064"",""Kod producenta"":""31406"",""Typ produktu"":""High Bay UFO"",""Seria"":""HB UFO LED"",""Model"":""HB UFO LED 150W-NW"",""Moc [W]"":""150W"",""Napięcie [V]"":""MLS"",""Temperatura barwowa [K]"":""4000K"",""Barwa światła"":""Neutralna (3500-4500K)"",""Strumień świetlny [lm]"":""15000lm"",""Stopień ochrony [IP]"":""IP65"",""Klasa ochronności"":""IK05"",""Kąt świecenia"":""110°"",""Kolor"":""czarny"",""Materiał"":""stop aluminium"",""Długość"":""0.42"",""Wysokość"":""39mm"",""Średnica"":""300mm""}";https://www.kanlux.com/storage/products/main/big/31406.jpg
;Oprawa High Bay LED HB UFO LED 200W 20000lm 4000K IP65 czarny Kanlux 31407;31407/KAN;8595665314071;Kanlux;"<p>Oprawa High Bay LED HB UFO LED 200W 20000lm 4000K IP65 czarny to produkt marki Kanlux przeznaczony do hal produkcyjnych, magazynów, warsztatów, centrów logistycznych i innych wysokich pomieszczeń technicznych. Moc 200W i strumień 20000lm są dobrane do pracy z większej wysokości, a kąt 110° pomaga prowadzić światło na stanowiska, regały i ciągi komunikacyjne. Barwa 4000K poprawia czytelność detali, a stopień ochrony IP65 ułatwia pracę w wymagającym otoczeniu.</p>

<h2>Oprawa High Bay LED HB UFO LED 200W 20000lm 4000K IP65 czarny - czym wyróżnia się ten produkt?</h2>

<ul>
  <li>- Oprawa High Bay LED HB UFO LED 200W 20000lm 4000K IP65 czarny daje mocne światło robocze do wysokich pomieszczeń.</li>
  <li>- Strumień 20000lm i kąt 110° pomagają doświetlić stanowiska pracy oraz alejki magazynowe.</li>
  <li>- Stopień ochrony IP65 i obudowa z materiału stop aluminium sprawdzają się w wymagającym otoczeniu.</li>
  <li>- Barwa 4000K zapewnia czytelne światło do kontroli detali i codziennej pracy.</li>
</ul>

<p>W oświetleniu halowym duże znaczenie ma wysokość montażu, rozstaw opraw i kierunek świecenia. Seria HB UFO LED jest przeznaczona do przestrzeni, w których światło pracuje przez wiele godzin i musi być przewidywalne na całej powierzchni roboczej. Przy porównywaniu wariantów warto zestawić strumień świetlny, kąt świecenia oraz odporność IP65 z realnymi warunkami obiektu.</p>

<h3>Specyfikacja techniczna</h3>

<ul>
<li>- Producent: Kanlux</li>
<li>- Seria: HB UFO LED</li>
<li>- Model: HB UFO LED 200W-NW</li>
<li>- Kod producenta: 31407</li>
<li>- EAN: 8595665314071</li>
<li>- Typ produktu: High Bay UFO</li>
<li>- Moc [W]: 200W</li>
<li>- Temperatura barwowa [K]: 4000K</li>
<li>- Barwa światła: Neutralna (3500-4500K)</li>
<li>- Strumień świetlny [lm]: 20000lm</li>
<li>- Stopień ochrony [IP]: IP65</li>
<li>- Klasa ochronności: IK05</li>
<li>- Kąt świecenia: 110°</li>
<li>- Kolor: czarny</li>
<li>- Materiał: stop aluminium</li>
<li>- Długość: 0.42</li>
<li>- Wysokość: 41mm</li>
<li>- Średnica: 330mm</li>
</ul>";"{""Producent"":""Kanlux"",""EAN (GTIN)"":""8595665314071"",""Kod producenta"":""31407"",""Typ produktu"":""High Bay UFO"",""Seria"":""HB UFO LED"",""Model"":""HB UFO LED 200W-NW"",""Moc [W]"":""200W"",""Napięcie [V]"":""MLS"",""Temperatura barwowa [K]"":""4000K"",""Barwa światła"":""Neutralna (3500-4500K)"",""Strumień świetlny [lm]"":""20000lm"",""Stopień ochrony [IP]"":""IP65"",""Klasa ochronności"":""IK05"",""Kąt świecenia"":""110°"",""Kolor"":""czarny"",""Materiał"":""stop aluminium"",""Długość"":""0.42"",""Wysokość"":""41mm"",""Średnica"":""330mm""}";https://www.kanlux.com/storage/products/main/big/31407.jpg
;Oprawa hermetyczna LED MAH LED HI 60cm 19W 2400lm 126lm/W 4000K IP65 biały Kanlux 22606;22606/KAN;5905339226068;Kanlux;;"{""Producent"":""Kanlux"",""EAN (GTIN)"":""5905339226068"",""Kod producenta"":""22606"",""Typ produktu"":""oprawa hermetyczna LED"",""Seria"":""MAH LED HI"",""Model"":""MAH LED HI 19W-NW RYF"",""Moc [W]"":""19W"",""Napięcie [V]"":""220-240 AC"",""Temperatura barwowa [K]"":""4000K"",""Barwa światła"":""Neutralna (3500-4500K)"",""Strumień świetlny [lm]"":""2400lm"",""Stopień ochrony [IP]"":""IP65"",""Klasa ochronności"":""IK08"",""Kąt świecenia"":""110°"",""Kolor"":""biały"",""Materiał"":""PC"",""Wymiary"":""60cm x 80cm"",""Długość"":""60cm"",""Szerokość"":""80cm"",""Wysokość"":""70mm"",""Gwarancja"":""5 lat""}";https://www.kanlux.com/storage/products/main/big/22606.jpg
;Oprawa hermetyczna LED MAH LED HI 120cm 26W 3900lm 150lm/W 4000K IP65 biały Kanlux 22609;22609/KAN;5905339226099;Kanlux;;"{""Producent"":""Kanlux"",""EAN (GTIN)"":""5905339226099"",""Kod producenta"":""22609"",""Typ produktu"":""oprawa hermetyczna LED"",""Seria"":""MAH LED HI"",""Model"":""MAH LED HI 26W-NW RYF"",""Moc [W]"":""26W"",""Napięcie [V]"":""220-240 AC"",""Temperatura barwowa [K]"":""4000K"",""Barwa światła"":""Neutralna (3500-4500K)"",""Strumień świetlny [lm]"":""3900lm"",""Stopień ochrony [IP]"":""IP65"",""Klasa ochronności"":""IK08"",""Kąt świecenia"":""110°"",""Kolor"":""biały"",""Materiał"":""PC"",""Wymiary"":""120cm x 80cm"",""Długość"":""120cm"",""Szerokość"":""80cm"",""Wysokość"":""70mm"",""Gwarancja"":""5 lat""}";https://www.kanlux.com/storage/products/main/big/22609.jpg
;Oprawa hermetyczna LED MAH LED HI 120cm 38W 5000lm 132lm/W 4000K IP65 biały Kanlux 22607;22607/KAN;5905339226075;Kanlux;"<p>Oprawa hermetyczna LED MAH LED HI 120cm 38W 5000lm 132lm/W 4000K IP65 biały to produkt marki Kanlux przeznaczony do garaży, zapleczy, piwnic, warsztatów, korytarzy technicznych i miejsc narażonych na kurz lub wilgoć. Moc 38W i strumień 5000lm pomagają dobrać ilość światła do garażu, warsztatu, zaplecza lub korytarza technicznego. Stopień ochrony IP65 chroni oprawę w miejscach narażonych na kurz i wilgoć, a długość 120cm ułatwia planowanie rozmieszczenia punktów.</p>

<h2>Oprawa hermetyczna LED MAH LED HI 120cm 38W 5000lm 132lm/W 4000K IP65 biały - czym wyróżnia się ten produkt?</h2>

<ul>
  <li>- Oprawa hermetyczna LED MAH LED HI 120cm 38W 5000lm 132lm/W 4000K IP65 biały zapewnia stabilne oświetlenie robocze w pomieszczeniach technicznych i gospodarczych.</li>
  <li>- Parametry 38W i 5000lm pomagają dobrać oprawę do wielkości pomieszczenia.</li>
  <li>- Stopień ochrony IP65 ogranicza wpływ kurzu i wilgoci na codzienne użytkowanie.</li>
  <li>- Konstrukcja z materiału PC oraz wymiary 120cm x 80cm ułatwiają zaplanowanie montażu.</li>
</ul>

<p>W oprawach technicznych liczy się nie tylko jasność, ale też odporność obudowy i łatwe utrzymanie czystości. Seria MAH LED HI będzie dobrym wyborem do miejsc, w których oprawa ma działać regularnie i bez skomplikowanej obsługi. Przed montażem warto porównać długość, sposób zasilania i stopień ochrony IP65 z warunkami konkretnego pomieszczenia.</p>

<h3>Specyfikacja techniczna</h3>

<ul>
<li>- Producent: Kanlux</li>
<li>- Seria: MAH LED HI</li>
<li>- Model: MAH LED HI 38W-NW RYF</li>
<li>- Kod producenta: 22607</li>
<li>- EAN: 5905339226075</li>
<li>- Typ produktu: oprawa hermetyczna LED</li>
<li>- Moc [W]: 38W</li>
<li>- Napięcie [V]: 220-240 AC</li>
<li>- Temperatura barwowa [K]: 4000K</li>
<li>- Barwa światła: Neutralna (3500-4500K)</li>
<li>- Strumień świetlny [lm]: 5000lm</li>
<li>- Stopień ochrony [IP]: IP65</li>
<li>- Klasa ochronności: IK08</li>
<li>- Kąt świecenia: 110°</li>
<li>- Kolor: biały</li>
<li>- Materiał: PC</li>
<li>- Wymiary: 120cm x 80cm</li>
<li>- Długość: 120cm</li>
<li>- Szerokość: 80cm</li>
<li>- Wysokość: 70mm</li>
<li>- Gwarancja: 5 lat</li>
</ul>";"{""Producent"":""Kanlux"",""EAN (GTIN)"":""5905339226075"",""Kod producenta"":""22607"",""Typ produktu"":""oprawa hermetyczna LED"",""Seria"":""MAH LED HI"",""Model"":""MAH LED HI 38W-NW RYF"",""Moc [W]"":""38W"",""Napięcie [V]"":""220-240 AC"",""Temperatura barwowa [K]"":""4000K"",""Barwa światła"":""Neutralna (3500-4500K)"",""Strumień świetlny [lm]"":""5000lm"",""Stopień ochrony [IP]"":""IP65"",""Klasa ochronności"":""IK08"",""Kąt świecenia"":""110°"",""Kolor"":""biały"",""Materiał"":""PC"",""Wymiary"":""120cm x 80cm"",""Długość"":""120cm"",""Szerokość"":""80cm"",""Wysokość"":""70mm"",""Gwarancja"":""5 lat""}";https://www.kanlux.com/storage/products/main/big/22607.jpg
;Oprawa hermetyczna LED MAH LED HI 150cm 48W 6400lm 133lm/W 4000K IP65 biały Kanlux 22608;22608/KAN;5905339226082;Kanlux;"<p>Oprawa hermetyczna LED MAH LED HI 150cm 48W 6400lm 133lm/W 4000K IP65 biały to produkt marki Kanlux przeznaczony do garaży, zapleczy, piwnic, warsztatów, korytarzy technicznych i miejsc narażonych na kurz lub wilgoć. Moc 48W i strumień 6400lm pomagają dobrać ilość światła do garażu, warsztatu, zaplecza lub korytarza technicznego. Stopień ochrony IP65 chroni oprawę w miejscach narażonych na kurz i wilgoć, a długość 150cm ułatwia planowanie rozmieszczenia punktów.</p>

<h2>Oprawa hermetyczna LED MAH LED HI 150cm 48W 6400lm 133lm/W 4000K IP65 biały - czym wyróżnia się ten produkt?</h2>

<ul>
  <li>- Oprawa hermetyczna LED MAH LED HI 150cm 48W 6400lm 133lm/W 4000K IP65 biały zapewnia stabilne oświetlenie robocze w pomieszczeniach technicznych i gospodarczych.</li>
  <li>- Parametry 48W i 6400lm pomagają dobrać oprawę do wielkości pomieszczenia.</li>
  <li>- Stopień ochrony IP65 ogranicza wpływ kurzu i wilgoci na codzienne użytkowanie.</li>
  <li>- Konstrukcja z materiału PC oraz wymiary 150cm x 80cm ułatwiają zaplanowanie montażu.</li>
</ul>

<p>W oprawach technicznych liczy się nie tylko jasność, ale też odporność obudowy i łatwe utrzymanie czystości. Seria MAH LED HI będzie dobrym wyborem do miejsc, w których oprawa ma działać regularnie i bez skomplikowanej obsługi. Przed montażem warto porównać długość, sposób zasilania i stopień ochrony IP65 z warunkami konkretnego pomieszczenia.</p>

<h3>Specyfikacja techniczna</h3>

<ul>
<li>- Producent: Kanlux</li>
<li>- Seria: MAH LED HI</li>
<li>- Model: MAH LED HI 48W-NW RYF</li>
<li>- Kod producenta: 22608</li>
<li>- EAN: 5905339226082</li>
<li>- Typ produktu: oprawa hermetyczna LED</li>
<li>- Moc [W]: 48W</li>
<li>- Napięcie [V]: 220-240 AC</li>
<li>- Temperatura barwowa [K]: 4000K</li>
<li>- Barwa światła: Neutralna (3500-4500K)</li>
<li>- Strumień świetlny [lm]: 6400lm</li>
<li>- Stopień ochrony [IP]: IP65</li>
<li>- Klasa ochronności: IK08</li>
<li>- Kąt świecenia: 110°</li>
<li>- Kolor: biały</li>
<li>- Materiał: PC</li>
<li>- Wymiary: 150cm x 80cm</li>
<li>- Długość: 150cm</li>
<li>- Szerokość: 80cm</li>
<li>- Wysokość: 70mm</li>
<li>- Gwarancja: 5 lat</li>
</ul>";"{""Producent"":""Kanlux"",""EAN (GTIN)"":""5905339226082"",""Kod producenta"":""22608"",""Typ produktu"":""oprawa hermetyczna LED"",""Seria"":""MAH LED HI"",""Model"":""MAH LED HI 48W-NW RYF"",""Moc [W]"":""48W"",""Napięcie [V]"":""220-240 AC"",""Temperatura barwowa [K]"":""4000K"",""Barwa światła"":""Neutralna (3500-4500K)"",""Strumień świetlny [lm]"":""6400lm"",""Stopień ochrony [IP]"":""IP65"",""Klasa ochronności"":""IK08"",""Kąt świecenia"":""110°"",""Kolor"":""biały"",""Materiał"":""PC"",""Wymiary"":""150cm x 80cm"",""Długość"":""150cm"",""Szerokość"":""80cm"",""Wysokość"":""70mm"",""Gwarancja"":""5 lat""}";https://www.kanlux.com/storage/products/main/big/22608.jpg
;Oprawa hermetyczna LED TP STRONG LED 1250mm 37W 6000lm 135lm/W 4000K IP65 biały Kanlux 33168;33168/KAN;5905339331687;Kanlux;;"{""Producent"":""Kanlux"",""EAN (GTIN)"":""5905339331687"",""Kod producenta"":""33168"",""Typ produktu"":""oprawa hermetyczna LED dużej mocy"",""Seria"":""TP STRONG LED"",""Model"":""TP STRONG LED 37W-NW"",""Moc [W]"":""37W"",""Napięcie [V]"":""220-240 AC"",""Temperatura barwowa [K]"":""4000K"",""Barwa światła"":""Neutralna (3500-4500K)"",""Strumień świetlny [lm]"":""6000lm"",""Stopień ochrony [IP]"":""IP65"",""Klasa ochronności"":""IK08"",""Kąt świecenia"":""125°"",""Kolor"":""biały"",""Materiał"":""PC"",""Wymiary"":""1250x67mm"",""Długość"":""1250mm"",""Szerokość"":""67mm"",""Wysokość"":""60mm"",""Gwarancja"":""5 lat""}";https://www.kanlux.com/storage/products/main/big/33168.jpg
;Oprawa hermetyczna LED TP STRONG LED 120cm 48W 6500lm 135lm/W 4000K IP65 biały Kanlux 33170;33170/KAN;5905339331700;Kanlux;;"{""Producent"":""Kanlux"",""EAN (GTIN)"":""5905339331700"",""Kod producenta"":""33170"",""Typ produktu"":""oprawa hermetyczna LED dużej mocy"",""Seria"":""TP STRONG LED"",""Model"":""TP STRONG LED 48W-NW"",""Moc [W]"":""48W"",""Napięcie [V]"":""220-240 AC"",""Temperatura barwowa [K]"":""4000K"",""Barwa światła"":""Neutralna (3500-4500K)"",""Strumień świetlny [lm]"":""6500lm"",""Stopień ochrony [IP]"":""IP65"",""Klasa ochronności"":""IK08"",""Kąt świecenia"":""125°"",""Kolor"":""biały"",""Materiał"":""PC"",""Wymiary"":""120cm x 7cm"",""Długość"":""120cm"",""Szerokość"":""7cm"",""Wysokość"":""63mm"",""Gwarancja"":""5 lat""}";https://www.kanlux.com/storage/products/main/big/33170.jpg
;Oprawa hermetyczna LED TP STRONG LED 150cm 75W 10000lm 133lm/W 4000K IP65 biały Kanlux 33171;33171/KAN;5905339331717;Kanlux;"<p>Oprawa hermetyczna LED TP STRONG LED 150cm 75W 10000lm 133lm/W 4000K IP65 biały to produkt marki Kanlux przeznaczony do garaży, zapleczy, piwnic, warsztatów, korytarzy technicznych i miejsc narażonych na kurz lub wilgoć. Moc 75W i strumień 10000lm pomagają dobrać ilość światła do garażu, warsztatu, zaplecza lub korytarza technicznego. Stopień ochrony IP65 chroni oprawę w miejscach narażonych na kurz i wilgoć, a długość 150cm ułatwia planowanie rozmieszczenia punktów.</p>

<h2>Oprawa hermetyczna LED TP STRONG LED 150cm 75W 10000lm 133lm/W 4000K IP65 biały - czym wyróżnia się ten produkt?</h2>

<ul>
  <li>- Oprawa hermetyczna LED TP STRONG LED 150cm 75W 10000lm 133lm/W 4000K IP65 biały zapewnia stabilne oświetlenie robocze w pomieszczeniach technicznych i gospodarczych.</li>
  <li>- Parametry 75W i 10000lm pomagają dobrać oprawę do wielkości pomieszczenia.</li>
  <li>- Stopień ochrony IP65 ogranicza wpływ kurzu i wilgoci na codzienne użytkowanie.</li>
  <li>- Konstrukcja z materiału PC oraz wymiary 150cm x 7cm ułatwiają zaplanowanie montażu.</li>
</ul>

<p>W oprawach technicznych liczy się nie tylko jasność, ale też odporność obudowy i łatwe utrzymanie czystości. Seria TP STRONG LED będzie dobrym wyborem do miejsc, w których oprawa ma działać regularnie i bez skomplikowanej obsługi. Przed montażem warto porównać długość, sposób zasilania i stopień ochrony IP65 z warunkami konkretnego pomieszczenia.</p>

<h3>Specyfikacja techniczna</h3>

<ul>
<li>- Producent: Kanlux</li>
<li>- Seria: TP STRONG LED</li>
<li>- Model: TP STRONG LED 75W-NW</li>
<li>- Kod producenta: 33171</li>
<li>- EAN: 5905339331717</li>
<li>- Typ produktu: oprawa hermetyczna LED dużej mocy</li>
<li>- Moc [W]: 75W</li>
<li>- Napięcie [V]: 220-240 AC</li>
<li>- Temperatura barwowa [K]: 4000K</li>
<li>- Barwa światła: Neutralna (3500-4500K)</li>
<li>- Strumień świetlny [lm]: 10000lm</li>
<li>- Stopień ochrony [IP]: IP65</li>
<li>- Klasa ochronności: IK08</li>
<li>- Kąt świecenia: 125°</li>
<li>- Kolor: biały</li>
<li>- Materiał: PC</li>
<li>- Wymiary: 150cm x 7cm</li>
<li>- Długość: 150cm</li>
<li>- Szerokość: 7cm</li>
<li>- Wysokość: 63mm</li>
<li>- Gwarancja: 5 lat</li>
</ul>";"{""Producent"":""Kanlux"",""EAN (GTIN)"":""5905339331717"",""Kod producenta"":""33171"",""Typ produktu"":""oprawa hermetyczna LED dużej mocy"",""Seria"":""TP STRONG LED"",""Model"":""TP STRONG LED 75W-NW"",""Moc [W]"":""75W"",""Napięcie [V]"":""220-240 AC"",""Temperatura barwowa [K]"":""4000K"",""Barwa światła"":""Neutralna (3500-4500K)"",""Strumień świetlny [lm]"":""10000lm"",""Stopień ochrony [IP]"":""IP65"",""Klasa ochronności"":""IK08"",""Kąt świecenia"":""125°"",""Kolor"":""biały"",""Materiał"":""PC"",""Wymiary"":""150cm x 7cm"",""Długość"":""150cm"",""Szerokość"":""7cm"",""Wysokość"":""63mm"",""Gwarancja"":""5 lat""}";https://www.kanlux.com/storage/products/main/big/33171.jpg
;Oprawa hermetyczna LED TP STRONG LED 150cm 90W 12000lm 133lm/W 4000K IP65 biały Kanlux 33172;33172/KAN;5905339331724;Kanlux;"<p>Oprawa hermetyczna LED TP STRONG LED 150cm 90W 12000lm 133lm/W 4000K IP65 biały to produkt marki Kanlux przeznaczony do garaży, zapleczy, piwnic, warsztatów, korytarzy technicznych i miejsc narażonych na kurz lub wilgoć. Moc 90W i strumień 12000lm pomagają dobrać ilość światła do garażu, warsztatu, zaplecza lub korytarza technicznego. Stopień ochrony IP65 chroni oprawę w miejscach narażonych na kurz i wilgoć, a długość 150cm ułatwia planowanie rozmieszczenia punktów.</p>

<h2>Oprawa hermetyczna LED TP STRONG LED 150cm 90W 12000lm 133lm/W 4000K IP65 biały - czym wyróżnia się ten produkt?</h2>

<ul>
  <li>- Oprawa hermetyczna LED TP STRONG LED 150cm 90W 12000lm 133lm/W 4000K IP65 biały zapewnia stabilne oświetlenie robocze w pomieszczeniach technicznych i gospodarczych.</li>
  <li>- Parametry 90W i 12000lm pomagają dobrać oprawę do wielkości pomieszczenia.</li>
  <li>- Stopień ochrony IP65 ogranicza wpływ kurzu i wilgoci na codzienne użytkowanie.</li>
  <li>- Konstrukcja z materiału PC oraz wymiary 150cm x 7cm ułatwiają zaplanowanie montażu.</li>
</ul>

<p>W oprawach technicznych liczy się nie tylko jasność, ale też odporność obudowy i łatwe utrzymanie czystości. Seria TP STRONG LED będzie dobrym wyborem do miejsc, w których oprawa ma działać regularnie i bez skomplikowanej obsługi. Przed montażem warto porównać długość, sposób zasilania i stopień ochrony IP65 z warunkami konkretnego pomieszczenia.</p>

<h3>Specyfikacja techniczna</h3>

<ul>
<li>- Producent: Kanlux</li>
<li>- Seria: TP STRONG LED</li>
<li>- Model: TP STRONG LED 90W-NW</li>
<li>- Kod producenta: 33172</li>
<li>- EAN: 5905339331724</li>
<li>- Typ produktu: oprawa hermetyczna LED dużej mocy</li>
<li>- Moc [W]: 90W</li>
<li>- Napięcie [V]: 220-240 AC</li>
<li>- Temperatura barwowa [K]: 4000K</li>
<li>- Barwa światła: Neutralna (3500-4500K)</li>
<li>- Strumień świetlny [lm]: 12000lm</li>
<li>- Stopień ochrony [IP]: IP65</li>
<li>- Klasa ochronności: IK08</li>
<li>- Kąt świecenia: 125°</li>
<li>- Kolor: biały</li>
<li>- Materiał: PC</li>
<li>- Wymiary: 150cm x 7cm</li>
<li>- Długość: 150cm</li>
<li>- Szerokość: 7cm</li>
<li>- Wysokość: 63mm</li>
<li>- Gwarancja: 5 lat</li>
</ul>";"{""Producent"":""Kanlux"",""EAN (GTIN)"":""5905339331724"",""Kod producenta"":""33172"",""Typ produktu"":""oprawa hermetyczna LED dużej mocy"",""Seria"":""TP STRONG LED"",""Model"":""TP STRONG LED 90W-NW"",""Moc [W]"":""90W"",""Napięcie [V]"":""220-240 AC"",""Temperatura barwowa [K]"":""4000K"",""Barwa światła"":""Neutralna (3500-4500K)"",""Strumień świetlny [lm]"":""12000lm"",""Stopień ochrony [IP]"":""IP65"",""Klasa ochronności"":""IK08"",""Kąt świecenia"":""125°"",""Kolor"":""biały"",""Materiał"":""PC"",""Wymiary"":""150cm x 7cm"",""Długość"":""150cm"",""Szerokość"":""7cm"",""Wysokość"":""63mm"",""Gwarancja"":""5 lat""}";https://www.kanlux.com/storage/products/main/big/33172.jpg
;Oprawa hermetyczna LED MAH PRO 660mm 19W 2900lm 4000K IP66 szary Kanlux 46330;46330/KAN;5905339902801;Kanlux;;"{""Producent"":""Kanlux"",""EAN (GTIN)"":""5905339902801"",""Kod producenta"":""46330"",""Typ produktu"":""oprawa hermetyczna LED"",""Seria"":""MAH PRO"",""Model"":""06R-NW"",""Moc [W]"":""19W"",""Napięcie [V]"":""220-240 AC"",""Temperatura barwowa [K]"":""4000K"",""Barwa światła"":""Neutralna (3500-4500K)"",""Strumień świetlny [lm]"":""2900lm"",""Stopień ochrony [IP]"":""IP66"",""Klasa ochronności"":""IK08"",""Kąt świecenia"":""110°"",""Kolor"":""szary"",""Materiał"":""PC"",""Wymiary"":""660x75mm"",""Długość"":""660mm"",""Szerokość"":""75mm"",""Wysokość"":""77mm"",""Gwarancja"":""5 lat""}";https://www.kanlux.com/storage/products/main/big/46330.jpg
;Oprawa hermetyczna LED MAH PRO 1200mm 38W 6720lm 4000K IP65 biały Kanlux 38140;38140/KAN;5905339381408;Kanlux;"<p>Oprawa hermetyczna LED MAH PRO 1200mm 38W 6720lm 4000K IP65 biały to produkt marki Kanlux przeznaczony do garaży, zapleczy, piwnic, warsztatów, korytarzy technicznych i miejsc narażonych na kurz lub wilgoć. Moc 38W i strumień 6720lm pomagają dobrać ilość światła do garażu, warsztatu, zaplecza lub korytarza technicznego. Stopień ochrony IP65 chroni oprawę w miejscach narażonych na kurz i wilgoć, a długość 1200mm ułatwia planowanie rozmieszczenia punktów.</p>

<h2>Oprawa hermetyczna LED MAH PRO 1200mm 38W 6720lm 4000K IP65 biały - czym wyróżnia się ten produkt?</h2>

<ul>
  <li>- Oprawa hermetyczna LED MAH PRO 1200mm 38W 6720lm 4000K IP65 biały zapewnia stabilne oświetlenie robocze w pomieszczeniach technicznych i gospodarczych.</li>
  <li>- Parametry 38W i 6720lm pomagają dobrać oprawę do wielkości pomieszczenia.</li>
  <li>- Stopień ochrony IP65 ogranicza wpływ kurzu i wilgoci na codzienne użytkowanie.</li>
  <li>- Konstrukcja z materiału PC oraz wymiary 1200x75mm ułatwiają zaplanowanie montażu.</li>
</ul>

<p>W oprawach technicznych liczy się nie tylko jasność, ale też odporność obudowy i łatwe utrzymanie czystości. Seria MAH PRO będzie dobrym wyborem do miejsc, w których oprawa ma działać regularnie i bez skomplikowanej obsługi. Przed montażem warto porównać długość, sposób zasilania i stopień ochrony IP65 z warunkami konkretnego pomieszczenia.</p>

<h3>Specyfikacja techniczna</h3>

<ul>
<li>- Producent: Kanlux</li>
<li>- Seria: MAH PRO</li>
<li>- Model: 12R-NW</li>
<li>- Kod producenta: 38140</li>
<li>- EAN: 5905339381408</li>
<li>- Typ produktu: oprawa hermetyczna LED</li>
<li>- Moc [W]: 38W</li>
<li>- Napięcie [V]: 220-240 AC</li>
<li>- Temperatura barwowa [K]: 4000K</li>
<li>- Barwa światła: Neutralna (3500-4500K)</li>
<li>- Strumień świetlny [lm]: 6720lm</li>
<li>- Stopień ochrony [IP]: IP65</li>
<li>- Klasa ochronności: IK08</li>
<li>- Kąt świecenia: 110°</li>
<li>- Kolor: biały</li>
<li>- Materiał: PC</li>
<li>- Wymiary: 1200x75mm</li>
<li>- Długość: 1200mm</li>
<li>- Szerokość: 75mm</li>
<li>- Wysokość: 75mm</li>
<li>- Gwarancja: 5 lat</li>
</ul>";"{""Producent"":""Kanlux"",""EAN (GTIN)"":""5905339381408"",""Kod producenta"":""38140"",""Typ produktu"":""oprawa hermetyczna LED"",""Seria"":""MAH PRO"",""Model"":""12R-NW"",""Moc [W]"":""38W"",""Napięcie [V]"":""220-240 AC"",""Temperatura barwowa [K]"":""4000K"",""Barwa światła"":""Neutralna (3500-4500K)"",""Strumień świetlny [lm]"":""6720lm"",""Stopień ochrony [IP]"":""IP65"",""Klasa ochronności"":""IK08"",""Kąt świecenia"":""110°"",""Kolor"":""biały"",""Materiał"":""PC"",""Wymiary"":""1200x75mm"",""Długość"":""1200mm"",""Szerokość"":""75mm"",""Wysokość"":""75mm"",""Gwarancja"":""5 lat""}";https://www.kanlux.com/storage/products/main/big/38140.jpg
;Oprawa hermetyczna LED MAH PRO 1500mm 52W 9200lm 4000K IP65 biały Kanlux 38141;38141/KAN;5905339381415;Kanlux;"<p>Oprawa hermetyczna LED MAH PRO 1500mm 52W 9200lm 4000K IP65 biały to produkt marki Kanlux przeznaczony do garaży, zapleczy, piwnic, warsztatów, korytarzy technicznych i miejsc narażonych na kurz lub wilgoć. Moc 52W i strumień 9200lm pomagają dobrać ilość światła do garażu, warsztatu, zaplecza lub korytarza technicznego. Stopień ochrony IP65 chroni oprawę w miejscach narażonych na kurz i wilgoć, a długość 1500mm ułatwia planowanie rozmieszczenia punktów.</p>

<h2>Oprawa hermetyczna LED MAH PRO 1500mm 52W 9200lm 4000K IP65 biały - czym wyróżnia się ten produkt?</h2>

<ul>
  <li>- Oprawa hermetyczna LED MAH PRO 1500mm 52W 9200lm 4000K IP65 biały zapewnia stabilne oświetlenie robocze w pomieszczeniach technicznych i gospodarczych.</li>
  <li>- Parametry 52W i 9200lm pomagają dobrać oprawę do wielkości pomieszczenia.</li>
  <li>- Stopień ochrony IP65 ogranicza wpływ kurzu i wilgoci na codzienne użytkowanie.</li>
  <li>- Konstrukcja z materiału PC oraz wymiary 1500x75mm ułatwiają zaplanowanie montażu.</li>
</ul>

<p>W oprawach technicznych liczy się nie tylko jasność, ale też odporność obudowy i łatwe utrzymanie czystości. Seria MAH PRO będzie dobrym wyborem do miejsc, w których oprawa ma działać regularnie i bez skomplikowanej obsługi. Przed montażem warto porównać długość, sposób zasilania i stopień ochrony IP65 z warunkami konkretnego pomieszczenia.</p>

<h3>Specyfikacja techniczna</h3>

<ul>
<li>- Producent: Kanlux</li>
<li>- Seria: MAH PRO</li>
<li>- Model: 15R-NW</li>
<li>- Kod producenta: 38141</li>
<li>- EAN: 5905339381415</li>
<li>- Typ produktu: oprawa hermetyczna LED</li>
<li>- Moc [W]: 52W</li>
<li>- Napięcie [V]: 220-240 AC</li>
<li>- Temperatura barwowa [K]: 4000K</li>
<li>- Barwa światła: Neutralna (3500-4500K)</li>
<li>- Strumień świetlny [lm]: 9200lm</li>
<li>- Stopień ochrony [IP]: IP65</li>
<li>- Klasa ochronności: IK08</li>
<li>- Kąt świecenia: 110°</li>
<li>- Kolor: biały</li>
<li>- Materiał: PC</li>
<li>- Wymiary: 1500x75mm</li>
<li>- Długość: 1500mm</li>
<li>- Szerokość: 75mm</li>
<li>- Wysokość: 75mm</li>
<li>- Gwarancja: 5 lat</li>
</ul>";"{""Producent"":""Kanlux"",""EAN (GTIN)"":""5905339381415"",""Kod producenta"":""38141"",""Typ produktu"":""oprawa hermetyczna LED"",""Seria"":""MAH PRO"",""Model"":""15R-NW"",""Moc [W]"":""52W"",""Napięcie [V]"":""220-240 AC"",""Temperatura barwowa [K]"":""4000K"",""Barwa światła"":""Neutralna (3500-4500K)"",""Strumień świetlny [lm]"":""9200lm"",""Stopień ochrony [IP]"":""IP65"",""Klasa ochronności"":""IK08"",""Kąt świecenia"":""110°"",""Kolor"":""biały"",""Materiał"":""PC"",""Wymiary"":""1500x75mm"",""Długość"":""1500mm"",""Szerokość"":""75mm"",""Wysokość"":""75mm"",""Gwarancja"":""5 lat""}";https://www.kanlux.com/storage/products/main/big/38141.jpg
;Czujnik MAH PRO Kanlux 38149;38149/KAN;5905339381491;Kanlux;;"{""Producent"":""Kanlux"",""EAN (GTIN)"":""5905339381491"",""Kod producenta"":""38149"",""Typ produktu"":""MAH"",""Seria"":""MAH PRO"",""Model"":""MAH PRO SENSOR C"",""Napięcie [V]"":""220-240 AC"",""Czujnik ruchu"":""z czujnikiem ruchu""}";https://www.kanlux.com/storage/products/main/big/38149.jpg
;Zasilacz BLINGO DRVM ON-OFF 24W Kanlux 37262;37262/KAN;5905339372628;Kanlux;;"{""Producent"":""Kanlux"",""EAN (GTIN)"":""5905339372628"",""Kod producenta"":""37262"",""Typ produktu"":""Zasilacz"",""Seria"":""BLINGO"",""Model"":""BLINGO DRVM24W ON-OFF"",""Moc [W]"":""24W"",""Napięcie [V]"":""220-240 AC"",""Stopień ochrony [IP]"":""IP20"",""Kolor"":""biały"",""Materiał"":""tworzywo sztuczne"",""Wymiary"":""118x42mm"",""Długość"":""118mm"",""Szerokość"":""42mm"",""Wysokość"":""28mm"",""Sterowanie"":""DRVM ON-OFF""}";https://www.kanlux.com/storage/products/main/big/37262.jpg
;Panel LED podtynkowy BLINGO kwadratowa 595x595mm 24W 4320lm 4000K neutralna IP20 biała Kanlux 37178;37178/KAN;5905339371782;Kanlux;;"{""Producent"":""Kanlux"",""EAN (GTIN)"":""5905339371782"",""Kod producenta"":""37178"",""Typ produktu"":""panel LED"",""Seria"":""BLINGO"",""Model"":""60NW"",""Moc [W]"":""24W"",""Napięcie [V]"":""220-240 AC"",""Temperatura barwowa [K]"":""4000K"",""Barwa światła"":""Neutralna (3500-4500K)"",""Strumień świetlny [lm]"":""4320lm"",""Stopień ochrony [IP]"":""IP20"",""Kąt świecenia"":""115°"",""Kolor"":""biały"",""Materiał"":""1"",""Kształt"":""kwadratowa"",""Wymiary"":""595x595mm"",""Długość"":""595mm"",""Szerokość"":""595mm"",""Wysokość"":""25mm"",""Gwarancja"":""5 lat""}";https://www.kanlux.com/storage/products/main/big/37178.jpg
;Zasilacz do paneli BLINGO DRV ON-OFF 32W Kanlux 37269;37269/KAN;5905339372697;Kanlux;;"{""Producent"":""Kanlux"",""EAN (GTIN)"":""5905339372697"",""Kod producenta"":""37269"",""Typ produktu"":""Zasilacz"",""Seria"":""BLINGO"",""Model"":""850mA"",""Moc [W]"":""32W"",""Napięcie [V]"":""220-240 AC"",""Stopień ochrony [IP]"":""IP20"",""Kolor"":""biały"",""Materiał"":""tworzywo sztuczne"",""Wymiary"":""116x41mm"",""Długość"":""116mm"",""Szerokość"":""41mm"",""Wysokość"":""28mm"",""Gwarancja"":""5 lat"",""Sterowanie"":""DRV ON-OFF"",""Pasuje do"":""do paneli""}";https://www.kanlux.com/storage/products/main/big/37269.jpg
;Panel LED podtynkowy BLINGO kwadratowa 595x595mm 34W 3740lm 3000K ciepłobiała IP20 biała Kanlux 37170;37170/KAN;5905339371706;Kanlux;;"{""Producent"":""Kanlux"",""EAN (GTIN)"":""5905339371706"",""Kod producenta"":""37170"",""Typ produktu"":""panel LED"",""Seria"":""BLINGO"",""Model"":""60WW"",""Moc [W]"":""34W"",""Napięcie [V]"":""220-240 AC"",""Temperatura barwowa [K]"":""3000K"",""Barwa światła"":""Ciepła (≤3000K)"",""Strumień świetlny [lm]"":""3740lm"",""Stopień ochrony [IP]"":""IP20"",""Kąt świecenia"":""115°"",""Kolor"":""biały"",""Materiał"":""1"",""Kształt"":""kwadratowa"",""Wymiary"":""595x595mm"",""Długość"":""595mm"",""Szerokość"":""595mm"",""Wysokość"":""25mm"",""Gwarancja"":""5 lat""}";https://www.kanlux.com/storage/products/main/big/37170.jpg
;Panel LED podtynkowy BLINGO prostokątna 1195x295mm 34W 4080lm 4000K neutralna IP20 biała Kanlux 37174;37174/KAN;5905339371744;Kanlux;"<p>Panel LED podtynkowy BLINGO prostokątna 1195x295mm 34W 4080lm 4000K neutralna IP20 biała to produkt marki Kanlux przeznaczony do biur, recepcji, sal sprzedaży, gabinetów, szkół i innych wnętrz wymagających równego, spokojnego światła. Moc 34W i strumień 4080lm dają równomierne światło do codziennej pracy, a barwa 4000K dobrze pasuje do biur, sal sprzedaży i pomieszczeń usługowych. Format 1195x295mm warto porównać z układem sufitu przed montażem.</p>

<h2>Panel LED podtynkowy BLINGO prostokątna 1195x295mm 34W 4080lm 4000K neutralna IP20 biała - czym wyróżnia się ten produkt?</h2>

<ul>
  <li>- Panel LED podtynkowy BLINGO prostokątna 1195x295mm 34W 4080lm 4000K neutralna IP20 biała daje szerokie, równomierne światło bez mocno punktowego efektu.</li>
  <li>- Moc 34W i strumień 4080lm pomagają dobrać jasność do funkcji pomieszczenia.</li>
  <li>- Barwa 4000K dobrze pasuje do pracy biurowej, obsługi klienta i nauki.</li>
  <li>- Format 1195x295mm ułatwia dopasowanie do typowych sufitów modułowych lub planowanego układu opraw.</li>
</ul>

<p>Panel LED najlepiej sprawdza się tam, gdzie potrzebne jest spokojne światło na większej powierzchni. Seria BLINGO może zastąpić starsze oprawy świetlówkowe lub uzupełnić nowy układ oświetlenia w suficie modułowym. Przed zakupem warto sprawdzić format 1195x295mm, oczekiwaną jasność i barwę światła, bo te parametry najbardziej wpływają na komfort pracy w pomieszczeniu.</p>

<h3>Specyfikacja techniczna</h3>

<ul>
<li>- Producent: Kanlux</li>
<li>- Seria: BLINGO</li>
<li>- Model: 120NW</li>
<li>- Kod producenta: 37174</li>
<li>- EAN: 5905339371744</li>
<li>- Typ produktu: panel LED</li>
<li>- Moc [W]: 34W</li>
<li>- Napięcie [V]: 220-240 AC</li>
<li>- Temperatura barwowa [K]: 4000K</li>
<li>- Barwa światła: Neutralna (3500-4500K)</li>
<li>- Strumień świetlny [lm]: 4080lm</li>
<li>- Stopień ochrony [IP]: IP20</li>
<li>- Kąt świecenia: 115°</li>
<li>- Kolor: biały</li>
<li>- Kształt: prostokątna</li>
<li>- Wymiary: 1195x295mm</li>
<li>- Długość: 1195mm</li>
<li>- Szerokość: 295mm</li>
<li>- Wysokość: 27mm</li>
<li>- Gwarancja: 5 lat</li>
</ul>";"{""Producent"":""Kanlux"",""EAN (GTIN)"":""5905339371744"",""Kod producenta"":""37174"",""Typ produktu"":""panel LED"",""Seria"":""BLINGO"",""Model"":""120NW"",""Moc [W]"":""34W"",""Napięcie [V]"":""220-240 AC"",""Temperatura barwowa [K]"":""4000K"",""Barwa światła"":""Neutralna (3500-4500K)"",""Strumień świetlny [lm]"":""4080lm"",""Stopień ochrony [IP]"":""IP20"",""Kąt świecenia"":""115°"",""Kolor"":""biały"",""Materiał"":""1"",""Kształt"":""prostokątna"",""Wymiary"":""1195x295mm"",""Długość"":""1195mm"",""Szerokość"":""295mm"",""Wysokość"":""27mm"",""Gwarancja"":""5 lat""}";https://www.kanlux.com/storage/products/main/big/37174.jpg
;Panel LED podtynkowy BLINGO kwadratowa 595x595mm 34W 4080lm 6500K chłodnobiała IP20 biała Kanlux 37172;37172/KAN;5905339371720;Kanlux;;"{""Producent"":""Kanlux"",""EAN (GTIN)"":""5905339371720"",""Kod producenta"":""37172"",""Typ produktu"":""panel LED"",""Seria"":""BLINGO"",""Model"":""60CW"",""Moc [W]"":""34W"",""Napięcie [V]"":""220-240 AC"",""Temperatura barwowa [K]"":""6500K"",""Barwa światła"":""Zimna (≥5000K)"",""Strumień świetlny [lm]"":""4080lm"",""Stopień ochrony [IP]"":""IP20"",""Kąt świecenia"":""115°"",""Kolor"":""biały"",""Materiał"":""1"",""Kształt"":""kwadratowa"",""Wymiary"":""595x595mm"",""Długość"":""595mm"",""Szerokość"":""595mm"",""Wysokość"":""25mm"",""Gwarancja"":""5 lat""}";https://www.kanlux.com/storage/products/main/big/37172.jpg
;Panel LED podtynkowy BLINGO kwadratowa 595x595mm 34W 4080lm 4000K neutralna IP20 biała Kanlux 37171;37171/KAN;5905339371713;Kanlux;"<p>Panel LED podtynkowy BLINGO kwadratowa 595x595mm 34W 4080lm 4000K neutralna IP20 biała to produkt marki Kanlux przeznaczony do biur, recepcji, sal sprzedaży, gabinetów, szkół i innych wnętrz wymagających równego, spokojnego światła. Moc 34W i strumień 4080lm dają równomierne światło do codziennej pracy, a barwa 4000K dobrze pasuje do biur, sal sprzedaży i pomieszczeń usługowych. Format 595x595mm warto porównać z układem sufitu przed montażem.</p>

<h2>Panel LED podtynkowy BLINGO kwadratowa 595x595mm 34W 4080lm 4000K neutralna IP20 biała - czym wyróżnia się ten produkt?</h2>

<ul>
  <li>- Panel LED podtynkowy BLINGO kwadratowa 595x595mm 34W 4080lm 4000K neutralna IP20 biała daje szerokie, równomierne światło bez mocno punktowego efektu.</li>
  <li>- Moc 34W i strumień 4080lm pomagają dobrać jasność do funkcji pomieszczenia.</li>
  <li>- Barwa 4000K dobrze pasuje do pracy biurowej, obsługi klienta i nauki.</li>
  <li>- Format 595x595mm ułatwia dopasowanie do typowych sufitów modułowych lub planowanego układu opraw.</li>
</ul>

<p>Panel LED najlepiej sprawdza się tam, gdzie potrzebne jest spokojne światło na większej powierzchni. Seria BLINGO może zastąpić starsze oprawy świetlówkowe lub uzupełnić nowy układ oświetlenia w suficie modułowym. Przed zakupem warto sprawdzić format 595x595mm, oczekiwaną jasność i barwę światła, bo te parametry najbardziej wpływają na komfort pracy w pomieszczeniu.</p>

<h3>Specyfikacja techniczna</h3>

<ul>
<li>- Producent: Kanlux</li>
<li>- Seria: BLINGO</li>
<li>- Model: 60NW</li>
<li>- Kod producenta: 37171</li>
<li>- EAN: 5905339371713</li>
<li>- Typ produktu: panel LED</li>
<li>- Moc [W]: 34W</li>
<li>- Napięcie [V]: 220-240 AC</li>
<li>- Temperatura barwowa [K]: 4000K</li>
<li>- Barwa światła: Neutralna (3500-4500K)</li>
<li>- Strumień świetlny [lm]: 4080lm</li>
<li>- Stopień ochrony [IP]: IP20</li>
<li>- Kąt świecenia: 115°</li>
<li>- Kolor: biały</li>
<li>- Kształt: kwadratowa</li>
<li>- Wymiary: 595x595mm</li>
<li>- Długość: 595mm</li>
<li>- Szerokość: 595mm</li>
<li>- Wysokość: 25mm</li>
<li>- Gwarancja: 5 lat</li>
</ul>";"{""Producent"":""Kanlux"",""EAN (GTIN)"":""5905339371713"",""Kod producenta"":""37171"",""Typ produktu"":""panel LED"",""Seria"":""BLINGO"",""Model"":""60NW"",""Moc [W]"":""34W"",""Napięcie [V]"":""220-240 AC"",""Temperatura barwowa [K]"":""4000K"",""Barwa światła"":""Neutralna (3500-4500K)"",""Strumień świetlny [lm]"":""4080lm"",""Stopień ochrony [IP]"":""IP20"",""Kąt świecenia"":""115°"",""Kolor"":""biały"",""Materiał"":""1"",""Kształt"":""kwadratowa"",""Wymiary"":""595x595mm"",""Długość"":""595mm"",""Szerokość"":""595mm"",""Wysokość"":""25mm"",""Gwarancja"":""5 lat""}";https://www.kanlux.com/storage/products/main/big/37171.jpg
;Panel LED podtynkowy BLINGO prostokątna 1195x295mm 38W 4560lm 4000K neutralna IP20 biała Kanlux 37177;37177/KAN;5905339371775;Kanlux;"<p>Panel LED podtynkowy BLINGO prostokątna 1195x295mm 38W 4560lm 4000K neutralna IP20 biała to produkt marki Kanlux przeznaczony do biur, recepcji, sal sprzedaży, gabinetów, szkół i innych wnętrz wymagających równego, spokojnego światła. Moc 38W i strumień 4560lm dają równomierne światło do codziennej pracy, a barwa 4000K dobrze pasuje do biur, sal sprzedaży i pomieszczeń usługowych. Format 1195x295mm warto porównać z układem sufitu przed montażem.</p>

<h2>Panel LED podtynkowy BLINGO prostokątna 1195x295mm 38W 4560lm 4000K neutralna IP20 biała - czym wyróżnia się ten produkt?</h2>

<ul>
  <li>- Panel LED podtynkowy BLINGO prostokątna 1195x295mm 38W 4560lm 4000K neutralna IP20 biała daje szerokie, równomierne światło bez mocno punktowego efektu.</li>
  <li>- Moc 38W i strumień 4560lm pomagają dobrać jasność do funkcji pomieszczenia.</li>
  <li>- Barwa 4000K dobrze pasuje do pracy biurowej, obsługi klienta i nauki.</li>
  <li>- Format 1195x295mm ułatwia dopasowanie do typowych sufitów modułowych lub planowanego układu opraw.</li>
</ul>

<p>Panel LED najlepiej sprawdza się tam, gdzie potrzebne jest spokojne światło na większej powierzchni. Seria BLINGO może zastąpić starsze oprawy świetlówkowe lub uzupełnić nowy układ oświetlenia w suficie modułowym. Przed zakupem warto sprawdzić format 1195x295mm, oczekiwaną jasność i barwę światła, bo te parametry najbardziej wpływają na komfort pracy w pomieszczeniu.</p>

<h3>Specyfikacja techniczna</h3>

<ul>
<li>- Producent: Kanlux</li>
<li>- Seria: BLINGO</li>
<li>- Model: 120NW</li>
<li>- Kod producenta: 37177</li>
<li>- EAN: 5905339371775</li>
<li>- Typ produktu: panel LED</li>
<li>- Moc [W]: 38W</li>
<li>- Napięcie [V]: 220-240 AC</li>
<li>- Temperatura barwowa [K]: 4000K</li>
<li>- Barwa światła: Neutralna (3500-4500K)</li>
<li>- Strumień świetlny [lm]: 4560lm</li>
<li>- Stopień ochrony [IP]: IP20</li>
<li>- Kąt świecenia: 115°</li>
<li>- Kolor: biały</li>
<li>- Kształt: prostokątna</li>
<li>- Wymiary: 1195x295mm</li>
<li>- Długość: 1195mm</li>
<li>- Szerokość: 295mm</li>
<li>- Wysokość: 27mm</li>
<li>- Gwarancja: 5 lat</li>
</ul>";"{""Producent"":""Kanlux"",""EAN (GTIN)"":""5905339371775"",""Kod producenta"":""37177"",""Typ produktu"":""panel LED"",""Seria"":""BLINGO"",""Model"":""120NW"",""Moc [W]"":""38W"",""Napięcie [V]"":""220-240 AC"",""Temperatura barwowa [K]"":""4000K"",""Barwa światła"":""Neutralna (3500-4500K)"",""Strumień świetlny [lm]"":""4560lm"",""Stopień ochrony [IP]"":""IP20"",""Kąt świecenia"":""115°"",""Kolor"":""biały"",""Materiał"":""1"",""Kształt"":""prostokątna"",""Wymiary"":""1195x295mm"",""Długość"":""1195mm"",""Szerokość"":""295mm"",""Wysokość"":""27mm"",""Gwarancja"":""5 lat""}";https://www.kanlux.com/storage/products/main/big/37177.jpg
;Panel LED podtynkowy BLINGO kwadratowa 595x595mm 38W 4560lm 4000K neutralna IP20 biała Kanlux 37176;37176/KAN;5905339371768;Kanlux;"<p>Panel LED podtynkowy BLINGO kwadratowa 595x595mm 38W 4560lm 4000K neutralna IP20 biała to produkt marki Kanlux przeznaczony do biur, recepcji, sal sprzedaży, gabinetów, szkół i innych wnętrz wymagających równego, spokojnego światła. Moc 38W i strumień 4560lm dają równomierne światło do codziennej pracy, a barwa 4000K dobrze pasuje do biur, sal sprzedaży i pomieszczeń usługowych. Format 595x595mm warto porównać z układem sufitu przed montażem.</p>

<h2>Panel LED podtynkowy BLINGO kwadratowa 595x595mm 38W 4560lm 4000K neutralna IP20 biała - czym wyróżnia się ten produkt?</h2>

<ul>
  <li>- Panel LED podtynkowy BLINGO kwadratowa 595x595mm 38W 4560lm 4000K neutralna IP20 biała daje szerokie, równomierne światło bez mocno punktowego efektu.</li>
  <li>- Moc 38W i strumień 4560lm pomagają dobrać jasność do funkcji pomieszczenia.</li>
  <li>- Barwa 4000K dobrze pasuje do pracy biurowej, obsługi klienta i nauki.</li>
  <li>- Format 595x595mm ułatwia dopasowanie do typowych sufitów modułowych lub planowanego układu opraw.</li>
</ul>

<p>Panel LED najlepiej sprawdza się tam, gdzie potrzebne jest spokojne światło na większej powierzchni. Seria BLINGO może zastąpić starsze oprawy świetlówkowe lub uzupełnić nowy układ oświetlenia w suficie modułowym. Przed zakupem warto sprawdzić format 595x595mm, oczekiwaną jasność i barwę światła, bo te parametry najbardziej wpływają na komfort pracy w pomieszczeniu.</p>

<h3>Specyfikacja techniczna</h3>

<ul>
<li>- Producent: Kanlux</li>
<li>- Seria: BLINGO</li>
<li>- Model: 60NW</li>
<li>- Kod producenta: 37176</li>
<li>- EAN: 5905339371768</li>
<li>- Typ produktu: panel LED</li>
<li>- Moc [W]: 38W</li>
<li>- Napięcie [V]: 220-240 AC</li>
<li>- Temperatura barwowa [K]: 4000K</li>
<li>- Barwa światła: Neutralna (3500-4500K)</li>
<li>- Strumień świetlny [lm]: 4560lm</li>
<li>- Stopień ochrony [IP]: IP20</li>
<li>- Kąt świecenia: 115°</li>
<li>- Kolor: biały</li>
<li>- Kształt: kwadratowa</li>
<li>- Wymiary: 595x595mm</li>
<li>- Długość: 595mm</li>
<li>- Szerokość: 595mm</li>
<li>- Wysokość: 25mm</li>
<li>- Gwarancja: 5 lat</li>
</ul>";"{""Producent"":""Kanlux"",""EAN (GTIN)"":""5905339371768"",""Kod producenta"":""37176"",""Typ produktu"":""panel LED"",""Seria"":""BLINGO"",""Model"":""60NW"",""Moc [W]"":""38W"",""Napięcie [V]"":""220-240 AC"",""Temperatura barwowa [K]"":""4000K"",""Barwa światła"":""Neutralna (3500-4500K)"",""Strumień świetlny [lm]"":""4560lm"",""Stopień ochrony [IP]"":""IP20"",""Kąt świecenia"":""115°"",""Kolor"":""biały"",""Materiał"":""1"",""Kształt"":""kwadratowa"",""Wymiary"":""595x595mm"",""Długość"":""595mm"",""Szerokość"":""595mm"",""Wysokość"":""25mm"",""Gwarancja"":""5 lat""}";https://www.kanlux.com/storage/products/main/big/37176.jpg
;Panel LED podtynkowy BLINGO kwadratowa 595x595mm 38W 3800lm 4000K neutralna IP44 biała Kanlux 33174;33174/KAN;5905339331748;Kanlux;;"{""Producent"":""Kanlux"",""EAN (GTIN)"":""5905339331748"",""Kod producenta"":""33174"",""Typ produktu"":""panel LED"",""Seria"":""BLINGO"",""Model"":""6060NW"",""Moc [W]"":""38W"",""Napięcie [V]"":""220-240 AC"",""Temperatura barwowa [K]"":""4000K"",""Barwa światła"":""Neutralna (3500-4500K)"",""Strumień świetlny [lm]"":""3800lm"",""Stopień ochrony [IP]"":""IP44"",""Kąt świecenia"":""120°"",""Kolor"":""biały"",""Materiał"":""1"",""Kształt"":""kwadratowa"",""Wymiary"":""595x595mm"",""Długość"":""595mm"",""Szerokość"":""595mm"",""Wysokość"":""25mm"",""Gwarancja"":""5 lat""}";https://www.kanlux.com/storage/products/main/big/33174.jpg
;Zasilacz do paneli BLINGO DALI 38W Kanlux 28515;28515/KAN;5905339285157;Kanlux;;"{""Producent"":""Kanlux"",""EAN (GTIN)"":""5905339285157"",""Kod producenta"":""28515"",""Typ produktu"":""Zasilacz"",""Seria"":""BLINGO"",""Model"":""BLINGO DALI SET 38W"",""Moc [W]"":""38W"",""Napięcie [V]"":""220-240 AC"",""Stopień ochrony [IP]"":""IP20"",""Kolor"":""biały"",""Materiał"":""tworzywo sztuczne"",""Sterowanie"":""DALI"",""Pasuje do"":""do paneli""}";https://www.kanlux.com/storage/products/main/big/28515.jpg
;Zasilacz do paneli BLINGO DRV ON-OFF 40W Kanlux 37270;37270/KAN;5905339372703;Kanlux;;"{""Producent"":""Kanlux"",""EAN (GTIN)"":""5905339372703"",""Kod producenta"":""37270"",""Typ produktu"":""Zasilacz"",""Seria"":""BLINGO"",""Model"":""1100mA"",""Moc [W]"":""40W"",""Napięcie [V]"":""220-240 AC"",""Stopień ochrony [IP]"":""IP20"",""Kolor"":""biały"",""Materiał"":""tworzywo sztuczne"",""Wymiary"":""116x41mm"",""Długość"":""116mm"",""Szerokość"":""41mm"",""Wysokość"":""28mm"",""Gwarancja"":""5 lat"",""Sterowanie"":""DRV ON-OFF"",""Pasuje do"":""do paneli""}";https://www.kanlux.com/storage/products/main/big/37270.jpg
;Zasilacz do paneli BLINGO DRV DALI 1-10V 42W Kanlux 37267;37267/KAN;5905339372673;Kanlux;;"{""Producent"":""Kanlux"",""EAN (GTIN)"":""5905339372673"",""Kod producenta"":""37267"",""Typ produktu"":""Zasilacz"",""Seria"":""BLINGO"",""Model"":""1-10mA"",""Moc [W]"":""42W"",""Napięcie [V]"":""220-240 AC"",""Stopień ochrony [IP]"":""IP20"",""Kolor"":""biały"",""Materiał"":""1"",""Wymiary"":""103x69mm"",""Długość"":""103mm"",""Szerokość"":""69mm"",""Wysokość"":""30mm"",""Gwarancja"":""5 lat"",""Sterowanie"":""DRV DALI 1-10V"",""Pasuje do"":""do paneli""}";https://www.kanlux.com/storage/products/main/big/37267.jpg
;Zasilacz do paneli BLINGO DRV 1-10V 40W Kanlux 37268;37268/KAN;5905339372680;Kanlux;;"{""Producent"":""Kanlux"",""EAN (GTIN)"":""5905339372680"",""Kod producenta"":""37268"",""Typ produktu"":""Zasilacz"",""Seria"":""BLINGO"",""Model"":""BLINGO DRV40W1-10V BK"",""Moc [W]"":""40W"",""Napięcie [V]"":""10V"",""Stopień ochrony [IP]"":""IP20"",""Kolor"":""biały"",""Materiał"":""1"",""Wymiary"":""103x69mm"",""Długość"":""103mm"",""Szerokość"":""69mm"",""Wysokość"":""31mm"",""Gwarancja"":""5 lat"",""Sterowanie"":""DRV 1-10V"",""Pasuje do"":""do paneli""}";https://www.kanlux.com/storage/products/main/big/37268.jpg
;Panel LED podtynkowy BLINGO U kwadratowa 595x595mm 24W 4000lm 4000K neutralna IP20 biała Kanlux 37179;37179/KAN;5905339371799;Kanlux;;"{""Producent"":""Kanlux"",""EAN (GTIN)"":""5905339371799"",""Kod producenta"":""37179"",""Typ produktu"":""panel LED uniwersalny"",""Seria"":""BLINGO U"",""Model"":""U24W"",""Moc [W]"":""24W"",""Napięcie [V]"":""220-240 AC"",""Temperatura barwowa [K]"":""4000K"",""Barwa światła"":""Neutralna (3500-4500K)"",""Strumień świetlny [lm]"":""4000lm"",""Stopień ochrony [IP]"":""IP20"",""Kąt świecenia"":""90°"",""Kolor"":""biały"",""Materiał"":""1"",""Kształt"":""kwadratowa"",""Wymiary"":""595x595mm"",""Długość"":""595mm"",""Szerokość"":""595mm"",""Wysokość"":""25mm"",""Gwarancja"":""5 lat""}";https://www.kanlux.com/storage/products/main/big/37179.jpg
;Panel LED podtynkowy BLINGO U 595x595mm 34W 4080lm 4000K neutralna IP20 biała Kanlux 39172;39172/KAN;5905339391728;Kanlux;"<p>Panel LED podtynkowy BLINGO U 595x595mm 34W 4080lm 4000K neutralna IP20 biała to produkt marki Kanlux przeznaczony do biur, recepcji, sal sprzedaży, gabinetów, szkół i innych wnętrz wymagających równego, spokojnego światła. Moc 34W i strumień 4080lm dają równomierne światło do codziennej pracy, a barwa 4000K dobrze pasuje do biur, sal sprzedaży i pomieszczeń usługowych. Format 595x595mm warto porównać z układem sufitu przed montażem.</p>

<h2>Panel LED podtynkowy BLINGO U 595x595mm 34W 4080lm 4000K neutralna IP20 biała - czym wyróżnia się ten produkt?</h2>

<ul>
  <li>- Panel LED podtynkowy BLINGO U 595x595mm 34W 4080lm 4000K neutralna IP20 biała daje szerokie, równomierne światło bez mocno punktowego efektu.</li>
  <li>- Moc 34W i strumień 4080lm pomagają dobrać jasność do funkcji pomieszczenia.</li>
  <li>- Barwa 4000K dobrze pasuje do pracy biurowej, obsługi klienta i nauki.</li>
  <li>- Format 595x595mm ułatwia dopasowanie do typowych sufitów modułowych lub planowanego układu opraw.</li>
</ul>

<p>Panel LED najlepiej sprawdza się tam, gdzie potrzebne jest spokojne światło na większej powierzchni. Seria BLINGO U może zastąpić starsze oprawy świetlówkowe lub uzupełnić nowy układ oświetlenia w suficie modułowym. Przed zakupem warto sprawdzić format 595x595mm, oczekiwaną jasność i barwę światła, bo te parametry najbardziej wpływają na komfort pracy w pomieszczeniu.</p>

<h3>Specyfikacja techniczna</h3>

<ul>
<li>- Producent: Kanlux</li>
<li>- Seria: BLINGO U</li>
<li>- Model: BLINGO U 34W SR 60 NW</li>
<li>- Kod producenta: 39172</li>
<li>- EAN: 5905339391728</li>
<li>- Typ produktu: panel LED uniwersalny</li>
<li>- Moc [W]: 34W</li>
<li>- Napięcie [V]: 220-240 AC</li>
<li>- Temperatura barwowa [K]: 4000K</li>
<li>- Barwa światła: Neutralna (3500-4500K)</li>
<li>- Strumień świetlny [lm]: 4080lm</li>
<li>- Stopień ochrony [IP]: IP20</li>
<li>- Kąt świecenia: 90°</li>
<li>- Kolor: biały</li>
<li>- Materiał: tworzywo sztuczne</li>
<li>- Wymiary: 595x595mm</li>
<li>- Długość: 595mm</li>
<li>- Szerokość: 595mm</li>
<li>- Wysokość: 40mm</li>
</ul>";"{""Producent"":""Kanlux"",""EAN (GTIN)"":""5905339391728"",""Kod producenta"":""39172"",""Typ produktu"":""panel LED uniwersalny"",""Seria"":""BLINGO U"",""Model"":""BLINGO U 34W SR 60 NW"",""Moc [W]"":""34W"",""Napięcie [V]"":""220-240 AC"",""Temperatura barwowa [K]"":""4000K"",""Barwa światła"":""Neutralna (3500-4500K)"",""Strumień świetlny [lm]"":""4080lm"",""Stopień ochrony [IP]"":""IP20"",""Kąt świecenia"":""90°"",""Kolor"":""biały"",""Materiał"":""tworzywo sztuczne"",""Wymiary"":""595x595mm"",""Długość"":""595mm"",""Szerokość"":""595mm"",""Wysokość"":""40mm""}";https://www.kanlux.com/storage/products/main/big/39172.jpg
;Panel LED podtynkowy BLINGO U 1195x295mm 34W 4080lm 4000K neutralna IP20 biała Kanlux 39173;39173/KAN;5905339391735;Kanlux;"<p>Panel LED podtynkowy BLINGO U 1195x295mm 34W 4080lm 4000K neutralna IP20 biała to produkt marki Kanlux przeznaczony do biur, recepcji, sal sprzedaży, gabinetów, szkół i innych wnętrz wymagających równego, spokojnego światła. Moc 34W i strumień 4080lm dają równomierne światło do codziennej pracy, a barwa 4000K dobrze pasuje do biur, sal sprzedaży i pomieszczeń usługowych. Format 1195x295mm warto porównać z układem sufitu przed montażem.</p>

<h2>Panel LED podtynkowy BLINGO U 1195x295mm 34W 4080lm 4000K neutralna IP20 biała - czym wyróżnia się ten produkt?</h2>

<ul>
  <li>- Panel LED podtynkowy BLINGO U 1195x295mm 34W 4080lm 4000K neutralna IP20 biała daje szerokie, równomierne światło bez mocno punktowego efektu.</li>
  <li>- Moc 34W i strumień 4080lm pomagają dobrać jasność do funkcji pomieszczenia.</li>
  <li>- Barwa 4000K dobrze pasuje do pracy biurowej, obsługi klienta i nauki.</li>
  <li>- Format 1195x295mm ułatwia dopasowanie do typowych sufitów modułowych lub planowanego układu opraw.</li>
</ul>

<p>Panel LED najlepiej sprawdza się tam, gdzie potrzebne jest spokojne światło na większej powierzchni. Seria BLINGO U może zastąpić starsze oprawy świetlówkowe lub uzupełnić nowy układ oświetlenia w suficie modułowym. Przed zakupem warto sprawdzić format 1195x295mm, oczekiwaną jasność i barwę światła, bo te parametry najbardziej wpływają na komfort pracy w pomieszczeniu.</p>

<h3>Specyfikacja techniczna</h3>

<ul>
<li>- Producent: Kanlux</li>
<li>- Seria: BLINGO U</li>
<li>- Model: 120NW</li>
<li>- Kod producenta: 39173</li>
<li>- EAN: 5905339391735</li>
<li>- Typ produktu: panel LED uniwersalny</li>
<li>- Moc [W]: 34W</li>
<li>- Napięcie [V]: 220-240 AC</li>
<li>- Temperatura barwowa [K]: 4000K</li>
<li>- Strumień świetlny [lm]: 4080lm</li>
<li>- Stopień ochrony [IP]: IP20</li>
<li>- Kąt świecenia: 90°</li>
<li>- Kolor: biały</li>
<li>- Materiał: tworzywo sztuczne</li>
<li>- Wymiary: 1195x295mm</li>
<li>- Długość: 1195mm</li>
<li>- Szerokość: 295mm</li>
<li>- Wysokość: 40mm</li>
</ul>";"{""Producent"":""Kanlux"",""EAN (GTIN)"":""5905339391735"",""Kod producenta"":""39173"",""Typ produktu"":""panel LED uniwersalny"",""Seria"":""BLINGO U"",""Model"":""120NW"",""Moc [W]"":""34W"",""Napięcie [V]"":""220-240 AC"",""Temperatura barwowa [K]"":""4000K"",""Strumień świetlny [lm]"":""4080lm"",""Stopień ochrony [IP]"":""IP20"",""Kąt świecenia"":""90°"",""Kolor"":""biały"",""Materiał"":""tworzywo sztuczne"",""Wymiary"":""1195x295mm"",""Długość"":""1195mm"",""Szerokość"":""295mm"",""Wysokość"":""40mm""}";https://www.kanlux.com/storage/products/main/big/39173.jpg
;Panel LED podtynkowy BLINGO U kwadratowa 595x595mm 34W 4080lm 4000K neutralna IP20 biała Kanlux 37173;37173/KAN;5905339371737;Kanlux;"<p>Panel LED podtynkowy BLINGO U kwadratowa 595x595mm 34W 4080lm 4000K neutralna IP20 biała to produkt marki Kanlux przeznaczony do biur, recepcji, sal sprzedaży, gabinetów, szkół i innych wnętrz wymagających równego, spokojnego światła. Moc 34W i strumień 4080lm dają równomierne światło do codziennej pracy, a barwa 4000K dobrze pasuje do biur, sal sprzedaży i pomieszczeń usługowych. Format 595x595mm warto porównać z układem sufitu przed montażem.</p>

<h2>Panel LED podtynkowy BLINGO U kwadratowa 595x595mm 34W 4080lm 4000K neutralna IP20 biała - czym wyróżnia się ten produkt?</h2>

<ul>
  <li>- Panel LED podtynkowy BLINGO U kwadratowa 595x595mm 34W 4080lm 4000K neutralna IP20 biała daje szerokie, równomierne światło bez mocno punktowego efektu.</li>
  <li>- Moc 34W i strumień 4080lm pomagają dobrać jasność do funkcji pomieszczenia.</li>
  <li>- Barwa 4000K dobrze pasuje do pracy biurowej, obsługi klienta i nauki.</li>
  <li>- Format 595x595mm ułatwia dopasowanie do typowych sufitów modułowych lub planowanego układu opraw.</li>
</ul>

<p>Panel LED najlepiej sprawdza się tam, gdzie potrzebne jest spokojne światło na większej powierzchni. Seria BLINGO U może zastąpić starsze oprawy świetlówkowe lub uzupełnić nowy układ oświetlenia w suficie modułowym. Przed zakupem warto sprawdzić format 595x595mm, oczekiwaną jasność i barwę światła, bo te parametry najbardziej wpływają na komfort pracy w pomieszczeniu.</p>

<h3>Specyfikacja techniczna</h3>

<ul>
<li>- Producent: Kanlux</li>
<li>- Seria: BLINGO U</li>
<li>- Model: U34W</li>
<li>- Kod producenta: 37173</li>
<li>- EAN: 5905339371737</li>
<li>- Typ produktu: panel LED uniwersalny</li>
<li>- Moc [W]: 34W</li>
<li>- Napięcie [V]: 220-240 AC</li>
<li>- Temperatura barwowa [K]: 4000K</li>
<li>- Barwa światła: Neutralna (3500-4500K)</li>
<li>- Strumień świetlny [lm]: 4080lm</li>
<li>- Stopień ochrony [IP]: IP20</li>
<li>- Kąt świecenia: 90°</li>
<li>- Kolor: biały</li>
<li>- Kształt: kwadratowa</li>
<li>- Wymiary: 595x595mm</li>
<li>- Długość: 595mm</li>
<li>- Szerokość: 595mm</li>
<li>- Wysokość: 25mm</li>
<li>- Gwarancja: 5 lat</li>
</ul>";"{""Producent"":""Kanlux"",""EAN (GTIN)"":""5905339371737"",""Kod producenta"":""37173"",""Typ produktu"":""panel LED uniwersalny"",""Seria"":""BLINGO U"",""Model"":""U34W"",""Moc [W]"":""34W"",""Napięcie [V]"":""220-240 AC"",""Temperatura barwowa [K]"":""4000K"",""Barwa światła"":""Neutralna (3500-4500K)"",""Strumień świetlny [lm]"":""4080lm"",""Stopień ochrony [IP]"":""IP20"",""Kąt świecenia"":""90°"",""Kolor"":""biały"",""Materiał"":""1"",""Kształt"":""kwadratowa"",""Wymiary"":""595x595mm"",""Długość"":""595mm"",""Szerokość"":""595mm"",""Wysokość"":""25mm"",""Gwarancja"":""5 lat""}";https://www.kanlux.com/storage/products/main/big/37173.jpg
;Panel LED podtynkowy BLINGO U 1195x295mm 35W 4040-4360lm 3000/4000/6500 IP20 biała Kanlux 37278;37278/KAN;5905339372789;Kanlux;;"{""Producent"":""Kanlux"",""EAN (GTIN)"":""5905339372789"",""Kod producenta"":""37278"",""Typ produktu"":""panel LED uniwersalny"",""Seria"":""BLINGO U"",""Model"":""U29-"",""Moc [W]"":""35W"",""Napięcie [V]"":""220-240 AC"",""Temperatura barwowa [K]"":""3000/4000/6500"",""Strumień świetlny [lm]"":""4040-4360lm"",""Stopień ochrony [IP]"":""IP20"",""Kąt świecenia"":""90°"",""Kolor"":""biały"",""Materiał"":""1"",""Wymiary"":""1195x295mm"",""Długość"":""1195mm"",""Szerokość"":""295mm"",""Wysokość"":""27mm""}";https://www.kanlux.com/storage/products/main/big/37278.jpg
;Panel LED podtynkowy BLINGO U 595x295mm 30W 125lm 4000K neutralna IP12 biała Kanlux 39238;39238/KAN;5905339392381;Kanlux;;"{""Producent"":""Kanlux"",""EAN (GTIN)"":""5905339392381"",""Kod producenta"":""39238"",""Typ produktu"":""panel LED uniwersalny"",""Seria"":""BLINGO U"",""Model"":""30NW"",""Moc [W]"":""30W"",""Temperatura barwowa [K]"":""4000K"",""Strumień świetlny [lm]"":""125lm"",""Stopień ochrony [IP]"":""IP12"",""Kąt świecenia"":""90°"",""Kolor"":""biały"",""Materiał"":""tworzywo sztuczne"",""Wymiary"":""595x295mm"",""Długość"":""595mm"",""Szerokość"":""295mm"",""Wysokość"":""30mm""}";https://www.kanlux.com/storage/products/main/big/39238.jpg
;Panel LED podtynkowy BLINGO U 595x595mm 60W 125lm 4000K neutralna IP12 biała Kanlux 39239;39239/KAN;5905339392398;Kanlux;;"{""Producent"":""Kanlux"",""EAN (GTIN)"":""5905339392398"",""Kod producenta"":""39239"",""Typ produktu"":""panel LED uniwersalny"",""Seria"":""BLINGO U"",""Model"":""60NW"",""Moc [W]"":""60W"",""Temperatura barwowa [K]"":""4000K"",""Strumień świetlny [lm]"":""125lm"",""Stopień ochrony [IP]"":""IP12"",""Kąt świecenia"":""90°"",""Kolor"":""biały"",""Materiał"":""tworzywo sztuczne"",""Wymiary"":""595x595mm"",""Długość"":""595mm"",""Szerokość"":""595mm"",""Wysokość"":""26mm""}";https://www.kanlux.com/storage/products/main/big/39239.jpg
;Panel LED podtynkowy BLINGO U 1195x295mm 120W 600-5000lm 4000K neutralna IP12 biała Kanlux 39240;39240/KAN;5905339392404;Kanlux;;"{""Producent"":""Kanlux"",""EAN (GTIN)"":""5905339392404"",""Kod producenta"":""39240"",""Typ produktu"":""panel LED uniwersalny"",""Seria"":""BLINGO U"",""Model"":""125LM120NW"",""Moc [W]"":""120W"",""Temperatura barwowa [K]"":""4000K"",""Strumień świetlny [lm]"":""600-5000lm"",""Stopień ochrony [IP]"":""IP12"",""Kąt świecenia"":""90°"",""Kolor"":""biały"",""Materiał"":""tworzywo sztuczne"",""Wymiary"":""1195x295mm"",""Długość"":""1195mm"",""Szerokość"":""295mm"",""Wysokość"":""26mm""}";https://www.kanlux.com/storage/products/main/big/39240.jpg
;Ramka do paneli ADTR-H 120cm x 30cm prostokątna biała Kanlux 33390;33390/KAN;5905339333902;Kanlux;"<p>Ramka do paneli ADTR-H 120cm x 30cm prostokątna biała to produkt marki Kanlux przeznaczony do estetycznego montażu paneli LED w sufitach, w których potrzebna jest stabilna ramka natynkowa lub montażowa. Format 120cm x 30cm pozwala dopasować ją do panelu i zachować równe, estetyczne wykończenie sufitu. To praktyczny element montażowy, a nie część odpowiedzialna za parametry świetlne.</p>

<h2>Ramka do paneli ADTR-H 120cm x 30cm prostokątna biała - czym wyróżnia się ten produkt?</h2>

<ul>
  <li>- Ramka do paneli ADTR-H 120cm x 30cm prostokątna biała porządkuje montaż panelu LED i pozwala uzyskać estetyczne wykończenie sufitu.</li>
  <li>- Wymiary 120cm x 30cm pomagają dobrać ramkę do popularnego formatu paneli.</li>
  <li>- Materiał stal poprawia stabilność osadzenia oprawy.</li>
  <li>- Kolor biały dobrze łączy się z jasnymi sufitami i nie odciąga uwagi od oświetlenia.</li>
</ul>

<p>Przy takim akcesorium najważniejsze jest zgodne dopasowanie do panelu i sposób wykończenia sufitu. Seria ADTR-H pomaga wykonać montaż bez przypadkowych szczelin i bez ciężkiego efektu wizualnego. Wysokość oraz format 120cm x 30cm warto sprawdzić przed zakupem razem z wymiarem oprawy. Dobrze dobrana ramka ułatwia późniejszy dostęp serwisowy i pozwala zachować spójny wygląd kilku paneli zamontowanych w jednym pomieszczeniu.</p>

<h3>Specyfikacja techniczna</h3>

<ul>
<li>- Producent: Kanlux</li>
<li>- Seria: ADTR-H</li>
<li>- Model: 5cm</li>
<li>- Kod producenta: 33390</li>
<li>- EAN: 5905339333902</li>
<li>- Typ produktu: Ramka</li>
<li>- Moc [W]: 30</li>
<li>- Kolor: biały</li>
<li>- Materiał: stal</li>
<li>- Kształt: prostokątna</li>
<li>- Wymiary: 120cm x 30cm</li>
<li>- Długość: 120cm</li>
<li>- Szerokość: 30cm</li>
<li>- Wysokość: 65mm</li>
<li>- Pasuje do: do paneli</li>
</ul>";"{""Producent"":""Kanlux"",""EAN (GTIN)"":""5905339333902"",""Kod producenta"":""33390"",""Typ produktu"":""Ramka"",""Seria"":""ADTR-H"",""Model"":""5cm"",""Moc [W]"":""30"",""Kolor"":""biały"",""Materiał"":""stal"",""Kształt"":""prostokątna"",""Wymiary"":""120cm x 30cm"",""Długość"":""120cm"",""Szerokość"":""30cm"",""Wysokość"":""65mm"",""Pasuje do"":""do paneli""}";https://www.kanlux.com/storage/products/main/big/33390.jpg
;Ramka do paneli ADTR-H 60cm x 30cm prostokątna biała Kanlux 33393;33393/KAN;5905339333933;Kanlux;;"{""Producent"":""Kanlux"",""EAN (GTIN)"":""5905339333933"",""Kod producenta"":""33393"",""Typ produktu"":""Ramka"",""Seria"":""ADTR-H"",""Model"":""5cm"",""Moc [W]"":""60"",""Kolor"":""biały"",""Materiał"":""stal"",""Kształt"":""prostokątna"",""Wymiary"":""60cm x 30cm"",""Długość"":""60cm"",""Szerokość"":""30cm"",""Wysokość"":""65mm"",""Pasuje do"":""do paneli""}";https://www.kanlux.com/storage/products/main/big/33393.jpg
;Ramka do paneli ADTR-H 60cm x 60cm kwadratowa biała Kanlux 29843;29843/KAN;5905339298430;Kanlux;"<p>Ramka do paneli ADTR-H 60cm x 60cm kwadratowa biała to produkt marki Kanlux przeznaczony do estetycznego montażu paneli LED w sufitach, w których potrzebna jest stabilna ramka natynkowa lub montażowa. Format 60cm x 60cm pozwala dopasować ją do panelu i zachować równe, estetyczne wykończenie sufitu. To praktyczny element montażowy, a nie część odpowiedzialna za parametry świetlne.</p>

<h2>Ramka do paneli ADTR-H 60cm x 60cm kwadratowa biała - czym wyróżnia się ten produkt?</h2>

<ul>
  <li>- Ramka do paneli ADTR-H 60cm x 60cm kwadratowa biała porządkuje montaż panelu LED i pozwala uzyskać estetyczne wykończenie sufitu.</li>
  <li>- Wymiary 60cm x 60cm pomagają dobrać ramkę do popularnego formatu paneli.</li>
  <li>- Materiał stal poprawia stabilność osadzenia oprawy.</li>
  <li>- Kolor biały dobrze łączy się z jasnymi sufitami i nie odciąga uwagi od oświetlenia.</li>
</ul>

<p>Przy takim akcesorium najważniejsze jest zgodne dopasowanie do panelu i sposób wykończenia sufitu. Seria ADTR-H pomaga wykonać montaż bez przypadkowych szczelin i bez ciężkiego efektu wizualnego. Wysokość oraz format 60cm x 60cm warto sprawdzić przed zakupem razem z wymiarem oprawy. Dobrze dobrana ramka ułatwia późniejszy dostęp serwisowy i pozwala zachować spójny wygląd kilku paneli zamontowanych w jednym pomieszczeniu.</p>

<h3>Specyfikacja techniczna</h3>

<ul>
<li>- Producent: Kanlux</li>
<li>- Seria: ADTR-H</li>
<li>- Model: 5cm</li>
<li>- Kod producenta: 29843</li>
<li>- EAN: 5905339298430</li>
<li>- Typ produktu: Ramka</li>
<li>- Moc [W]: 60</li>
<li>- Kolor: biały</li>
<li>- Materiał: stal</li>
<li>- Kształt: kwadratowa</li>
<li>- Wymiary: 60cm x 60cm</li>
<li>- Długość: 60cm</li>
<li>- Szerokość: 60cm</li>
<li>- Wysokość: 65mm</li>
<li>- Pasuje do: do paneli</li>
</ul>";"{""Producent"":""Kanlux"",""EAN (GTIN)"":""5905339298430"",""Kod producenta"":""29843"",""Typ produktu"":""Ramka"",""Seria"":""ADTR-H"",""Model"":""5cm"",""Moc [W]"":""60"",""Kolor"":""biały"",""Materiał"":""stal"",""Kształt"":""kwadratowa"",""Wymiary"":""60cm x 60cm"",""Długość"":""60cm"",""Szerokość"":""60cm"",""Wysokość"":""65mm"",""Pasuje do"":""do paneli""}";https://www.kanlux.com/storage/products/main/big/29843.jpg
;Ramka do paneli ADTR-H 60cm x 60cm kwadratowa biała Kanlux 33398;33398/KAN;5905339333988;Kanlux;;"{""Producent"":""Kanlux"",""EAN (GTIN)"":""5905339333988"",""Kod producenta"":""33398"",""Typ produktu"":""Ramka"",""Seria"":""ADTR-H"",""Model"":""76MM"",""Moc [W]"":""60"",""Kolor"":""biały"",""Materiał"":""stal"",""Kształt"":""kwadratowa"",""Wymiary"":""60cm x 60cm"",""Długość"":""60cm"",""Szerokość"":""60cm"",""Wysokość"":""76mm"",""Pasuje do"":""do paneli""}";https://www.kanlux.com/storage/products/main/big/33398.jpg
;Ramka do paneli ADTR-H 120cm x 30cm prostokątna czarna Kanlux 33391;33391/KAN;5905339333919;Kanlux;;"{""Producent"":""Kanlux"",""EAN (GTIN)"":""5905339333919"",""Kod producenta"":""33391"",""Typ produktu"":""Ramka"",""Seria"":""ADTR-H"",""Model"":""5cm"",""Kolor"":""czarny"",""Materiał"":""stal"",""Kształt"":""prostokątna"",""Wymiary"":""120cm x 30cm"",""Długość"":""120cm"",""Szerokość"":""30cm"",""Wysokość"":""65mm"",""Pasuje do"":""do paneli""}";https://www.kanlux.com/storage/products/main/big/33391.jpg
;Ramka do paneli ADTR-H 120cm x 30cm prostokątna srebrna Kanlux 33392;33392/KAN;5905339333926;Kanlux;;"{""Producent"":""Kanlux"",""EAN (GTIN)"":""5905339333926"",""Kod producenta"":""33392"",""Typ produktu"":""Ramka"",""Seria"":""ADTR-H"",""Model"":""5cm"",""Kolor"":""srebrny"",""Materiał"":""stal"",""Kształt"":""prostokątna"",""Wymiary"":""120cm x 30cm"",""Długość"":""120cm"",""Szerokość"":""30cm"",""Wysokość"":""65mm"",""Pasuje do"":""do paneli""}";https://www.kanlux.com/storage/products/main/big/33392.jpg
;Ramka do paneli ADTR-H 60cm x 60cm kwadratowa czarna Kanlux 29845;29845/KAN;5905339298454;Kanlux;;"{""Producent"":""Kanlux"",""EAN (GTIN)"":""5905339298454"",""Kod producenta"":""29845"",""Typ produktu"":""Ramka"",""Seria"":""ADTR-H"",""Model"":""5cm"",""Kolor"":""czarny"",""Materiał"":""stal"",""Kształt"":""kwadratowa"",""Wymiary"":""60cm x 60cm"",""Długość"":""60cm"",""Szerokość"":""60cm"",""Wysokość"":""65mm"",""Pasuje do"":""do paneli""}";https://www.kanlux.com/storage/products/main/big/29845.jpg
;Ramka do paneli ADTR-H 60cm x 60cm kwadratowa srebrna Kanlux 29844;29844/KAN;5905339298447;Kanlux;;"{""Producent"":""Kanlux"",""EAN (GTIN)"":""5905339298447"",""Kod producenta"":""29844"",""Typ produktu"":""Ramka"",""Seria"":""ADTR-H"",""Model"":""5cm"",""Kolor"":""srebrny"",""Materiał"":""stal"",""Kształt"":""kwadratowa"",""Wymiary"":""60cm x 60cm"",""Długość"":""60cm"",""Szerokość"":""60cm"",""Wysokość"":""65mm"",""Pasuje do"":""do paneli""}";https://www.kanlux.com/storage/products/main/big/29844.jpg
;Panel LED podtynkowy BLINGO UAIO 595x595mm 38W 3710-4040lm 3000/4000/6500 IP20 biała Kanlux 39235;39235/KAN;5905339392350;Kanlux;"<p>Panel LED podtynkowy BLINGO UAIO 595x595mm 38W 3710-4040lm 3000/4000/6500 IP20 biała to produkt marki Kanlux przeznaczony do biur, recepcji, sal sprzedaży, gabinetów, szkół i innych wnętrz wymagających równego, spokojnego światła. Moc 38W i strumień 3710-4040lm dają równomierne światło do codziennej pracy, a barwa 3000/4000/6500 dobrze pasuje do biur, sal sprzedaży i pomieszczeń usługowych. Format 595x595mm warto porównać z układem sufitu przed montażem.</p>

<h2>Panel LED podtynkowy BLINGO UAIO 595x595mm 38W 3710-4040lm 3000/4000/6500 IP20 biała - czym wyróżnia się ten produkt?</h2>

<ul>
  <li>- Panel LED podtynkowy BLINGO UAIO 595x595mm 38W 3710-4040lm 3000/4000/6500 IP20 biała daje szerokie, równomierne światło bez mocno punktowego efektu.</li>
  <li>- Moc 38W i strumień 3710-4040lm pomagają dobrać jasność do funkcji pomieszczenia.</li>
  <li>- Barwa 3000/4000/6500 dobrze pasuje do pracy biurowej, obsługi klienta i nauki.</li>
  <li>- Format 595x595mm ułatwia dopasowanie do typowych sufitów modułowych lub planowanego układu opraw.</li>
</ul>

<p>Panel LED najlepiej sprawdza się tam, gdzie potrzebne jest spokojne światło na większej powierzchni. Seria BLINGO UAIO może zastąpić starsze oprawy świetlówkowe lub uzupełnić nowy układ oświetlenia w suficie modułowym. Przed zakupem warto sprawdzić format 595x595mm, oczekiwaną jasność i barwę światła, bo te parametry najbardziej wpływają na komfort pracy w pomieszczeniu.</p>

<h3>Specyfikacja techniczna</h3>

<ul>
<li>- Producent: Kanlux</li>
<li>- Seria: BLINGO UAIO</li>
<li>- Model: BLINGO UAIO RM38W 60</li>
<li>- Kod producenta: 39235</li>
<li>- EAN: 5905339392350</li>
<li>- Typ produktu: panel LED uniwersalny AIO</li>
<li>- Moc [W]: 38W</li>
<li>- Napięcie [V]: 220-240 AC</li>
<li>- Temperatura barwowa [K]: 3000/4000/6500</li>
<li>- Strumień świetlny [lm]: 3710-4040lm</li>
<li>- Stopień ochrony [IP]: IP20</li>
<li>- Kąt świecenia: 90°</li>
<li>- Kolor: biały</li>
<li>- Wymiary: 595x595mm</li>
<li>- Długość: 595mm</li>
<li>- Szerokość: 595mm</li>
<li>- Wysokość: 28mm</li>
</ul>";"{""Producent"":""Kanlux"",""EAN (GTIN)"":""5905339392350"",""Kod producenta"":""39235"",""Typ produktu"":""panel LED uniwersalny AIO"",""Seria"":""BLINGO UAIO"",""Model"":""BLINGO UAIO RM38W 60"",""Moc [W]"":""38W"",""Napięcie [V]"":""220-240 AC"",""Temperatura barwowa [K]"":""3000/4000/6500"",""Strumień świetlny [lm]"":""3710-4040lm"",""Stopień ochrony [IP]"":""IP20"",""Kąt świecenia"":""90°"",""Kolor"":""biały"",""Materiał"":""1"",""Wymiary"":""595x595mm"",""Długość"":""595mm"",""Szerokość"":""595mm"",""Wysokość"":""28mm""}";https://www.kanlux.com/storage/products/main/big/39235.jpg
;Panel LED podtynkowy BLINGO UAIO 1195x295mm 38W 3710-4040lm 3000/4000/6500 IP20 biała Kanlux 39237;39237/KAN;5905339392374;Kanlux;;"{""Producent"":""Kanlux"",""EAN (GTIN)"":""5905339392374"",""Kod producenta"":""39237"",""Typ produktu"":""panel LED uniwersalny AIO"",""Seria"":""BLINGO UAIO"",""Model"":""BLINGO UAIO RM38W 120"",""Moc [W]"":""38W"",""Napięcie [V]"":""220-240 AC"",""Temperatura barwowa [K]"":""3000/4000/6500"",""Strumień świetlny [lm]"":""3710-4040lm"",""Stopień ochrony [IP]"":""IP20"",""Kąt świecenia"":""90°"",""Kolor"":""biały"",""Materiał"":""1"",""Wymiary"":""1195x295mm"",""Długość"":""1195mm"",""Szerokość"":""295mm"",""Wysokość"":""30mm""}";https://www.kanlux.com/storage/products/main/big/39237.jpg
;Panel LED podtynkowy BLINGO UAIO 595x595mm 40W 3990-4370lm 3000/4000/6500 IP20 biała Kanlux 39231;39231/KAN;5905339392312;Kanlux;"<p>Panel LED podtynkowy BLINGO UAIO 595x595mm 40W 3990-4370lm 3000/4000/6500 IP20 biała to produkt marki Kanlux przeznaczony do biur, recepcji, sal sprzedaży, gabinetów, szkół i innych wnętrz wymagających równego, spokojnego światła. Moc 40W i strumień 3990-4370lm dają równomierne światło do codziennej pracy, a barwa 3000/4000/6500 dobrze pasuje do biur, sal sprzedaży i pomieszczeń usługowych. Format 595x595mm warto porównać z układem sufitu przed montażem.</p>

<h2>Panel LED podtynkowy BLINGO UAIO 595x595mm 40W 3990-4370lm 3000/4000/6500 IP20 biała - czym wyróżnia się ten produkt?</h2>

<ul>
  <li>- Panel LED podtynkowy BLINGO UAIO 595x595mm 40W 3990-4370lm 3000/4000/6500 IP20 biała daje szerokie, równomierne światło bez mocno punktowego efektu.</li>
  <li>- Moc 40W i strumień 3990-4370lm pomagają dobrać jasność do funkcji pomieszczenia.</li>
  <li>- Barwa 3000/4000/6500 dobrze pasuje do pracy biurowej, obsługi klienta i nauki.</li>
  <li>- Format 595x595mm ułatwia dopasowanie do typowych sufitów modułowych lub planowanego układu opraw.</li>
</ul>

<p>Panel LED najlepiej sprawdza się tam, gdzie potrzebne jest spokojne światło na większej powierzchni. Seria BLINGO UAIO może zastąpić starsze oprawy świetlówkowe lub uzupełnić nowy układ oświetlenia w suficie modułowym. Przed zakupem warto sprawdzić format 595x595mm, oczekiwaną jasność i barwę światła, bo te parametry najbardziej wpływają na komfort pracy w pomieszczeniu.</p>

<h3>Specyfikacja techniczna</h3>

<ul>
<li>- Producent: Kanlux</li>
<li>- Seria: BLINGO UAIO</li>
<li>- Model: BLINGO UAIO SRM40W 60</li>
<li>- Kod producenta: 39231</li>
<li>- EAN: 5905339392312</li>
<li>- Typ produktu: panel LED uniwersalny AIO</li>
<li>- Moc [W]: 40W</li>
<li>- Napięcie [V]: 220-240 AC</li>
<li>- Temperatura barwowa [K]: 3000/4000/6500</li>
<li>- Strumień świetlny [lm]: 3990-4370lm</li>
<li>- Stopień ochrony [IP]: IP20</li>
<li>- Kąt świecenia: 90°</li>
<li>- Kolor: biały</li>
<li>- Materiał: tworzywo sztuczne</li>
<li>- Wymiary: 595x595mm</li>
<li>- Długość: 595mm</li>
<li>- Szerokość: 595mm</li>
<li>- Wysokość: 40mm</li>
</ul>";"{""Producent"":""Kanlux"",""EAN (GTIN)"":""5905339392312"",""Kod producenta"":""39231"",""Typ produktu"":""panel LED uniwersalny AIO"",""Seria"":""BLINGO UAIO"",""Model"":""BLINGO UAIO SRM40W 60"",""Moc [W]"":""40W"",""Napięcie [V]"":""220-240 AC"",""Temperatura barwowa [K]"":""3000/4000/6500"",""Strumień świetlny [lm]"":""3990-4370lm"",""Stopień ochrony [IP]"":""IP20"",""Kąt świecenia"":""90°"",""Kolor"":""biały"",""Materiał"":""tworzywo sztuczne"",""Wymiary"":""595x595mm"",""Długość"":""595mm"",""Szerokość"":""595mm"",""Wysokość"":""40mm""}";https://www.kanlux.com/storage/products/main/big/39231.jpg
;Panel LED podtynkowy BLINGO UAIO 1195x295mm 40W 3990-4370lm 3000/4000/6500 IP20 biała Kanlux 39233;39233/KAN;5905339392336;Kanlux;;"{""Producent"":""Kanlux"",""EAN (GTIN)"":""5905339392336"",""Kod producenta"":""39233"",""Typ produktu"":""panel LED uniwersalny AIO"",""Seria"":""BLINGO UAIO"",""Model"":""BLINGO UAIO SRM40W120"",""Moc [W]"":""40W"",""Napięcie [V]"":""220-240 AC"",""Temperatura barwowa [K]"":""3000/4000/6500"",""Strumień świetlny [lm]"":""3990-4370lm"",""Stopień ochrony [IP]"":""IP20"",""Kąt świecenia"":""90°"",""Kolor"":""biały"",""Materiał"":""tworzywo sztuczne"",""Wymiary"":""1195x295mm"",""Długość"":""1195mm"",""Szerokość"":""295mm"",""Wysokość"":""40mm""}";https://www.kanlux.com/storage/products/main/big/39233.jpg
;Panel LED podtynkowy BAREV BL prostokątna 120x30 cm 40W 4000lm 4000K neutralna IP20 biała Kanlux 31174;31174/KAN;8595665311742;Kanlux;"<p>Panel LED podtynkowy BAREV BL prostokątna 120x30 cm 40W 4000lm 4000K neutralna IP20 biała to produkt marki Kanlux przeznaczony do biur, recepcji, sal sprzedaży, gabinetów, szkół i innych wnętrz wymagających równego, spokojnego światła. Moc 40W i strumień 4000lm dają równomierne światło do codziennej pracy, a barwa 4000K dobrze pasuje do biur, sal sprzedaży i pomieszczeń usługowych. Format 120x30 cm warto porównać z układem sufitu przed montażem.</p>

<h2>Panel LED podtynkowy BAREV BL prostokątna 120x30 cm 40W 4000lm 4000K neutralna IP20 biała - czym wyróżnia się ten produkt?</h2>

<ul>
  <li>- Panel LED podtynkowy BAREV BL prostokątna 120x30 cm 40W 4000lm 4000K neutralna IP20 biała daje szerokie, równomierne światło bez mocno punktowego efektu.</li>
  <li>- Moc 40W i strumień 4000lm pomagają dobrać jasność do funkcji pomieszczenia.</li>
  <li>- Barwa 4000K dobrze pasuje do pracy biurowej, obsługi klienta i nauki.</li>
  <li>- Format 120x30 cm ułatwia dopasowanie do typowych sufitów modułowych lub planowanego układu opraw.</li>
</ul>

<p>Panel LED najlepiej sprawdza się tam, gdzie potrzebne jest spokojne światło na większej powierzchni. Seria BAREV BL może zastąpić starsze oprawy świetlówkowe lub uzupełnić nowy układ oświetlenia w suficie modułowym. Przed zakupem warto sprawdzić format 120x30 cm, oczekiwaną jasność i barwę światła, bo te parametry najbardziej wpływają na komfort pracy w pomieszczeniu.</p>

<h3>Specyfikacja techniczna</h3>

<ul>
<li>- Producent: Kanlux</li>
<li>- Seria: BAREV BL</li>
<li>- Model: BAREV BL 40W 12030 NW</li>
<li>- Kod producenta: 31174</li>
<li>- EAN: 8595665311742</li>
<li>- Typ produktu: panel LED</li>
<li>- Moc [W]: 40W</li>
<li>- Napięcie [V]: 220-240 AC</li>
<li>- Temperatura barwowa [K]: 4000K</li>
<li>- Barwa światła: Neutralna (3500-4500K)</li>
<li>- Strumień świetlny [lm]: 4000lm</li>
<li>- Stopień ochrony [IP]: IP20</li>
<li>- Kąt świecenia: 110°</li>
<li>- Kolor: biały</li>
<li>- Kształt: prostokątna</li>
<li>- Wymiary: 120x30 cm</li>
<li>- Wysokość: 39.45mm</li>
<li>- Średnica: 80mm</li>
</ul>";"{""Producent"":""Kanlux"",""EAN (GTIN)"":""8595665311742"",""Kod producenta"":""31174"",""Typ produktu"":""panel LED"",""Seria"":""BAREV BL"",""Model"":""BAREV BL 40W 12030 NW"",""Moc [W]"":""40W"",""Napięcie [V]"":""220-240 AC"",""Temperatura barwowa [K]"":""4000K"",""Barwa światła"":""Neutralna (3500-4500K)"",""Strumień świetlny [lm]"":""4000lm"",""Stopień ochrony [IP]"":""IP20"",""Kąt świecenia"":""110°"",""Kolor"":""biały"",""Materiał"":""1"",""Kształt"":""prostokątna"",""Wymiary"":""120x30 cm"",""Wysokość"":""39.45mm"",""Średnica"":""80mm""}";https://www.kanlux.com/storage/products/main/big/31174.jpg
;Panel LED podtynkowy BAREV BL kwadratowa 595x595mm 40W 4000lm 4000K neutralna IP20 biała Kanlux 31173;31173/KAN;8595665311735;Kanlux;"<p>Panel LED podtynkowy BAREV BL kwadratowa 595x595mm 40W 4000lm 4000K neutralna IP20 biała to produkt marki Kanlux przeznaczony do biur, recepcji, sal sprzedaży, gabinetów, szkół i innych wnętrz wymagających równego, spokojnego światła. Moc 40W i strumień 4000lm dają równomierne światło do codziennej pracy, a barwa 4000K dobrze pasuje do biur, sal sprzedaży i pomieszczeń usługowych. Format 595x595mm warto porównać z układem sufitu przed montażem.</p>

<h2>Panel LED podtynkowy BAREV BL kwadratowa 595x595mm 40W 4000lm 4000K neutralna IP20 biała - czym wyróżnia się ten produkt?</h2>

<ul>
  <li>- Panel LED podtynkowy BAREV BL kwadratowa 595x595mm 40W 4000lm 4000K neutralna IP20 biała daje szerokie, równomierne światło bez mocno punktowego efektu.</li>
  <li>- Moc 40W i strumień 4000lm pomagają dobrać jasność do funkcji pomieszczenia.</li>
  <li>- Barwa 4000K dobrze pasuje do pracy biurowej, obsługi klienta i nauki.</li>
  <li>- Format 595x595mm ułatwia dopasowanie do typowych sufitów modułowych lub planowanego układu opraw.</li>
</ul>

<p>Panel LED najlepiej sprawdza się tam, gdzie potrzebne jest spokojne światło na większej powierzchni. Seria BAREV BL może zastąpić starsze oprawy świetlówkowe lub uzupełnić nowy układ oświetlenia w suficie modułowym. Przed zakupem warto sprawdzić format 595x595mm, oczekiwaną jasność i barwę światła, bo te parametry najbardziej wpływają na komfort pracy w pomieszczeniu.</p>

<h3>Specyfikacja techniczna</h3>

<ul>
<li>- Producent: Kanlux</li>
<li>- Seria: BAREV BL</li>
<li>- Model: LEDN2</li>
<li>- Kod producenta: 31173</li>
<li>- EAN: 8595665311735</li>
<li>- Typ produktu: panel LED</li>
<li>- Moc [W]: 40W</li>
<li>- Napięcie [V]: 220-240 AC</li>
<li>- Temperatura barwowa [K]: 4000K</li>
<li>- Barwa światła: Neutralna (3500-4500K)</li>
<li>- Strumień świetlny [lm]: 4000lm</li>
<li>- Stopień ochrony [IP]: IP20</li>
<li>- Kąt świecenia: 110°</li>
<li>- Kolor: biały</li>
<li>- Kształt: kwadratowa</li>
<li>- Wymiary: 595x595mm</li>
<li>- Długość: 595mm</li>
<li>- Szerokość: 595mm</li>
<li>- Wysokość: 28mm</li>
</ul>";"{""Producent"":""Kanlux"",""EAN (GTIN)"":""8595665311735"",""Kod producenta"":""31173"",""Typ produktu"":""panel LED"",""Seria"":""BAREV BL"",""Model"":""LEDN2"",""Moc [W]"":""40W"",""Napięcie [V]"":""220-240 AC"",""Temperatura barwowa [K]"":""4000K"",""Barwa światła"":""Neutralna (3500-4500K)"",""Strumień świetlny [lm]"":""4000lm"",""Stopień ochrony [IP]"":""IP20"",""Kąt świecenia"":""110°"",""Kolor"":""biały"",""Materiał"":""1"",""Kształt"":""kwadratowa"",""Wymiary"":""595x595mm"",""Długość"":""595mm"",""Szerokość"":""595mm"",""Wysokość"":""28mm""}";https://www.kanlux.com/storage/products/main/big/31173.jpg
;Plafoniera LED VARSO LED 18W 1700lm 94lm/W 28x28 cm 4000K neutralna IP54 biała Kanlux 26443;26443/KAN;5905339264435;Kanlux;;"{""Producent"":""Kanlux"",""EAN (GTIN)"":""5905339264435"",""Kod producenta"":""26443"",""Typ produktu"":""plafoniera LED z czujnikiem"",""Seria"":""VARSO LED"",""Model"":""28x28cm"",""Moc [W]"":""18W"",""Napięcie [V]"":""220-240 AC"",""Temperatura barwowa [K]"":""4000K"",""Barwa światła"":""Neutralna (3500-4500K)"",""Strumień świetlny [lm]"":""1700lm"",""Stopień ochrony [IP]"":""IP54"",""Kąt świecenia"":""120°"",""Kolor"":""biały"",""Materiał"":""tworzywo sztuczne"",""Wymiary"":""28x28 cm"",""Długość"":""278mm"",""Szerokość"":""278mm"",""Wysokość"":""49mm""}";https://www.kanlux.com/storage/products/main/big/26443.jpg
;Plafoniera LED VARSO LED 18W 1700lm 94lm/W okrągła 28cm 4000K neutralna IP54 biała Kanlux 26441;26441/KAN;5905339264411;Kanlux;"<p>Plafoniera LED VARSO LED 18W 1700lm 94lm/W okrągła 28cm 4000K neutralna IP54 biała to produkt marki Kanlux przeznaczony do klatek schodowych, korytarzy, wejść, pomieszczeń gospodarczych i przejść. Moc 18W wystarcza do oświetlenia przejść, wejść i pomieszczeń pomocniczych, a stopień ochrony IP54 pomaga dobrać oprawę do warunków w miejscu montażu. Wariant z czujnikiem ruchu ogranicza potrzebę ręcznego włączania światła w przestrzeniach używanych krótkotrwale.</p>

<h2>Plafoniera LED VARSO LED 18W 1700lm 94lm/W okrągła 28cm 4000K neutralna IP54 biała - czym wyróżnia się ten produkt?</h2>

<ul>
  <li>- Plafoniera LED VARSO LED 18W 1700lm 94lm/W okrągła 28cm 4000K neutralna IP54 biała zapewnia funkcjonalne światło w miejscach przejściowych i pomocniczych.</li>
  <li>- Czujnik ruchu zwiększa wygodę w korytarzu, przy wejściu lub na klatce schodowej.</li>
  <li>- Stopień ochrony IP54 pomaga dopasować oprawę do warunków w pomieszczeniu.</li>
  <li>- Wymiary wysokość 49mm, średnica 28cm pozwalają zastosować oprawę tam, gdzie liczy się prosta, niska konstrukcja.</li>
</ul>

<p>Plafon z czujnikiem sprawdza się w miejscach, gdzie światło ma włączać się tylko wtedy, gdy ktoś faktycznie korzysta z przestrzeni. Seria VARSO LED jest praktyczna w przejściach i strefach pomocniczych, bo łączy prostą formę z automatycznym działaniem. Przy montażu warto uwzględnić zasięg czujnika, średnicę oprawy oraz stopień ochrony IP54.</p>

<h3>Specyfikacja techniczna</h3>

<ul>
<li>- Producent: Kanlux</li>
<li>- Seria: VARSO LED</li>
<li>- Model: VARSO LED 18W-NW-O</li>
<li>- Kod producenta: 26441</li>
<li>- EAN: 5905339264411</li>
<li>- Typ produktu: plafoniera LED z czujnikiem</li>
<li>- Moc [W]: 18W</li>
<li>- Napięcie [V]: 220-240 AC</li>
<li>- Temperatura barwowa [K]: 4000K</li>
<li>- Barwa światła: Neutralna (3500-4500K)</li>
<li>- Strumień świetlny [lm]: 1700lm</li>
<li>- Stopień ochrony [IP]: IP54</li>
<li>- Kąt świecenia: 120°</li>
<li>- Kolor: biały</li>
<li>- Materiał: tworzywo sztuczne</li>
<li>- Kształt: okrągła</li>
<li>- Wysokość: 49mm</li>
<li>- Średnica: 28cm</li>
</ul>";"{""Producent"":""Kanlux"",""EAN (GTIN)"":""5905339264411"",""Kod producenta"":""26441"",""Typ produktu"":""plafoniera LED z czujnikiem"",""Seria"":""VARSO LED"",""Model"":""VARSO LED 18W-NW-O"",""Moc [W]"":""18W"",""Napięcie [V]"":""220-240 AC"",""Temperatura barwowa [K]"":""4000K"",""Barwa światła"":""Neutralna (3500-4500K)"",""Strumień świetlny [lm]"":""1700lm"",""Stopień ochrony [IP]"":""IP54"",""Kąt świecenia"":""120°"",""Kolor"":""biały"",""Materiał"":""tworzywo sztuczne"",""Kształt"":""okrągła"",""Wysokość"":""49mm"",""Średnica"":""28cm""}";https://www.kanlux.com/storage/products/main/big/26441.jpg
;Plafoniera LED VARSO LED 18W 1620lm 90lm/W okrągła 28cm 3000K ciepłobiała IP54 biała Kanlux 26440;26440/KAN;5905339264404;Kanlux;;"{""Producent"":""Kanlux"",""EAN (GTIN)"":""5905339264404"",""Kod producenta"":""26440"",""Typ produktu"":""plafoniera LED z czujnikiem"",""Seria"":""VARSO LED"",""Model"":""VARSO LED 18W-WW-O"",""Moc [W]"":""18W"",""Napięcie [V]"":""220-240 AC"",""Temperatura barwowa [K]"":""3000K"",""Barwa światła"":""Ciepła (≤3000K)"",""Strumień świetlny [lm]"":""1620lm"",""Stopień ochrony [IP]"":""IP54"",""Kąt świecenia"":""120°"",""Kolor"":""biały"",""Materiał"":""tworzywo sztuczne"",""Kształt"":""okrągła"",""Wysokość"":""49mm"",""Średnica"":""28cm""}";https://www.kanlux.com/storage/products/main/big/26440.jpg
;Plafoniera LED VARSO LED 18W 1700lm 94lm/W 28x28 cm 4000K neutralna IP54 z czujnikiem ruchu biała Kanlux 26980;26980/KAN;5905339269805;Kanlux;;"{""Producent"":""Kanlux"",""EAN (GTIN)"":""5905339269805"",""Kod producenta"":""26980"",""Typ produktu"":""plafoniera LED z czujnikiem"",""Seria"":""VARSO LED"",""Model"":""28x28cm"",""Moc [W]"":""18W"",""Napięcie [V]"":""220-240 AC"",""Temperatura barwowa [K]"":""4000K"",""Barwa światła"":""Neutralna (3500-4500K)"",""Strumień świetlny [lm]"":""1700lm"",""Stopień ochrony [IP]"":""IP54"",""Kąt świecenia"":""120°"",""Kolor"":""biały"",""Materiał"":""tworzywo sztuczne"",""Wymiary"":""28x28 cm"",""Długość"":""278mm"",""Szerokość"":""278mm"",""Wysokość"":""49mm"",""Czujnik ruchu"":""z czujnikiem ruchu""}";https://www.kanlux.com/storage/products/main/big/26980.jpg
;Plafoniera LED VARSO LED 18W 1700lm 94lm/W okrągła 28cm 4000K neutralna IP54 z czujnikiem ruchu biała Kanlux 26981;26981/KAN;5905339269812;Kanlux;"<p>Plafoniera LED VARSO LED 18W 1700lm 94lm/W okrągła 28cm 4000K neutralna IP54 z czujnikiem ruchu biała to produkt marki Kanlux przeznaczony do klatek schodowych, korytarzy, wejść, pomieszczeń gospodarczych i przejść. Moc 18W wystarcza do oświetlenia przejść, wejść i pomieszczeń pomocniczych, a stopień ochrony IP54 pomaga dobrać oprawę do warunków w miejscu montażu. Wariant z czujnikiem ruchu ogranicza potrzebę ręcznego włączania światła w przestrzeniach używanych krótkotrwale.</p>

<h2>Plafoniera LED VARSO LED 18W 1700lm 94lm/W okrągła 28cm 4000K neutralna IP54 z czujnikiem ruchu biała - czym wyróżnia się ten produkt?</h2>

<ul>
  <li>- Plafoniera LED VARSO LED 18W 1700lm 94lm/W okrągła 28cm 4000K neutralna IP54 z czujnikiem ruchu biała zapewnia funkcjonalne światło w miejscach przejściowych i pomocniczych.</li>
  <li>- Czujnik ruchu zwiększa wygodę w korytarzu, przy wejściu lub na klatce schodowej.</li>
  <li>- Stopień ochrony IP54 pomaga dopasować oprawę do warunków w pomieszczeniu.</li>
  <li>- Wymiary wysokość 49mm, średnica 28cm pozwalają zastosować oprawę tam, gdzie liczy się prosta, niska konstrukcja.</li>
</ul>

<p>Plafon z czujnikiem sprawdza się w miejscach, gdzie światło ma włączać się tylko wtedy, gdy ktoś faktycznie korzysta z przestrzeni. Seria VARSO LED jest praktyczna w przejściach i strefach pomocniczych, bo łączy prostą formę z automatycznym działaniem. Przy montażu warto uwzględnić zasięg czujnika, średnicę oprawy oraz stopień ochrony IP54.</p>

<h3>Specyfikacja techniczna</h3>

<ul>
<li>- Producent: Kanlux</li>
<li>- Seria: VARSO LED</li>
<li>- Model: VARSO LED 18W-NW-O-SE</li>
<li>- Kod producenta: 26981</li>
<li>- EAN: 5905339269812</li>
<li>- Typ produktu: plafoniera LED z czujnikiem</li>
<li>- Moc [W]: 18W</li>
<li>- Napięcie [V]: 220-240 AC</li>
<li>- Temperatura barwowa [K]: 4000K</li>
<li>- Barwa światła: Neutralna (3500-4500K)</li>
<li>- Strumień świetlny [lm]: 1700lm</li>
<li>- Stopień ochrony [IP]: IP54</li>
<li>- Kąt świecenia: 120°</li>
<li>- Czujnik ruchu: z czujnikiem ruchu</li>
<li>- Kolor: biały</li>
<li>- Materiał: tworzywo sztuczne</li>
<li>- Kształt: okrągła</li>
<li>- Wysokość: 49mm</li>
<li>- Średnica: 28cm</li>
</ul>";"{""Producent"":""Kanlux"",""EAN (GTIN)"":""5905339269812"",""Kod producenta"":""26981"",""Typ produktu"":""plafoniera LED z czujnikiem"",""Seria"":""VARSO LED"",""Model"":""VARSO LED 18W-NW-O-SE"",""Moc [W]"":""18W"",""Napięcie [V]"":""220-240 AC"",""Temperatura barwowa [K]"":""4000K"",""Barwa światła"":""Neutralna (3500-4500K)"",""Strumień świetlny [lm]"":""1700lm"",""Stopień ochrony [IP]"":""IP54"",""Kąt świecenia"":""120°"",""Kolor"":""biały"",""Materiał"":""tworzywo sztuczne"",""Kształt"":""okrągła"",""Wysokość"":""49mm"",""Średnica"":""28cm"",""Czujnik ruchu"":""z czujnikiem ruchu""}";https://www.kanlux.com/storage/products/main/big/26981.jpg
;Plafoniera LED VARSO LED 24W 2280lm 95lm/W 33x33 cm 4000K neutralna IP54 biała Kanlux 26447;26447/KAN;5905339264473;Kanlux;;"{""Producent"":""Kanlux"",""EAN (GTIN)"":""5905339264473"",""Kod producenta"":""26447"",""Typ produktu"":""plafoniera LED z czujnikiem"",""Seria"":""VARSO LED"",""Model"":""33x33cm"",""Moc [W]"":""24W"",""Napięcie [V]"":""220-240 AC"",""Temperatura barwowa [K]"":""4000K"",""Barwa światła"":""Neutralna (3500-4500K)"",""Strumień świetlny [lm]"":""2280lm"",""Stopień ochrony [IP]"":""IP54"",""Kąt świecenia"":""120°"",""Kolor"":""biały"",""Materiał"":""tworzywo sztuczne"",""Wymiary"":""33x33 cm""}";https://www.kanlux.com/storage/products/main/big/26447.jpg
;Plafoniera LED VARSO LED 24W 2280lm 95lm/W okrągła 33cm 4000K neutralna IP54 biała Kanlux 26445;26445/KAN;5905339264459;Kanlux;;"{""Producent"":""Kanlux"",""EAN (GTIN)"":""5905339264459"",""Kod producenta"":""26445"",""Typ produktu"":""plafoniera LED z czujnikiem"",""Seria"":""VARSO LED"",""Model"":""VARSO LED 24W-NW-O"",""Moc [W]"":""24W"",""Napięcie [V]"":""220-240 AC"",""Temperatura barwowa [K]"":""4000K"",""Barwa światła"":""Neutralna (3500-4500K)"",""Strumień świetlny [lm]"":""2280lm"",""Stopień ochrony [IP]"":""IP54"",""Kąt świecenia"":""120°"",""Kolor"":""biały"",""Materiał"":""tworzywo sztuczne"",""Kształt"":""okrągła"",""Wysokość"":""49mm"",""Średnica"":""33cm""}";https://www.kanlux.com/storage/products/main/big/26445.jpg
;Plafoniera LED VARSO LED 24W 2160lm 90lm/W okrągła 33cm 3000K ciepłobiała IP54 biała Kanlux 26444;26444/KAN;5905339264442;Kanlux;;"{""Producent"":""Kanlux"",""EAN (GTIN)"":""5905339264442"",""Kod producenta"":""26444"",""Typ produktu"":""plafoniera LED z czujnikiem"",""Seria"":""VARSO LED"",""Model"":""VARSO LED 24W-WW-O"",""Moc [W]"":""24W"",""Napięcie [V]"":""220-240 AC"",""Temperatura barwowa [K]"":""3000K"",""Barwa światła"":""Ciepła (≤3000K)"",""Strumień świetlny [lm]"":""2160lm"",""Stopień ochrony [IP]"":""IP54"",""Kąt świecenia"":""120°"",""Kolor"":""biały"",""Materiał"":""tworzywo sztuczne"",""Kształt"":""okrągła"",""Wysokość"":""49mm"",""Średnica"":""33cm""}";https://www.kanlux.com/storage/products/main/big/26444.jpg
;Plafoniera LED VARSO LED 24W 2280lm 95lm/W 33x33 cm 4000K neutralna IP54 z czujnikiem ruchu biała Kanlux 26983;26983/KAN;5905339269836;Kanlux;;"{""Producent"":""Kanlux"",""EAN (GTIN)"":""5905339269836"",""Kod producenta"":""26983"",""Typ produktu"":""plafoniera LED z czujnikiem"",""Seria"":""VARSO LED"",""Model"":""33x33cm"",""Moc [W]"":""24W"",""Napięcie [V]"":""220-240 AC"",""Temperatura barwowa [K]"":""4000K"",""Barwa światła"":""Neutralna (3500-4500K)"",""Strumień świetlny [lm]"":""2280lm"",""Stopień ochrony [IP]"":""IP54"",""Kąt świecenia"":""120°"",""Kolor"":""biały"",""Materiał"":""tworzywo sztuczne"",""Wymiary"":""33x33 cm"",""Długość"":""327mm"",""Szerokość"":""327mm"",""Wysokość"":""49mm"",""Czujnik ruchu"":""z czujnikiem ruchu""}";https://www.kanlux.com/storage/products/main/big/26983.jpg
;Plafoniera LED VARSO LED 24W 2280lm 95lm/W okrągła 33cm 4000K neutralna IP54 z czujnikiem ruchu biała Kanlux 26984;26984/KAN;5905339269843;Kanlux;;"{""Producent"":""Kanlux"",""EAN (GTIN)"":""5905339269843"",""Kod producenta"":""26984"",""Typ produktu"":""plafoniera LED z czujnikiem"",""Seria"":""VARSO LED"",""Model"":""VARSO LED 24W-NW-O-SE"",""Moc [W]"":""24W"",""Napięcie [V]"":""220-240 AC"",""Temperatura barwowa [K]"":""4000K"",""Barwa światła"":""Neutralna (3500-4500K)"",""Strumień świetlny [lm]"":""2280lm"",""Stopień ochrony [IP]"":""IP54"",""Kąt świecenia"":""120°"",""Kolor"":""biały"",""Materiał"":""tworzywo sztuczne"",""Kształt"":""okrągła"",""Wysokość"":""49mm"",""Średnica"":""33cm"",""Czujnik ruchu"":""z czujnikiem ruchu""}";https://www.kanlux.com/storage/products/main/big/26984.jpg
;Plafoniera LED FOGLER 14W 800lm 57lm/W 290mm 4000K neutralna IP20 z czujnikiem ruchu PIR biała Kanlux 18121;18121/KAN;5905339181213;Kanlux;"<p>Plafoniera LED FOGLER 14W 800lm 57lm/W 290mm 4000K neutralna IP20 z czujnikiem ruchu PIR biała to produkt marki Kanlux przeznaczony do klatek schodowych, korytarzy, wejść, pomieszczeń gospodarczych i przejść. Moc 14W wystarcza do oświetlenia przejść, wejść i pomieszczeń pomocniczych, a stopień ochrony IP20 pomaga dobrać oprawę do warunków w miejscu montażu. Wariant z czujnikiem ruchu ogranicza potrzebę ręcznego włączania światła w przestrzeniach używanych krótkotrwale.</p>

<h2>Plafoniera LED FOGLER 14W 800lm 57lm/W 290mm 4000K neutralna IP20 z czujnikiem ruchu PIR biała - czym wyróżnia się ten produkt?</h2>

<ul>
  <li>- Plafoniera LED FOGLER 14W 800lm 57lm/W 290mm 4000K neutralna IP20 z czujnikiem ruchu PIR biała zapewnia funkcjonalne światło w miejscach przejściowych i pomocniczych.</li>
  <li>- Czujnik ruchu zwiększa wygodę w korytarzu, przy wejściu lub na klatce schodowej.</li>
  <li>- Stopień ochrony IP20 pomaga dopasować oprawę do warunków w pomieszczeniu.</li>
  <li>- Wymiary wysokość 80mm, średnica 290mm pozwalają zastosować oprawę tam, gdzie liczy się prosta, niska konstrukcja.</li>
</ul>

<p>Plafon z czujnikiem sprawdza się w miejscach, gdzie światło ma włączać się tylko wtedy, gdy ktoś faktycznie korzysta z przestrzeni. Seria FOGLER jest praktyczna w przejściach i strefach pomocniczych, bo łączy prostą formę z automatycznym działaniem. Przy montażu warto uwzględnić zasięg czujnika, średnicę oprawy oraz stopień ochrony IP20.</p>

<h3>Specyfikacja techniczna</h3>

<ul>
<li>- Producent: Kanlux</li>
<li>- Seria: FOGLER</li>
<li>- Model: FOGLER LED 14W-NW</li>
<li>- Kod producenta: 18121</li>
<li>- EAN: 5905339181213</li>
<li>- Typ produktu: plafoniera z czujnikiem ruchu</li>
<li>- Moc [W]: 14W</li>
<li>- Napięcie [V]: 220-240 AC</li>
<li>- Temperatura barwowa [K]: 4000K</li>
<li>- Barwa światła: Neutralna (3500-4500K)</li>
<li>- Strumień świetlny [lm]: 800lm</li>
<li>- Stopień ochrony [IP]: IP20</li>
<li>- Kąt świecenia: 110°</li>
<li>- Czujnik ruchu: z czujnikiem ruchu PIR</li>
<li>- Kolor: biały</li>
<li>- Materiał: PC</li>
<li>- Wysokość: 80mm</li>
<li>- Średnica: 290mm</li>
</ul>";"{""Producent"":""Kanlux"",""EAN (GTIN)"":""5905339181213"",""Kod producenta"":""18121"",""Typ produktu"":""plafoniera z czujnikiem ruchu"",""Seria"":""FOGLER"",""Model"":""FOGLER LED 14W-NW"",""Moc [W]"":""14W"",""Napięcie [V]"":""220-240 AC"",""Temperatura barwowa [K]"":""4000K"",""Barwa światła"":""Neutralna (3500-4500K)"",""Strumień świetlny [lm]"":""800lm"",""Stopień ochrony [IP]"":""IP20"",""Kąt świecenia"":""110°"",""Kolor"":""biały"",""Materiał"":""PC"",""Wysokość"":""80mm"",""Średnica"":""290mm"",""Czujnik ruchu"":""z czujnikiem ruchu PIR""}";https://www.kanlux.com/storage/products/main/big/18121.jpg
;Plafoniera FOGLER E27 300mm IP20 z czujnikiem ruchu PIR biała Kanlux 18120;18120/KAN;5905339181206;Kanlux;"<p>Plafoniera FOGLER E27 300mm IP20 z czujnikiem ruchu PIR biała to produkt marki Kanlux przeznaczony do klatek schodowych, korytarzy, wejść, pomieszczeń gospodarczych i przejść. Moc 40W wystarcza do oświetlenia przejść, wejść i pomieszczeń pomocniczych, a stopień ochrony IP20 pomaga dobrać oprawę do warunków w miejscu montażu. Wariant z czujnikiem ruchu ogranicza potrzebę ręcznego włączania światła w przestrzeniach używanych krótkotrwale.</p>

<h2>Plafoniera FOGLER E27 300mm IP20 z czujnikiem ruchu PIR biała - czym wyróżnia się ten produkt?</h2>

<ul>
  <li>- Plafoniera FOGLER E27 300mm IP20 z czujnikiem ruchu PIR biała zapewnia funkcjonalne światło w miejscach przejściowych i pomocniczych.</li>
  <li>- Czujnik ruchu zwiększa wygodę w korytarzu, przy wejściu lub na klatce schodowej.</li>
  <li>- Stopień ochrony IP20 pomaga dopasować oprawę do warunków w pomieszczeniu.</li>
  <li>- Wymiary wysokość 95mm, średnica 300mm pozwalają zastosować oprawę tam, gdzie liczy się prosta, niska konstrukcja.</li>
</ul>

<p>Plafon z czujnikiem sprawdza się w miejscach, gdzie światło ma włączać się tylko wtedy, gdy ktoś faktycznie korzysta z przestrzeni. Seria FOGLER jest praktyczna w przejściach i strefach pomocniczych, bo łączy prostą formę z automatycznym działaniem. Przy montażu warto uwzględnić zasięg czujnika, średnicę oprawy oraz stopień ochrony IP20.</p>

<h3>Specyfikacja techniczna</h3>

<ul>
<li>- Producent: Kanlux</li>
<li>- Seria: FOGLER</li>
<li>- Model: DL-240O</li>
<li>- Kod producenta: 18120</li>
<li>- EAN: 5905339181206</li>
<li>- Typ produktu: plafoniera z czujnikiem ruchu</li>
<li>- Moc [W]: 40W</li>
<li>- Napięcie [V]: 220-240 AC</li>
<li>- Stopień ochrony [IP]: IP20</li>
<li>- Trzonek: E27</li>
<li>- Czujnik ruchu: z czujnikiem ruchu PIR</li>
<li>- Kolor: biały</li>
<li>- Materiał: szkło</li>
<li>- Wysokość: 95mm</li>
<li>- Średnica: 300mm</li>
</ul>";"{""Producent"":""Kanlux"",""EAN (GTIN)"":""5905339181206"",""Kod producenta"":""18120"",""Typ produktu"":""plafoniera z czujnikiem ruchu"",""Seria"":""FOGLER"",""Model"":""DL-240O"",""Moc [W]"":""40W"",""Napięcie [V]"":""220-240 AC"",""Stopień ochrony [IP]"":""IP20"",""Kolor"":""biały"",""Trzonek"":""E27"",""Materiał"":""szkło"",""Wysokość"":""95mm"",""Średnica"":""300mm"",""Czujnik ruchu"":""z czujnikiem ruchu PIR""}";https://www.kanlux.com/storage/products/main/big/18120.jpg
;Naświetlacz LED IQ-LED FL 10W 1200lm 120lm/W 4000K 100° IP65 biały Kanlux 33880;33880/KAN;5905339338808;Kanlux;;"{""Producent"":""Kanlux"",""EAN (GTIN)"":""5905339338808"",""Kod producenta"":""33880"",""Typ produktu"":""naświetlacz IQ-LED"",""Seria"":""IQ-LED FL"",""Model"":""IQ-LED FL-10W-NW"",""Moc [W]"":""10W"",""Napięcie [V]"":""220-240 AC"",""Temperatura barwowa [K]"":""4000K"",""Barwa światła"":""Neutralna (3500-4500K)"",""Strumień świetlny [lm]"":""1200lm"",""Stopień ochrony [IP]"":""IP65"",""Kąt świecenia"":""100°"",""Kolor"":""biały"",""Materiał"":""szkło hartowane"",""Wymiary"":""0.3 x 92mm"",""Długość"":""0.3"",""Szerokość"":""92mm"",""Wysokość"":""109mm"",""Gwarancja"":""5 lat""}";https://www.kanlux.com/storage/products/main/big/33880.jpg
;Naświetlacz LED IQ-LED FL 10W 1200lm 120lm/W 4000K 100° IP65 z czujnikiem ruchu biały Kanlux 33885;33885/KAN;5905339338853;Kanlux;;"{""Producent"":""Kanlux"",""EAN (GTIN)"":""5905339338853"",""Kod producenta"":""33885"",""Typ produktu"":""naświetlacz IQ-LED"",""Seria"":""IQ-LED FL"",""Model"":""IQ-LED FL-10W-NW-SE"",""Moc [W]"":""10W"",""Napięcie [V]"":""220-240 AC"",""Temperatura barwowa [K]"":""4000K"",""Barwa światła"":""Neutralna (3500-4500K)"",""Strumień świetlny [lm]"":""1200lm"",""Stopień ochrony [IP]"":""IP65"",""Kąt świecenia"":""100°"",""Kolor"":""biały"",""Materiał"":""szkło hartowane"",""Wymiary"":""0.3 x 135mm"",""Długość"":""0.3"",""Szerokość"":""135mm"",""Wysokość"":""164mm"",""Czujnik ruchu"":""z czujnikiem ruchu"",""Gwarancja"":""5 lat""}";https://www.kanlux.com/storage/products/main/big/33885.jpg
;Naświetlacz LED IQ-LED FL 20W 2300lm 115lm/W 4000K 100° IP65 biały Kanlux 33881;33881/KAN;5905339338815;Kanlux;;"{""Producent"":""Kanlux"",""EAN (GTIN)"":""5905339338815"",""Kod producenta"":""33881"",""Typ produktu"":""naświetlacz IQ-LED"",""Seria"":""IQ-LED FL"",""Model"":""IQ-LED FL-20W-NW"",""Moc [W]"":""20W"",""Napięcie [V]"":""220-240 AC"",""Temperatura barwowa [K]"":""4000K"",""Barwa światła"":""Neutralna (3500-4500K)"",""Strumień świetlny [lm]"":""2300lm"",""Stopień ochrony [IP]"":""IP65"",""Kąt świecenia"":""100°"",""Kolor"":""biały"",""Materiał"":""szkło hartowane"",""Wymiary"":""0.3 x 135mm"",""Długość"":""0.3"",""Szerokość"":""135mm"",""Wysokość"":""165mm"",""Gwarancja"":""5 lat""}";https://www.kanlux.com/storage/products/main/big/33881.jpg
;Naświetlacz LED IQ-LED FL 20W 2300lm 115lm/W 4000K 100° IP65 z czujnikiem ruchu biały Kanlux 33886;33886/KAN;5905339338860;Kanlux;;"{""Producent"":""Kanlux"",""EAN (GTIN)"":""5905339338860"",""Kod producenta"":""33886"",""Typ produktu"":""naświetlacz IQ-LED"",""Seria"":""IQ-LED FL"",""Model"":""IQ-LED FL-20W-NW-SE"",""Moc [W]"":""20W"",""Napięcie [V]"":""220-240 AC"",""Temperatura barwowa [K]"":""4000K"",""Barwa światła"":""Neutralna (3500-4500K)"",""Strumień świetlny [lm]"":""2300lm"",""Stopień ochrony [IP]"":""IP65"",""Kąt świecenia"":""100°"",""Kolor"":""biały"",""Materiał"":""szkło hartowane"",""Wymiary"":""0.3 x 135mm"",""Długość"":""0.3"",""Szerokość"":""135mm"",""Wysokość"":""164mm"",""Czujnik ruchu"":""z czujnikiem ruchu"",""Gwarancja"":""5 lat""}";https://www.kanlux.com/storage/products/main/big/33886.jpg
;Naświetlacz LED IQ-LED FL 30W 3450lm 115lm/W 4000K 100° IP65 biały Kanlux 33882;33882/KAN;5905339338822;Kanlux;;"{""Producent"":""Kanlux"",""EAN (GTIN)"":""5905339338822"",""Kod producenta"":""33882"",""Typ produktu"":""naświetlacz IQ-LED"",""Seria"":""IQ-LED FL"",""Model"":""IQ-LED FL-30W-NW"",""Moc [W]"":""30W"",""Napięcie [V]"":""220-240 AC"",""Temperatura barwowa [K]"":""4000K"",""Barwa światła"":""Neutralna (3500-4500K)"",""Strumień świetlny [lm]"":""3450lm"",""Stopień ochrony [IP]"":""IP65"",""Kąt świecenia"":""100°"",""Kolor"":""biały"",""Materiał"":""szkło hartowane"",""Wymiary"":""0.3 x 135mm"",""Długość"":""0.3"",""Szerokość"":""135mm"",""Wysokość"":""186mm"",""Gwarancja"":""5 lat""}";https://www.kanlux.com/storage/products/main/big/33882.jpg
;Naświetlacz LED IQ-LED FL 30W 3450lm 115lm/W 4000K 100° IP65 z czujnikiem ruchu biały Kanlux 33887;33887/KAN;5905339338877;Kanlux;;"{""Producent"":""Kanlux"",""EAN (GTIN)"":""5905339338877"",""Kod producenta"":""33887"",""Typ produktu"":""naświetlacz IQ-LED"",""Seria"":""IQ-LED FL"",""Model"":""IQ-LED FL-30W-NW-SE"",""Moc [W]"":""30W"",""Napięcie [V]"":""220-240 AC"",""Temperatura barwowa [K]"":""4000K"",""Barwa światła"":""Neutralna (3500-4500K)"",""Strumień świetlny [lm]"":""3450lm"",""Stopień ochrony [IP]"":""IP65"",""Kąt świecenia"":""100°"",""Kolor"":""biały"",""Materiał"":""szkło hartowane"",""Wymiary"":""0.3 x 135mm"",""Długość"":""0.3"",""Szerokość"":""135mm"",""Wysokość"":""186mm"",""Czujnik ruchu"":""z czujnikiem ruchu"",""Gwarancja"":""5 lat""}";https://www.kanlux.com/storage/products/main/big/33887.jpg
;Naświetlacz LED IQ-LED FL 50W 6000lm 120lm/W 4000K 100° IP65 biały Kanlux 33883;33883/KAN;5905339338839;Kanlux;"<p>Naświetlacz LED IQ-LED FL 50W 6000lm 120lm/W 4000K 100° IP65 biały to produkt marki Kanlux przeznaczony do oświetlania elewacji, podjazdów, bram, placów, stref dostaw i zewnętrznych ciągów komunikacyjnych. Moc 50W i strumień 6000lm pozwalają doświetlić podjazd, elewację, bramę lub plac, a barwa 4000K daje czytelne światło bez mocno żółtego odcienia. Stopień ochrony IP65 ma znaczenie przy pracy na zewnątrz, gdzie oprawa ma kontakt z wilgocią, pyłem i zmianami pogody.</p>

<h2>Naświetlacz LED IQ-LED FL 50W 6000lm 120lm/W 4000K 100° IP65 biały - czym wyróżnia się ten produkt?</h2>

<ul>
  <li>- Naświetlacz LED IQ-LED FL 50W 6000lm 120lm/W 4000K 100° IP65 biały skutecznie doświetla wybraną strefę na zewnątrz budynku.</li>
  <li>- Strumień 6000lm i kąt 100° pomagają prowadzić światło na podjazd, elewację lub bramę.</li>
  <li>- Stopień ochrony IP65 ułatwia pracę w deszczu, pyle i zmiennych warunkach pogodowych.</li>
  <li>- Barwa 4000K daje praktyczne światło do orientacji i pracy po zmroku.</li>
</ul>

<p>Naświetlacz powinien być dobrany do szerokości strefy, wysokości montażu i kierunku, w którym ma świecić. Seria IQ-LED FL sprawdzi się przy budynku, bramie, podjeździe lub strefie technicznej, gdzie ważna jest widoczność po zmroku. W praktyce największe znaczenie mają strumień świetlny, kąt świecenia i stopień ochrony IP65.</p>

<h3>Specyfikacja techniczna</h3>

<ul>
<li>- Producent: Kanlux</li>
<li>- Seria: IQ-LED FL</li>
<li>- Model: IQ-LED FL-50W-NW</li>
<li>- Kod producenta: 33883</li>
<li>- EAN: 5905339338839</li>
<li>- Typ produktu: naświetlacz IQ-LED</li>
<li>- Moc [W]: 50W</li>
<li>- Napięcie [V]: 220-240 AC</li>
<li>- Temperatura barwowa [K]: 4000K</li>
<li>- Barwa światła: Neutralna (3500-4500K)</li>
<li>- Strumień świetlny [lm]: 6000lm</li>
<li>- Stopień ochrony [IP]: IP65</li>
<li>- Kąt świecenia: 100°</li>
<li>- Kolor: biały</li>
<li>- Materiał: szkło hartowane</li>
<li>- Wymiary: 0.3 x 180mm</li>
<li>- Długość: 0.3</li>
<li>- Szerokość: 180mm</li>
<li>- Wysokość: 241mm</li>
<li>- Gwarancja: 5 lat</li>
</ul>";"{""Producent"":""Kanlux"",""EAN (GTIN)"":""5905339338839"",""Kod producenta"":""33883"",""Typ produktu"":""naświetlacz IQ-LED"",""Seria"":""IQ-LED FL"",""Model"":""IQ-LED FL-50W-NW"",""Moc [W]"":""50W"",""Napięcie [V]"":""220-240 AC"",""Temperatura barwowa [K]"":""4000K"",""Barwa światła"":""Neutralna (3500-4500K)"",""Strumień świetlny [lm]"":""6000lm"",""Stopień ochrony [IP]"":""IP65"",""Kąt świecenia"":""100°"",""Kolor"":""biały"",""Materiał"":""szkło hartowane"",""Wymiary"":""0.3 x 180mm"",""Długość"":""0.3"",""Szerokość"":""180mm"",""Wysokość"":""241mm"",""Gwarancja"":""5 lat""}";https://www.kanlux.com/storage/products/main/big/33883.jpg
;Naświetlacz LED IQ-LED FL 50W 6000lm 120lm/W 4000K 100° IP65 z czujnikiem ruchu biały Kanlux 33888;33888/KAN;5905339338884;Kanlux;;"{""Producent"":""Kanlux"",""EAN (GTIN)"":""5905339338884"",""Kod producenta"":""33888"",""Typ produktu"":""naświetlacz IQ-LED"",""Seria"":""IQ-LED FL"",""Model"":""IQ-LED FL-50W-NW-SE"",""Moc [W]"":""50W"",""Napięcie [V]"":""220-240 AC"",""Temperatura barwowa [K]"":""4000K"",""Barwa światła"":""Neutralna (3500-4500K)"",""Strumień świetlny [lm]"":""6000lm"",""Stopień ochrony [IP]"":""IP65"",""Kąt świecenia"":""100°"",""Kolor"":""biały"",""Materiał"":""szkło hartowane"",""Wymiary"":""0.3 x 180mm"",""Długość"":""0.3"",""Szerokość"":""180mm"",""Wysokość"":""240mm"",""Czujnik ruchu"":""z czujnikiem ruchu"",""Gwarancja"":""5 lat""}";https://www.kanlux.com/storage/products/main/big/33888.jpg
;Naświetlacz LED IQ-LED FL 90W 10800lm 120lm/W 4000K 100° IP65 biały Kanlux 33884;33884/KAN;5905339338846;Kanlux;;"{""Producent"":""Kanlux"",""EAN (GTIN)"":""5905339338846"",""Kod producenta"":""33884"",""Typ produktu"":""naświetlacz IQ-LED"",""Seria"":""IQ-LED FL"",""Model"":""IQ-LED FL-90W-NW"",""Moc [W]"":""90W"",""Napięcie [V]"":""220-240 AC"",""Temperatura barwowa [K]"":""4000K"",""Barwa światła"":""Neutralna (3500-4500K)"",""Strumień świetlny [lm]"":""10800lm"",""Stopień ochrony [IP]"":""IP65"",""Kąt świecenia"":""100°"",""Kolor"":""biały"",""Materiał"":""szkło hartowane"",""Wymiary"":""0.3 x 243mm"",""Długość"":""0.3"",""Szerokość"":""243mm"",""Wysokość"":""314mm"",""Gwarancja"":""5 lat""}";https://www.kanlux.com/storage/products/main/big/33884.jpg
;Konektor IQ-LED FL QC 3x1mm2 Kanlux 33897;33897/KAN;5905339338976;Kanlux;;"{""Producent"":""Kanlux"",""EAN (GTIN)"":""5905339338976"",""Kod producenta"":""33897"",""Typ produktu"":""IQ-LED"",""Seria"":""IQ-LED FL"",""Model"":""IQ-LED FLN QCI 3x1MM2"",""Napięcie [V]"":""250 AC"",""Wymiary"":""3x1mm2"",""Długość"":""60mm"",""Średnica"":""22mm""}";https://www.kanlux.com/storage/products/main/big/33897.jpg
;Oprawa hermetyczna LED DICHT 4LED 660mm 2x18W IP65 szary Kanlux 31320;31320/KAN;8595665313203;Kanlux;;"{""Producent"":""Kanlux"",""EAN (GTIN)"":""8595665313203"",""Kod producenta"":""31320"",""Typ produktu"":""oprawa hermetyczna LED"",""Seria"":""DICHT 4LED"",""Model"":""4LED"",""Moc [W]"":""2x18W"",""Napięcie [V]"":""220-240 AC"",""Stopień ochrony [IP]"":""IP65"",""Kolor"":""szary"",""Trzonek"":""G13"",""Materiał"":""PS"",""Wymiary"":""660x95mm"",""Długość"":""660mm"",""Szerokość"":""95mm"",""Wysokość"":""60mm""}";https://www.kanlux.com/storage/products/main/big/31320.jpg
;Oprawa hermetyczna LED DICHT 4LED 1270mm 2x36W IP65 szary Kanlux 31321;31321/KAN;8595665313210;Kanlux;"<p>Oprawa hermetyczna LED DICHT 4LED 1270mm 2x36W IP65 szary to produkt marki Kanlux przeznaczony do garaży, zapleczy, piwnic, warsztatów, korytarzy technicznych i miejsc narażonych na kurz lub wilgoć. Moc 2x36W i strumień świetlny pomagają dobrać ilość światła do garażu, warsztatu, zaplecza lub korytarza technicznego. Stopień ochrony IP65 chroni oprawę w miejscach narażonych na kurz i wilgoć, a długość 1270mm ułatwia planowanie rozmieszczenia punktów.</p>

<h2>Oprawa hermetyczna LED DICHT 4LED 1270mm 2x36W IP65 szary - czym wyróżnia się ten produkt?</h2>

<ul>
  <li>- Oprawa hermetyczna LED DICHT 4LED 1270mm 2x36W IP65 szary zapewnia stabilne oświetlenie robocze w pomieszczeniach technicznych i gospodarczych.</li>
  <li>- Parametry 2x36W i strumienia świetlnego pomagają dobrać oprawę do wielkości pomieszczenia.</li>
  <li>- Stopień ochrony IP65 ogranicza wpływ kurzu i wilgoci na codzienne użytkowanie.</li>
  <li>- Konstrukcja z materiału PS oraz wymiary 1270x95mm ułatwiają zaplanowanie montażu.</li>
</ul>

<p>W oprawach technicznych liczy się nie tylko jasność, ale też odporność obudowy i łatwe utrzymanie czystości. Seria DICHT 4LED będzie dobrym wyborem do miejsc, w których oprawa ma działać regularnie i bez skomplikowanej obsługi. Przed montażem warto porównać długość, sposób zasilania i stopień ochrony IP65 z warunkami konkretnego pomieszczenia.</p>

<h3>Specyfikacja techniczna</h3>

<ul>
<li>- Producent: Kanlux</li>
<li>- Seria: DICHT 4LED</li>
<li>- Model: 4LED</li>
<li>- Kod producenta: 31321</li>
<li>- EAN: 8595665313210</li>
<li>- Typ produktu: oprawa hermetyczna LED</li>
<li>- Moc [W]: 2x36W</li>
<li>- Napięcie [V]: 220-240 AC</li>
<li>- Stopień ochrony [IP]: IP65</li>
<li>- Trzonek: G13</li>
<li>- Kolor: szary</li>
<li>- Materiał: PS</li>
<li>- Wymiary: 1270x95mm</li>
<li>- Długość: 1270mm</li>
<li>- Szerokość: 95mm</li>
<li>- Wysokość: 60mm</li>
</ul>";"{""Producent"":""Kanlux"",""EAN (GTIN)"":""8595665313210"",""Kod producenta"":""31321"",""Typ produktu"":""oprawa hermetyczna LED"",""Seria"":""DICHT 4LED"",""Model"":""4LED"",""Moc [W]"":""2x36W"",""Napięcie [V]"":""220-240 AC"",""Stopień ochrony [IP]"":""IP65"",""Kolor"":""szary"",""Trzonek"":""G13"",""Materiał"":""PS"",""Wymiary"":""1270x95mm"",""Długość"":""1270mm"",""Szerokość"":""95mm"",""Wysokość"":""60mm""}";https://www.kanlux.com/storage/products/main/big/31321.jpg
;Oprawa hermetyczna LED DICHT 4LED 660mm 2x18W IP65 szary Kanlux 31322;31322/KAN;8595665313227;Kanlux;;"{""Producent"":""Kanlux"",""EAN (GTIN)"":""8595665313227"",""Kod producenta"":""31322"",""Typ produktu"":""oprawa hermetyczna LED"",""Seria"":""DICHT 4LED"",""Model"":""4LED"",""Moc [W]"":""2x18W"",""Napięcie [V]"":""220-240 AC"",""Stopień ochrony [IP]"":""IP65"",""Kolor"":""szary"",""Trzonek"":""G13"",""Materiał"":""PS"",""Wymiary"":""660x95mm"",""Długość"":""660mm"",""Szerokość"":""95mm"",""Wysokość"":""60mm""}";https://www.kanlux.com/storage/products/main/big/31322.jpg
;Oprawa hermetyczna LED DICHT 4LED 1270mm 2x36W IP65 szary Kanlux 31325;31325/KAN;8595665313258;Kanlux;;"{""Producent"":""Kanlux"",""EAN (GTIN)"":""8595665313258"",""Kod producenta"":""31325"",""Typ produktu"":""oprawa hermetyczna LED"",""Seria"":""DICHT 4LED"",""Model"":""4LED"",""Moc [W]"":""2x36W"",""Napięcie [V]"":""220-240 AC"",""Stopień ochrony [IP]"":""IP65"",""Kolor"":""szary"",""Trzonek"":""G13"",""Materiał"":""PC"",""Wymiary"":""1270x95mm"",""Długość"":""1270mm"",""Szerokość"":""95mm"",""Wysokość"":""60mm""}";https://www.kanlux.com/storage/products/main/big/31325.jpg
;Oprawa hermetyczna LED DICHT 4LED 1270mm 2x36W IP65 szary Kanlux 31323;31323/KAN;8595665313234;Kanlux;"<p>Oprawa hermetyczna LED DICHT 4LED 1270mm 2x36W IP65 szary to produkt marki Kanlux przeznaczony do garaży, zapleczy, piwnic, warsztatów, korytarzy technicznych i miejsc narażonych na kurz lub wilgoć. Moc 2x36W i strumień świetlny pomagają dobrać ilość światła do garażu, warsztatu, zaplecza lub korytarza technicznego. Stopień ochrony IP65 chroni oprawę w miejscach narażonych na kurz i wilgoć, a długość 1270mm ułatwia planowanie rozmieszczenia punktów.</p>

<h2>Oprawa hermetyczna LED DICHT 4LED 1270mm 2x36W IP65 szary - czym wyróżnia się ten produkt?</h2>

<ul>
  <li>- Oprawa hermetyczna LED DICHT 4LED 1270mm 2x36W IP65 szary zapewnia stabilne oświetlenie robocze w pomieszczeniach technicznych i gospodarczych.</li>
  <li>- Parametry 2x36W i strumienia świetlnego pomagają dobrać oprawę do wielkości pomieszczenia.</li>
  <li>- Stopień ochrony IP65 ogranicza wpływ kurzu i wilgoci na codzienne użytkowanie.</li>
  <li>- Konstrukcja z materiału PS oraz wymiary 1270x95mm ułatwiają zaplanowanie montażu.</li>
</ul>

<p>W oprawach technicznych liczy się nie tylko jasność, ale też odporność obudowy i łatwe utrzymanie czystości. Seria DICHT 4LED będzie dobrym wyborem do miejsc, w których oprawa ma działać regularnie i bez skomplikowanej obsługi. Przed montażem warto porównać długość, sposób zasilania i stopień ochrony IP65 z warunkami konkretnego pomieszczenia.</p>

<h3>Specyfikacja techniczna</h3>

<ul>
<li>- Producent: Kanlux</li>
<li>- Seria: DICHT 4LED</li>
<li>- Model: 4LED</li>
<li>- Kod producenta: 31323</li>
<li>- EAN: 8595665313234</li>
<li>- Typ produktu: oprawa hermetyczna LED</li>
<li>- Moc [W]: 2x36W</li>
<li>- Napięcie [V]: 220-240 AC</li>
<li>- Stopień ochrony [IP]: IP65</li>
<li>- Trzonek: G13</li>
<li>- Kolor: szary</li>
<li>- Materiał: PS</li>
<li>- Wymiary: 1270x95mm</li>
<li>- Długość: 1270mm</li>
<li>- Szerokość: 95mm</li>
<li>- Wysokość: 60mm</li>
</ul>";"{""Producent"":""Kanlux"",""EAN (GTIN)"":""8595665313234"",""Kod producenta"":""31323"",""Typ produktu"":""oprawa hermetyczna LED"",""Seria"":""DICHT 4LED"",""Model"":""4LED"",""Moc [W]"":""2x36W"",""Napięcie [V]"":""220-240 AC"",""Stopień ochrony [IP]"":""IP65"",""Kolor"":""szary"",""Trzonek"":""G13"",""Materiał"":""PS"",""Wymiary"":""1270x95mm"",""Długość"":""1270mm"",""Szerokość"":""95mm"",""Wysokość"":""60mm""}";https://www.kanlux.com/storage/products/main/big/31323.jpg
;Oprawa hermetyczna LED MAH PLUS 1265mm 36W IP65 szary Kanlux 18521;18521/KAN;5905339185211;Kanlux;;"{""Producent"":""Kanlux"",""EAN (GTIN)"":""5905339185211"",""Kod producenta"":""18521"",""Typ produktu"":""oprawa hermetyczna na T8"",""Seria"":""MAH PLUS"",""Model"":""PLUS-236-ABS"",""Moc [W]"":""36W"",""Napięcie [V]"":""220-240 AC"",""Stopień ochrony [IP]"":""IP65"",""Kolor"":""szary"",""Trzonek"":""G13"",""Materiał"":""PC"",""Wymiary"":""1265x125mm"",""Długość"":""1265mm"",""Szerokość"":""125mm"",""Wysokość"":""92mm""}";https://www.kanlux.com/storage/products/main/big/18521.jpg
;Oprawa hermetyczna LED MAH PLUS 1260mm 36W IP65 szary Kanlux 22802;22802/KAN;5905339228024;Kanlux;;"{""Producent"":""Kanlux"",""EAN (GTIN)"":""5905339228024"",""Kod producenta"":""22802"",""Typ produktu"":""oprawa hermetyczna na T8"",""Seria"":""MAH PLUS"",""Model"":""PLUS-136"",""Moc [W]"":""36W"",""Napięcie [V]"":""220-240 AC"",""Stopień ochrony [IP]"":""IP65"",""Kolor"":""szary"",""Trzonek"":""G13"",""Materiał"":""PC"",""Wymiary"":""1260x90mm"",""Długość"":""1260mm"",""Szerokość"":""90mm"",""Wysokość"":""92mm""}";https://www.kanlux.com/storage/products/main/big/22802.jpg
;Oprawa hermetyczna LED MAH PLUS 1265mm 36W IP65 szary Kanlux 22800;22800/KAN;5905339228000;Kanlux;"<p>Oprawa hermetyczna LED MAH PLUS 1265mm 36W IP65 szary to produkt marki Kanlux przeznaczony do garaży, zapleczy, piwnic, warsztatów, korytarzy technicznych i miejsc narażonych na kurz lub wilgoć. Moc 36W i strumień świetlny pomagają dobrać ilość światła do garażu, warsztatu, zaplecza lub korytarza technicznego. Stopień ochrony IP65 chroni oprawę w miejscach narażonych na kurz i wilgoć, a długość 1265mm ułatwia planowanie rozmieszczenia punktów.</p>

<h2>Oprawa hermetyczna LED MAH PLUS 1265mm 36W IP65 szary - czym wyróżnia się ten produkt?</h2>

<ul>
  <li>- Oprawa hermetyczna LED MAH PLUS 1265mm 36W IP65 szary zapewnia stabilne oświetlenie robocze w pomieszczeniach technicznych i gospodarczych.</li>
  <li>- Parametry 36W i strumienia świetlnego pomagają dobrać oprawę do wielkości pomieszczenia.</li>
  <li>- Stopień ochrony IP65 ogranicza wpływ kurzu i wilgoci na codzienne użytkowanie.</li>
  <li>- Konstrukcja z materiału PC oraz wymiary 1265x125mm ułatwiają zaplanowanie montażu.</li>
</ul>

<p>W oprawach technicznych liczy się nie tylko jasność, ale też odporność obudowy i łatwe utrzymanie czystości. Seria MAH PLUS będzie dobrym wyborem do miejsc, w których oprawa ma działać regularnie i bez skomplikowanej obsługi. Przed montażem warto porównać długość, sposób zasilania i stopień ochrony IP65 z warunkami konkretnego pomieszczenia.</p>

<h3>Specyfikacja techniczna</h3>

<ul>
<li>- Producent: Kanlux</li>
<li>- Seria: MAH PLUS</li>
<li>- Model: PLUS-236</li>
<li>- Kod producenta: 22800</li>
<li>- EAN: 5905339228000</li>
<li>- Typ produktu: oprawa hermetyczna na T8</li>
<li>- Moc [W]: 36W</li>
<li>- Napięcie [V]: 220-240 AC</li>
<li>- Stopień ochrony [IP]: IP65</li>
<li>- Trzonek: G13</li>
<li>- Kolor: szary</li>
<li>- Materiał: PC</li>
<li>- Wymiary: 1265x125mm</li>
<li>- Długość: 1265mm</li>
<li>- Szerokość: 125mm</li>
<li>- Wysokość: 92mm</li>
</ul>";"{""Producent"":""Kanlux"",""EAN (GTIN)"":""5905339228000"",""Kod producenta"":""22800"",""Typ produktu"":""oprawa hermetyczna na T8"",""Seria"":""MAH PLUS"",""Model"":""PLUS-236"",""Moc [W]"":""36W"",""Napięcie [V]"":""220-240 AC"",""Stopień ochrony [IP]"":""IP65"",""Kolor"":""szary"",""Trzonek"":""G13"",""Materiał"":""PC"",""Wymiary"":""1265x125mm"",""Długość"":""1265mm"",""Szerokość"":""125mm"",""Wysokość"":""92mm""}";https://www.kanlux.com/storage/products/main/big/22800.jpg
;Oprawa hermetyczna LED MAH PLUS 1570mm 58W IP65 szary Kanlux 22803;22803/KAN;5905339228031;Kanlux;;"{""Producent"":""Kanlux"",""EAN (GTIN)"":""5905339228031"",""Kod producenta"":""22803"",""Typ produktu"":""oprawa hermetyczna na T8"",""Seria"":""MAH PLUS"",""Model"":""PLUS-158"",""Moc [W]"":""58W"",""Napięcie [V]"":""220-240 AC"",""Stopień ochrony [IP]"":""IP65"",""Kolor"":""szary"",""Trzonek"":""G13"",""Materiał"":""PC"",""Wymiary"":""1570x90mm"",""Długość"":""1570mm"",""Szerokość"":""90mm"",""Wysokość"":""92mm""}";https://www.kanlux.com/storage/products/main/big/22803.jpg
;Oprawa hermetyczna LED MAH PLUS 1570mm 58W IP65 szary Kanlux 22801;22801/KAN;5905339228017;Kanlux;;"{""Producent"":""Kanlux"",""EAN (GTIN)"":""5905339228017"",""Kod producenta"":""22801"",""Typ produktu"":""oprawa hermetyczna na T8"",""Seria"":""MAH PLUS"",""Model"":""PLUS-258"",""Moc [W]"":""58W"",""Napięcie [V]"":""220-240 AC"",""Stopień ochrony [IP]"":""IP65"",""Kolor"":""szary"",""Trzonek"":""G13"",""Materiał"":""PC"",""Wymiary"":""1570x125mm"",""Długość"":""1570mm"",""Szerokość"":""125mm"",""Wysokość"":""92mm""}";https://www.kanlux.com/storage/products/main/big/22801.jpg
;Oprawa hermetyczna LED TP 1240mm 40W 4800lm 120lm/W 4000K IP65 biały Kanlux 38940;38940/KAN;5905339389404;Kanlux;;"{""Producent"":""Kanlux"",""EAN (GTIN)"":""5905339389404"",""Kod producenta"":""38940"",""Typ produktu"":""oprawa hermetyczna na T8"",""Seria"":""TP"",""Model"":""TP SLIM N 40W-NW"",""Moc [W]"":""40W"",""Napięcie [V]"":""220-240 AC"",""Temperatura barwowa [K]"":""4000K"",""Barwa światła"":""Neutralna (3500-4500K)"",""Strumień świetlny [lm]"":""4800lm"",""Stopień ochrony [IP]"":""IP65"",""Kąt świecenia"":""145°"",""Kolor"":""biały"",""Materiał"":""tworzywo sztuczne"",""Wymiary"":""1240x36.7mm"",""Długość"":""1240mm"",""Szerokość"":""36.7mm"",""Wysokość"":""47.7mm""}";https://www.kanlux.com/storage/products/main/big/38940.jpg
;Oprawa hermetyczna LED TP 1240mm 40W 4800lm 120lm/W 4000K IP65 biały Kanlux 38942;38942/KAN;5905339389428;Kanlux;;"{""Producent"":""Kanlux"",""EAN (GTIN)"":""5905339389428"",""Kod producenta"":""38942"",""Typ produktu"":""oprawa hermetyczna na T8"",""Seria"":""TP"",""Model"":""TP SLIM TW N 40W-NW"",""Moc [W]"":""40W"",""Napięcie [V]"":""220-240 AC"",""Temperatura barwowa [K]"":""4000K"",""Barwa światła"":""Neutralna (3500-4500K)"",""Strumień świetlny [lm]"":""4800lm"",""Stopień ochrony [IP]"":""IP65"",""Kąt świecenia"":""145°"",""Kolor"":""biały"",""Materiał"":""tworzywo sztuczne"",""Wymiary"":""1240x36.7mm"",""Długość"":""1240mm"",""Szerokość"":""36.7mm"",""Wysokość"":""47.7mm""}";https://www.kanlux.com/storage/products/main/big/38942.jpg
;Oprawa hermetyczna LED TP 1540mm 50W 6000lm 120lm/W 4000K IP65 biały Kanlux 38941;38941/KAN;5905339389411;Kanlux;;"{""Producent"":""Kanlux"",""EAN (GTIN)"":""5905339389411"",""Kod producenta"":""38941"",""Typ produktu"":""oprawa hermetyczna na T8"",""Seria"":""TP"",""Model"":""TP SLIM N 50W-NW"",""Moc [W]"":""50W"",""Napięcie [V]"":""220-240 AC"",""Temperatura barwowa [K]"":""4000K"",""Barwa światła"":""Neutralna (3500-4500K)"",""Strumień świetlny [lm]"":""6000lm"",""Stopień ochrony [IP]"":""IP65"",""Kąt świecenia"":""145°"",""Kolor"":""biały"",""Materiał"":""tworzywo sztuczne"",""Wymiary"":""1540x36.7mm"",""Długość"":""1540mm"",""Szerokość"":""36.7mm"",""Wysokość"":""47.7mm""}";https://www.kanlux.com/storage/products/main/big/38941.jpg
;Oprawa hermetyczna LED TP 1580mm 50W 6000lm 120lm/W 4000K IP65 biały Kanlux 38943;38943/KAN;5905339389435;Kanlux;;"{""Producent"":""Kanlux"",""EAN (GTIN)"":""5905339389435"",""Kod producenta"":""38943"",""Typ produktu"":""oprawa hermetyczna na T8"",""Seria"":""TP"",""Model"":""TP SLIM TW N 50W-NW"",""Moc [W]"":""50W"",""Napięcie [V]"":""220-240 AC"",""Temperatura barwowa [K]"":""4000K"",""Barwa światła"":""Neutralna (3500-4500K)"",""Strumień świetlny [lm]"":""6000lm"",""Stopień ochrony [IP]"":""IP65"",""Kąt świecenia"":""145°"",""Kolor"":""biały"",""Materiał"":""tworzywo sztuczne"",""Wymiary"":""1580x36.7mm"",""Długość"":""1580mm"",""Szerokość"":""36.7mm"",""Wysokość"":""47.7mm""}";https://www.kanlux.com/storage/products/main/big/38943.jpg
;Oprawa hermetyczna LED TP 1250mm 60W 9500lm 133lm/W 4000K IP65 biały Kanlux 33163;33163/KAN;5905339331632;Kanlux;"<p>Oprawa hermetyczna LED TP 1250mm 60W 9500lm 133lm/W 4000K IP65 biały to produkt marki Kanlux przeznaczony do garaży, zapleczy, piwnic, warsztatów, korytarzy technicznych i miejsc narażonych na kurz lub wilgoć. Moc 60W i strumień 9500lm pomagają dobrać ilość światła do garażu, warsztatu, zaplecza lub korytarza technicznego. Stopień ochrony IP65 chroni oprawę w miejscach narażonych na kurz i wilgoć, a długość 1250mm ułatwia planowanie rozmieszczenia punktów.</p>

<h2>Oprawa hermetyczna LED TP 1250mm 60W 9500lm 133lm/W 4000K IP65 biały - czym wyróżnia się ten produkt?</h2>

<ul>
  <li>- Oprawa hermetyczna LED TP 1250mm 60W 9500lm 133lm/W 4000K IP65 biały zapewnia stabilne oświetlenie robocze w pomieszczeniach technicznych i gospodarczych.</li>
  <li>- Parametry 60W i 9500lm pomagają dobrać oprawę do wielkości pomieszczenia.</li>
  <li>- Stopień ochrony IP65 ogranicza wpływ kurzu i wilgoci na codzienne użytkowanie.</li>
  <li>- Konstrukcja z materiału PC oraz wymiary 1250x67mm ułatwiają zaplanowanie montażu.</li>
</ul>

<p>W oprawach technicznych liczy się nie tylko jasność, ale też odporność obudowy i łatwe utrzymanie czystości. Seria TP będzie dobrym wyborem do miejsc, w których oprawa ma działać regularnie i bez skomplikowanej obsługi. Przed montażem warto porównać długość, sposób zasilania i stopień ochrony IP65 z warunkami konkretnego pomieszczenia.</p>

<h3>Specyfikacja techniczna</h3>

<ul>
<li>- Producent: Kanlux</li>
<li>- Seria: TP</li>
<li>- Model: TP STRONG 60W 12 NW</li>
<li>- Kod producenta: 33163</li>
<li>- EAN: 5905339331632</li>
<li>- Typ produktu: oprawa hermetyczna na T8</li>
<li>- Moc [W]: 60W</li>
<li>- Napięcie [V]: 220-240 AC</li>
<li>- Temperatura barwowa [K]: 4000K</li>
<li>- Barwa światła: Neutralna (3500-4500K)</li>
<li>- Strumień świetlny [lm]: 9500lm</li>
<li>- Stopień ochrony [IP]: IP65</li>
<li>- Klasa ochronności: IK08</li>
<li>- Kąt świecenia: 125°</li>
<li>- Kolor: biały</li>
<li>- Materiał: PC</li>
<li>- Wymiary: 1250x67mm</li>
<li>- Długość: 1250mm</li>
<li>- Szerokość: 67mm</li>
<li>- Wysokość: 62mm</li>
<li>- Gwarancja: 5 lat</li>
</ul>";"{""Producent"":""Kanlux"",""EAN (GTIN)"":""5905339331632"",""Kod producenta"":""33163"",""Typ produktu"":""oprawa hermetyczna na T8"",""Seria"":""TP"",""Model"":""TP STRONG 60W 12 NW"",""Moc [W]"":""60W"",""Napięcie [V]"":""220-240 AC"",""Temperatura barwowa [K]"":""4000K"",""Barwa światła"":""Neutralna (3500-4500K)"",""Strumień świetlny [lm]"":""9500lm"",""Stopień ochrony [IP]"":""IP65"",""Klasa ochronności"":""IK08"",""Kąt świecenia"":""125°"",""Kolor"":""biały"",""Materiał"":""PC"",""Wymiary"":""1250x67mm"",""Długość"":""1250mm"",""Szerokość"":""67mm"",""Wysokość"":""62mm"",""Gwarancja"":""5 lat""}";https://www.kanlux.com/storage/products/main/big/33163.jpg
;Oprawa hermetyczna LED MAH MAX 575mm 19W 3350lm 161lm/W 4000K IP65 biały Kanlux 38463;38463/KAN;5905339384638;Kanlux;;"{""Producent"":""Kanlux"",""EAN (GTIN)"":""5905339384638"",""Kod producenta"":""38463"",""Typ produktu"":""oprawa hermetyczna LED"",""Seria"":""MAH MAX"",""Model"":""MAH MAX 19W 06 NW RYF"",""Moc [W]"":""19W"",""Napięcie [V]"":""220-240 AC"",""Temperatura barwowa [K]"":""4000K"",""Barwa światła"":""Neutralna (3500-4500K)"",""Strumień świetlny [lm]"":""3350lm"",""Stopień ochrony [IP]"":""IP65"",""Klasa ochronności"":""IK08"",""Kąt świecenia"":""110°"",""Kolor"":""biały"",""Materiał"":""PC"",""Wymiary"":""575x80mm"",""Długość"":""575mm"",""Szerokość"":""80mm"",""Wysokość"":""70mm"",""Gwarancja"":""5 lat""}";https://www.kanlux.com/storage/products/main/big/38463.jpg
;Oprawa hermetyczna LED MAH MAX 1175mm 38W 5800lm 153lm/W 6500K IP66 szary Kanlux 38459;38459/KAN;5905339384591;Kanlux;;"{""Producent"":""Kanlux"",""EAN (GTIN)"":""5905339384591"",""Kod producenta"":""38459"",""Typ produktu"":""oprawa hermetyczna LED"",""Seria"":""MAH MAX"",""Model"":""MAH MAX 38W 12 CW RYF"",""Moc [W]"":""38W"",""Napięcie [V]"":""220-240 AC"",""Temperatura barwowa [K]"":""6500K"",""Barwa światła"":""Zimna (≥5000K)"",""Strumień świetlny [lm]"":""5800lm"",""Stopień ochrony [IP]"":""IP66"",""Klasa ochronności"":""IK08"",""Kąt świecenia"":""110°"",""Kolor"":""szary"",""Materiał"":""PC"",""Wymiary"":""1175x80mm"",""Długość"":""1175mm"",""Szerokość"":""80mm"",""Wysokość"":""70mm""}";https://www.kanlux.com/storage/products/main/big/38459.jpg
;Oprawa hermetyczna LED MAH MAX 1175mm 38W 7150lm 160lm/W 4000K IP66 biały Kanlux 38464;38464/KAN;5905339384645;Kanlux;"<p>Oprawa hermetyczna LED MAH MAX 1175mm 38W 7150lm 160lm/W 4000K IP66 biały to produkt marki Kanlux przeznaczony do garaży, zapleczy, piwnic, warsztatów, korytarzy technicznych i miejsc narażonych na kurz lub wilgoć. Moc 38W i strumień 7150lm pomagają dobrać ilość światła do garażu, warsztatu, zaplecza lub korytarza technicznego. Stopień ochrony IP66 chroni oprawę w miejscach narażonych na kurz i wilgoć, a długość 1175mm ułatwia planowanie rozmieszczenia punktów.</p>

<h2>Oprawa hermetyczna LED MAH MAX 1175mm 38W 7150lm 160lm/W 4000K IP66 biały - czym wyróżnia się ten produkt?</h2>

<ul>
  <li>- Oprawa hermetyczna LED MAH MAX 1175mm 38W 7150lm 160lm/W 4000K IP66 biały zapewnia stabilne oświetlenie robocze w pomieszczeniach technicznych i gospodarczych.</li>
  <li>- Parametry 38W i 7150lm pomagają dobrać oprawę do wielkości pomieszczenia.</li>
  <li>- Stopień ochrony IP66 ogranicza wpływ kurzu i wilgoci na codzienne użytkowanie.</li>
  <li>- Konstrukcja z materiału PC oraz wymiary 1175x80mm ułatwiają zaplanowanie montażu.</li>
</ul>

<p>W oprawach technicznych liczy się nie tylko jasność, ale też odporność obudowy i łatwe utrzymanie czystości. Seria MAH MAX będzie dobrym wyborem do miejsc, w których oprawa ma działać regularnie i bez skomplikowanej obsługi. Przed montażem warto porównać długość, sposób zasilania i stopień ochrony IP66 z warunkami konkretnego pomieszczenia.</p>

<h3>Specyfikacja techniczna</h3>

<ul>
<li>- Producent: Kanlux</li>
<li>- Seria: MAH MAX</li>
<li>- Model: MAH MAX 38W 12 NW RYF</li>
<li>- Kod producenta: 38464</li>
<li>- EAN: 5905339384645</li>
<li>- Typ produktu: oprawa hermetyczna LED</li>
<li>- Moc [W]: 38W</li>
<li>- Napięcie [V]: 220-240 AC</li>
<li>- Temperatura barwowa [K]: 4000K</li>
<li>- Barwa światła: Neutralna (3500-4500K)</li>
<li>- Strumień świetlny [lm]: 7150lm</li>
<li>- Stopień ochrony [IP]: IP66</li>
<li>- Klasa ochronności: IK08</li>
<li>- Kąt świecenia: 110°</li>
<li>- Kolor: biały</li>
<li>- Materiał: PC</li>
<li>- Wymiary: 1175x80mm</li>
<li>- Długość: 1175mm</li>
<li>- Szerokość: 80mm</li>
<li>- Wysokość: 70mm</li>
<li>- Gwarancja: 5 lat</li>
</ul>";"{""Producent"":""Kanlux"",""EAN (GTIN)"":""5905339384645"",""Kod producenta"":""38464"",""Typ produktu"":""oprawa hermetyczna LED"",""Seria"":""MAH MAX"",""Model"":""MAH MAX 38W 12 NW RYF"",""Moc [W]"":""38W"",""Napięcie [V]"":""220-240 AC"",""Temperatura barwowa [K]"":""4000K"",""Barwa światła"":""Neutralna (3500-4500K)"",""Strumień świetlny [lm]"":""7150lm"",""Stopień ochrony [IP]"":""IP66"",""Klasa ochronności"":""IK08"",""Kąt świecenia"":""110°"",""Kolor"":""biały"",""Materiał"":""PC"",""Wymiary"":""1175x80mm"",""Długość"":""1175mm"",""Szerokość"":""80mm"",""Wysokość"":""70mm"",""Gwarancja"":""5 lat""}";https://www.kanlux.com/storage/products/main/big/38464.jpg
;Oprawa hermetyczna LED MAH MAX 1475mm 48W 9650lm 160lm/W 4000K IP66 biały Kanlux 38465;38465/KAN;5905339384652;Kanlux;;"{""Producent"":""Kanlux"",""EAN (GTIN)"":""5905339384652"",""Kod producenta"":""38465"",""Typ produktu"":""oprawa hermetyczna LED"",""Seria"":""MAH MAX"",""Model"":""MAH MAX 48W 15 NW RYF"",""Moc [W]"":""48W"",""Napięcie [V]"":""220-240 AC"",""Temperatura barwowa [K]"":""4000K"",""Barwa światła"":""Neutralna (3500-4500K)"",""Strumień świetlny [lm]"":""9650lm"",""Stopień ochrony [IP]"":""IP66"",""Klasa ochronności"":""IK08"",""Kąt świecenia"":""110°"",""Kolor"":""biały"",""Materiał"":""PC"",""Wymiary"":""1475x80mm"",""Długość"":""1475mm"",""Szerokość"":""80mm"",""Wysokość"":""70mm"",""Gwarancja"":""5 lat""}";https://www.kanlux.com/storage/products/main/big/38465.jpg
;Oprawa hermetyczna LED MAH MAX 1175mm 38W 7150lm 160lm/W 4000K IP65 biały Kanlux 38469;38469/KAN;5905339384690;Kanlux;;"{""Producent"":""Kanlux"",""EAN (GTIN)"":""5905339384690"",""Kod producenta"":""38469"",""Typ produktu"":""oprawa hermetyczna LED"",""Seria"":""MAH MAX"",""Model"":""12NW"",""Moc [W]"":""38W"",""Napięcie [V]"":""220-240 AC"",""Temperatura barwowa [K]"":""4000K"",""Barwa światła"":""Neutralna (3500-4500K)"",""Strumień świetlny [lm]"":""7150lm"",""Stopień ochrony [IP]"":""IP65"",""Klasa ochronności"":""IK08"",""Kąt świecenia"":""110°"",""Kolor"":""biały"",""Materiał"":""PC"",""Wymiary"":""1175x80mm"",""Długość"":""1175mm"",""Szerokość"":""80mm"",""Wysokość"":""70mm"",""Gwarancja"":""5 lat""}";https://www.kanlux.com/storage/products/main/big/38469.jpg
;Oprawa hermetyczna LED DICHT LED 600mm 18W 2150lm 100lm/W 4000K IP65 biały Kanlux 31410;31410/KAN;8595665314101;Kanlux;;"{""Producent"":""Kanlux"",""EAN (GTIN)"":""8595665314101"",""Kod producenta"":""31410"",""Typ produktu"":""oprawa hermetyczna LED"",""Seria"":""DICHT LED"",""Model"":""DICHT LED 18W-NW"",""Moc [W]"":""18W"",""Napięcie [V]"":""220-240 AC"",""Temperatura barwowa [K]"":""4000K"",""Barwa światła"":""Neutralna (3500-4500K)"",""Strumień świetlny [lm]"":""2150lm"",""Stopień ochrony [IP]"":""IP65"",""Kąt świecenia"":""110°"",""Kolor"":""biały"",""Materiał"":""PC"",""Wymiary"":""600x64mm"",""Długość"":""600mm"",""Szerokość"":""64mm"",""Wysokość"":""60mm""}";https://www.kanlux.com/storage/products/main/big/31410.jpg
;Oprawa hermetyczna LED DICHT LED 1200mm 36W 4500lm 100lm/W 4000K IP65 biały Kanlux 31411;31411/KAN;8595665314118;Kanlux;"<p>Oprawa hermetyczna LED DICHT LED 1200mm 36W 4500lm 100lm/W 4000K IP65 biały to produkt marki Kanlux przeznaczony do garaży, zapleczy, piwnic, warsztatów, korytarzy technicznych i miejsc narażonych na kurz lub wilgoć. Moc 36W i strumień 4500lm pomagają dobrać ilość światła do garażu, warsztatu, zaplecza lub korytarza technicznego. Stopień ochrony IP65 chroni oprawę w miejscach narażonych na kurz i wilgoć, a długość 1200mm ułatwia planowanie rozmieszczenia punktów.</p>

<h2>Oprawa hermetyczna LED DICHT LED 1200mm 36W 4500lm 100lm/W 4000K IP65 biały - czym wyróżnia się ten produkt?</h2>

<ul>
  <li>- Oprawa hermetyczna LED DICHT LED 1200mm 36W 4500lm 100lm/W 4000K IP65 biały zapewnia stabilne oświetlenie robocze w pomieszczeniach technicznych i gospodarczych.</li>
  <li>- Parametry 36W i 4500lm pomagają dobrać oprawę do wielkości pomieszczenia.</li>
  <li>- Stopień ochrony IP65 ogranicza wpływ kurzu i wilgoci na codzienne użytkowanie.</li>
  <li>- Konstrukcja z materiału PC oraz wymiary 1200x64mm ułatwiają zaplanowanie montażu.</li>
</ul>

<p>W oprawach technicznych liczy się nie tylko jasność, ale też odporność obudowy i łatwe utrzymanie czystości. Seria DICHT LED będzie dobrym wyborem do miejsc, w których oprawa ma działać regularnie i bez skomplikowanej obsługi. Przed montażem warto porównać długość, sposób zasilania i stopień ochrony IP65 z warunkami konkretnego pomieszczenia.</p>

<h3>Specyfikacja techniczna</h3>

<ul>
<li>- Producent: Kanlux</li>
<li>- Seria: DICHT LED</li>
<li>- Model: DICHT LED 36W-NW</li>
<li>- Kod producenta: 31411</li>
<li>- EAN: 8595665314118</li>
<li>- Typ produktu: oprawa hermetyczna LED</li>
<li>- Moc [W]: 36W</li>
<li>- Napięcie [V]: 220-240 AC</li>
<li>- Temperatura barwowa [K]: 4000K</li>
<li>- Barwa światła: Neutralna (3500-4500K)</li>
<li>- Strumień świetlny [lm]: 4500lm</li>
<li>- Stopień ochrony [IP]: IP65</li>
<li>- Kąt świecenia: 110°</li>
<li>- Kolor: biały</li>
<li>- Materiał: PC</li>
<li>- Wymiary: 1200x64mm</li>
<li>- Długość: 1200mm</li>
<li>- Szerokość: 64mm</li>
<li>- Wysokość: 60mm</li>
</ul>";"{""Producent"":""Kanlux"",""EAN (GTIN)"":""8595665314118"",""Kod producenta"":""31411"",""Typ produktu"":""oprawa hermetyczna LED"",""Seria"":""DICHT LED"",""Model"":""DICHT LED 36W-NW"",""Moc [W]"":""36W"",""Napięcie [V]"":""220-240 AC"",""Temperatura barwowa [K]"":""4000K"",""Barwa światła"":""Neutralna (3500-4500K)"",""Strumień świetlny [lm]"":""4500lm"",""Stopień ochrony [IP]"":""IP65"",""Kąt świecenia"":""110°"",""Kolor"":""biały"",""Materiał"":""PC"",""Wymiary"":""1200x64mm"",""Długość"":""1200mm"",""Szerokość"":""64mm"",""Wysokość"":""60mm""}";https://www.kanlux.com/storage/products/main/big/31411.jpg
;Oprawa hermetyczna LED DICHT LED 1500mm 48W 6000lm 100lm/W 4000K IP65 biały Kanlux 31412;31412/KAN;8595665314125;Kanlux;;"{""Producent"":""Kanlux"",""EAN (GTIN)"":""8595665314125"",""Kod producenta"":""31412"",""Typ produktu"":""oprawa hermetyczna LED"",""Seria"":""DICHT LED"",""Model"":""DICHT LED 48W-NW"",""Moc [W]"":""48W"",""Napięcie [V]"":""220-240 AC"",""Temperatura barwowa [K]"":""4000K"",""Barwa światła"":""Neutralna (3500-4500K)"",""Strumień świetlny [lm]"":""6000lm"",""Stopień ochrony [IP]"":""IP65"",""Kąt świecenia"":""110°"",""Kolor"":""biały"",""Materiał"":""PC"",""Wymiary"":""1500x64mm"",""Długość"":""1500mm"",""Szerokość"":""64mm"",""Wysokość"":""60mm""}";https://www.kanlux.com/storage/products/main/big/31412.jpg
;Oprawa hermetyczna LED MAH PRO Y 1200mm 38W 6720lm 4000K IP65 biały Kanlux 38142;38142/KAN;5905339381422;Kanlux;"<p>Oprawa hermetyczna LED MAH PRO Y 1200mm 38W 6720lm 4000K IP65 biały to produkt marki Kanlux przeznaczony do garaży, zapleczy, piwnic, warsztatów, korytarzy technicznych i miejsc narażonych na kurz lub wilgoć. Moc 38W i strumień 6720lm pomagają dobrać ilość światła do garażu, warsztatu, zaplecza lub korytarza technicznego. Stopień ochrony IP65 chroni oprawę w miejscach narażonych na kurz i wilgoć, a długość 1200mm ułatwia planowanie rozmieszczenia punktów.</p>

<h2>Oprawa hermetyczna LED MAH PRO Y 1200mm 38W 6720lm 4000K IP65 biały - czym wyróżnia się ten produkt?</h2>

<ul>
  <li>- Oprawa hermetyczna LED MAH PRO Y 1200mm 38W 6720lm 4000K IP65 biały zapewnia stabilne oświetlenie robocze w pomieszczeniach technicznych i gospodarczych.</li>
  <li>- Parametry 38W i 6720lm pomagają dobrać oprawę do wielkości pomieszczenia.</li>
  <li>- Stopień ochrony IP65 ogranicza wpływ kurzu i wilgoci na codzienne użytkowanie.</li>
  <li>- Konstrukcja z materiału PC oraz wymiary 1200x75mm ułatwiają zaplanowanie montażu.</li>
</ul>

<p>W oprawach technicznych liczy się nie tylko jasność, ale też odporność obudowy i łatwe utrzymanie czystości. Seria MAH PRO Y będzie dobrym wyborem do miejsc, w których oprawa ma działać regularnie i bez skomplikowanej obsługi. Przed montażem warto porównać długość, sposób zasilania i stopień ochrony IP65 z warunkami konkretnego pomieszczenia.</p>

<h3>Specyfikacja techniczna</h3>

<ul>
<li>- Producent: Kanlux</li>
<li>- Seria: MAH PRO Y</li>
<li>- Model: 12R-NW</li>
<li>- Kod producenta: 38142</li>
<li>- EAN: 5905339381422</li>
<li>- Typ produktu: oprawa hermetyczna LED Pro</li>
<li>- Moc [W]: 38W</li>
<li>- Napięcie [V]: 220-240 AC</li>
<li>- Temperatura barwowa [K]: 4000K</li>
<li>- Barwa światła: Neutralna (3500-4500K)</li>
<li>- Strumień świetlny [lm]: 6720lm</li>
<li>- Stopień ochrony [IP]: IP65</li>
<li>- Klasa ochronności: IK08</li>
<li>- Kąt świecenia: 110°</li>
<li>- Kolor: biały</li>
<li>- Materiał: PC</li>
<li>- Wymiary: 1200x75mm</li>
<li>- Długość: 1200mm</li>
<li>- Szerokość: 75mm</li>
<li>- Wysokość: 75mm</li>
<li>- Gwarancja: 7 lat</li>
</ul>";"{""Producent"":""Kanlux"",""EAN (GTIN)"":""5905339381422"",""Kod producenta"":""38142"",""Typ produktu"":""oprawa hermetyczna LED Pro"",""Seria"":""MAH PRO Y"",""Model"":""12R-NW"",""Moc [W]"":""38W"",""Napięcie [V]"":""220-240 AC"",""Temperatura barwowa [K]"":""4000K"",""Barwa światła"":""Neutralna (3500-4500K)"",""Strumień świetlny [lm]"":""6720lm"",""Stopień ochrony [IP]"":""IP65"",""Klasa ochronności"":""IK08"",""Kąt świecenia"":""110°"",""Kolor"":""biały"",""Materiał"":""PC"",""Wymiary"":""1200x75mm"",""Długość"":""1200mm"",""Szerokość"":""75mm"",""Wysokość"":""75mm"",""Gwarancja"":""7 lat""}";https://www.kanlux.com/storage/products/main/big/38142.jpg
;Oprawa hermetyczna LED MAH PRO Y 1500mm 52W 9200lm 4000K IP66 biały Kanlux 38143;38143/KAN;5905339381439;Kanlux;;"{""Producent"":""Kanlux"",""EAN (GTIN)"":""5905339381439"",""Kod producenta"":""38143"",""Typ produktu"":""oprawa hermetyczna LED Pro"",""Seria"":""MAH PRO Y"",""Model"":""15R-NW"",""Moc [W]"":""52W"",""Napięcie [V]"":""220-240 AC"",""Temperatura barwowa [K]"":""4000K"",""Barwa światła"":""Neutralna (3500-4500K)"",""Strumień świetlny [lm]"":""9200lm"",""Stopień ochrony [IP]"":""IP66"",""Klasa ochronności"":""IK08"",""Kąt świecenia"":""110°"",""Kolor"":""biały"",""Materiał"":""PC"",""Wymiary"":""1500x75mm"",""Długość"":""1500mm"",""Szerokość"":""75mm"",""Wysokość"":""75mm"",""Gwarancja"":""7 lat""}";https://www.kanlux.com/storage/products/main/big/38143.jpg
;Oprawa hermetyczna LED TP STRONG ECO 1228mm 46W 6000lm 130lm/W 4000K IP65 biały Kanlux 33164;33164/KAN;5905339331649;Kanlux;"<p>Oprawa hermetyczna LED TP STRONG ECO 1228mm 46W 6000lm 130lm/W 4000K IP65 biały to produkt marki Kanlux przeznaczony do garaży, zapleczy, piwnic, warsztatów, korytarzy technicznych i miejsc narażonych na kurz lub wilgoć. Moc 46W i strumień 6000lm pomagają dobrać ilość światła do garażu, warsztatu, zaplecza lub korytarza technicznego. Stopień ochrony IP65 chroni oprawę w miejscach narażonych na kurz i wilgoć, a długość 1228mm ułatwia planowanie rozmieszczenia punktów.</p>

<h2>Oprawa hermetyczna LED TP STRONG ECO 1228mm 46W 6000lm 130lm/W 4000K IP65 biały - czym wyróżnia się ten produkt?</h2>

<ul>
  <li>- Oprawa hermetyczna LED TP STRONG ECO 1228mm 46W 6000lm 130lm/W 4000K IP65 biały zapewnia stabilne oświetlenie robocze w pomieszczeniach technicznych i gospodarczych.</li>
  <li>- Parametry 46W i 6000lm pomagają dobrać oprawę do wielkości pomieszczenia.</li>
  <li>- Stopień ochrony IP65 ogranicza wpływ kurzu i wilgoci na codzienne użytkowanie.</li>
  <li>- Konstrukcja z materiału PC oraz wymiary 1228x65mm ułatwiają zaplanowanie montażu.</li>
</ul>

<p>W oprawach technicznych liczy się nie tylko jasność, ale też odporność obudowy i łatwe utrzymanie czystości. Seria TP STRONG ECO będzie dobrym wyborem do miejsc, w których oprawa ma działać regularnie i bez skomplikowanej obsługi. Przed montażem warto porównać długość, sposób zasilania i stopień ochrony IP65 z warunkami konkretnego pomieszczenia.</p>

<h3>Specyfikacja techniczna</h3>

<ul>
<li>- Producent: Kanlux</li>
<li>- Seria: TP STRONG ECO</li>
<li>- Model: TW46NW</li>
<li>- Kod producenta: 33164</li>
<li>- EAN: 5905339331649</li>
<li>- Typ produktu: oprawa hermetyczna LED</li>
<li>- Moc [W]: 46W</li>
<li>- Napięcie [V]: 220-240 AC</li>
<li>- Temperatura barwowa [K]: 4000K</li>
<li>- Barwa światła: Neutralna (3500-4500K)</li>
<li>- Strumień świetlny [lm]: 6000lm</li>
<li>- Stopień ochrony [IP]: IP65</li>
<li>- Klasa ochronności: IK08</li>
<li>- Kąt świecenia: 130°</li>
<li>- Kolor: biały</li>
<li>- Materiał: PC</li>
<li>- Wymiary: 1228x65mm</li>
<li>- Długość: 1228mm</li>
<li>- Szerokość: 65mm</li>
<li>- Wysokość: 55mm</li>
<li>- Gwarancja: 5 lat</li>
</ul>";"{""Producent"":""Kanlux"",""EAN (GTIN)"":""5905339331649"",""Kod producenta"":""33164"",""Typ produktu"":""oprawa hermetyczna LED"",""Seria"":""TP STRONG ECO"",""Model"":""TW46NW"",""Moc [W]"":""46W"",""Napięcie [V]"":""220-240 AC"",""Temperatura barwowa [K]"":""4000K"",""Barwa światła"":""Neutralna (3500-4500K)"",""Strumień świetlny [lm]"":""6000lm"",""Stopień ochrony [IP]"":""IP65"",""Klasa ochronności"":""IK08"",""Kąt świecenia"":""130°"",""Kolor"":""biały"",""Materiał"":""PC"",""Wymiary"":""1228x65mm"",""Długość"":""1228mm"",""Szerokość"":""65mm"",""Wysokość"":""55mm"",""Gwarancja"":""5 lat""}";https://www.kanlux.com/storage/products/main/big/33164.jpg
;Ramka do paneli ADTR 120cm x 30cm prostokątna biała Kanlux 27611;27611/KAN;5905339276117;Kanlux;;"{""Producent"":""Kanlux"",""EAN (GTIN)"":""5905339276117"",""Kod producenta"":""27611"",""Typ produktu"":""Ramka"",""Seria"":""ADTR"",""Model"":""5cm"",""Moc [W]"":""30"",""Kolor"":""biały"",""Materiał"":""stal"",""Kształt"":""prostokątna"",""Wymiary"":""120cm x 30cm"",""Długość"":""120cm"",""Szerokość"":""30cm"",""Wysokość"":""45mm"",""Pasuje do"":""do paneli""}";https://www.kanlux.com/storage/products/main/big/27611.jpg
;Ramka do paneli ADTR 60cm x 30cm prostokątna biała Kanlux 29840;29840/KAN;5905339298409;Kanlux;;"{""Producent"":""Kanlux"",""EAN (GTIN)"":""5905339298409"",""Kod producenta"":""29840"",""Typ produktu"":""Ramka"",""Seria"":""ADTR"",""Model"":""5cm"",""Moc [W]"":""60"",""Kolor"":""biały"",""Materiał"":""stal"",""Kształt"":""prostokątna"",""Wymiary"":""60cm x 30cm"",""Długość"":""60cm"",""Szerokość"":""30cm"",""Wysokość"":""45mm"",""Pasuje do"":""do paneli""}";https://www.kanlux.com/storage/products/main/big/29840.jpg
;Ramka do paneli ADTR 60cm x 60cm kwadratowa biała Kanlux 27613;27613/KAN;5905339276131;Kanlux;"<p>Ramka do paneli ADTR 60cm x 60cm kwadratowa biała to produkt marki Kanlux przeznaczony do estetycznego montażu paneli LED w sufitach, w których potrzebna jest stabilna ramka natynkowa lub montażowa. Format 60cm x 60cm pozwala dopasować ją do panelu i zachować równe, estetyczne wykończenie sufitu. To praktyczny element montażowy, a nie część odpowiedzialna za parametry świetlne.</p>

<h2>Ramka do paneli ADTR 60cm x 60cm kwadratowa biała - czym wyróżnia się ten produkt?</h2>

<ul>
  <li>- Ramka do paneli ADTR 60cm x 60cm kwadratowa biała porządkuje montaż panelu LED i pozwala uzyskać estetyczne wykończenie sufitu.</li>
  <li>- Wymiary 60cm x 60cm pomagają dobrać ramkę do popularnego formatu paneli.</li>
  <li>- Materiał stal poprawia stabilność osadzenia oprawy.</li>
  <li>- Kolor biały dobrze łączy się z jasnymi sufitami i nie odciąga uwagi od oświetlenia.</li>
</ul>

<p>Przy takim akcesorium najważniejsze jest zgodne dopasowanie do panelu i sposób wykończenia sufitu. Seria ADTR pomaga wykonać montaż bez przypadkowych szczelin i bez ciężkiego efektu wizualnego. Wysokość oraz format 60cm x 60cm warto sprawdzić przed zakupem razem z wymiarem oprawy. Dobrze dobrana ramka ułatwia późniejszy dostęp serwisowy i pozwala zachować spójny wygląd kilku paneli zamontowanych w jednym pomieszczeniu.</p>

<h3>Specyfikacja techniczna</h3>

<ul>
<li>- Producent: Kanlux</li>
<li>- Seria: ADTR</li>
<li>- Model: 5cm</li>
<li>- Kod producenta: 27613</li>
<li>- EAN: 5905339276131</li>
<li>- Typ produktu: Ramka</li>
<li>- Moc [W]: 60</li>
<li>- Kolor: biały</li>
<li>- Materiał: stal</li>
<li>- Kształt: kwadratowa</li>
<li>- Wymiary: 60cm x 60cm</li>
<li>- Długość: 60cm</li>
<li>- Szerokość: 60cm</li>
<li>- Wysokość: 45mm</li>
<li>- Pasuje do: do paneli</li>
</ul>";"{""Producent"":""Kanlux"",""EAN (GTIN)"":""5905339276131"",""Kod producenta"":""27613"",""Typ produktu"":""Ramka"",""Seria"":""ADTR"",""Model"":""5cm"",""Moc [W]"":""60"",""Kolor"":""biały"",""Materiał"":""stal"",""Kształt"":""kwadratowa"",""Wymiary"":""60cm x 60cm"",""Długość"":""60cm"",""Szerokość"":""60cm"",""Wysokość"":""45mm"",""Pasuje do"":""do paneli""}";https://www.kanlux.com/storage/products/main/big/27613.jpg
;Ramka do paneli ADTR 60x60 cm biała Kanlux 27618;27618/KAN;5905339276186;Kanlux;;"{""Producent"":""Kanlux"",""EAN (GTIN)"":""5905339276186"",""Kod producenta"":""27618"",""Typ produktu"":""Ramka"",""Seria"":""ADTR"",""Model"":""ADTR SKY 6060 W"",""Moc [W]"":""60"",""Kolor"":""biały"",""Materiał"":""stal"",""Wymiary"":""60x60 cm"",""Długość"":""601.2mm"",""Szerokość"":""601.2mm"",""Wysokość"":""56mm"",""Pasuje do"":""do paneli""}";https://www.kanlux.com/storage/products/main/big/27618.jpg
;Ramka do paneli ADTR 60x60 cm biała Kanlux 27608;27608/KAN;5905339276087;Kanlux;;"{""Producent"":""Kanlux"",""EAN (GTIN)"":""5905339276087"",""Kod producenta"":""27608"",""Typ produktu"":""ADTR PT"",""Seria"":""ADTR"",""Model"":""6060-W"",""Kolor"":""biały"",""Materiał"":""stal"",""Wymiary"":""60x60 cm"",""Długość"":""640mm"",""Szerokość"":""640mm"",""Wysokość"":""56mm""}";https://www.kanlux.com/storage/products/main/big/27608.jpg
;Ramka do paneli ADTR 60x60 cm czarna Kanlux 27609;27609/KAN;5905339276094;Kanlux;;"{""Producent"":""Kanlux"",""EAN (GTIN)"":""5905339276094"",""Kod producenta"":""27609"",""Typ produktu"":""ADTR PT"",""Seria"":""ADTR"",""Model"":""6060-B"",""Kolor"":""czarny"",""Materiał"":""stal"",""Wymiary"":""60x60 cm"",""Długość"":""640mm"",""Szerokość"":""640mm"",""Wysokość"":""56mm""}";https://www.kanlux.com/storage/products/main/big/27609.jpg
;Ramka do paneli ADTR 60x60 cm złoto-brązowy Kanlux 39755;39755/KAN;5905339397553;Kanlux;;"{""Producent"":""Kanlux"",""EAN (GTIN)"":""5905339397553"",""Kod producenta"":""39755"",""Typ produktu"":""ADTR"",""Seria"":""ADTR"",""Model"":""ADTR SKY-V 6060 G-BR"",""Kolor"":""złoto-brązowy"",""Materiał"":""stal"",""Wymiary"":""60x60 cm"",""Długość"":""595mm"",""Szerokość"":""595mm"",""Wysokość"":""27mm""}";https://www.kanlux.com/storage/products/main/big/39755.jpg
;Ramka do paneli ADTR 120cm x 30cm prostokątna czarna Kanlux 27614;27614/KAN;5905339276148;Kanlux;;"{""Producent"":""Kanlux"",""EAN (GTIN)"":""5905339276148"",""Kod producenta"":""27614"",""Typ produktu"":""Ramka"",""Seria"":""ADTR"",""Model"":""5cm"",""Kolor"":""czarny"",""Materiał"":""stal"",""Kształt"":""prostokątna"",""Wymiary"":""120cm x 30cm"",""Długość"":""120cm"",""Szerokość"":""30cm"",""Wysokość"":""45mm"",""Pasuje do"":""do paneli""}";https://www.kanlux.com/storage/products/main/big/27614.jpg
;Ramka do paneli ADTR 120cm x 30cm prostokątna srebrna Kanlux 27612;27612/KAN;5905339276124;Kanlux;;"{""Producent"":""Kanlux"",""EAN (GTIN)"":""5905339276124"",""Kod producenta"":""27612"",""Typ produktu"":""Ramka"",""Seria"":""ADTR"",""Model"":""5cm"",""Kolor"":""srebrny"",""Materiał"":""stal"",""Kształt"":""prostokątna"",""Wymiary"":""120cm x 30cm"",""Długość"":""120cm"",""Szerokość"":""30cm"",""Wysokość"":""45mm"",""Pasuje do"":""do paneli""}";https://www.kanlux.com/storage/products/main/big/27612.jpg
;Ramka do paneli ADTR 60cm x 30cm prostokątna czarna Kanlux 29842;29842/KAN;5905339298423;Kanlux;;"{""Producent"":""Kanlux"",""EAN (GTIN)"":""5905339298423"",""Kod producenta"":""29842"",""Typ produktu"":""Ramka"",""Seria"":""ADTR"",""Model"":""5cm"",""Kolor"":""czarny"",""Materiał"":""stal"",""Kształt"":""prostokątna"",""Wymiary"":""60cm x 30cm"",""Długość"":""60cm"",""Szerokość"":""30cm"",""Wysokość"":""45mm"",""Pasuje do"":""do paneli""}";https://www.kanlux.com/storage/products/main/big/29842.jpg
;Ramka do paneli ADTR 60cm x 30cm prostokątna srebrna Kanlux 29841;29841/KAN;5905339298416;Kanlux;;"{""Producent"":""Kanlux"",""EAN (GTIN)"":""5905339298416"",""Kod producenta"":""29841"",""Typ produktu"":""Ramka"",""Seria"":""ADTR"",""Model"":""5cm"",""Kolor"":""srebrny"",""Materiał"":""stal"",""Kształt"":""prostokątna"",""Wymiary"":""60cm x 30cm"",""Długość"":""60cm"",""Szerokość"":""30cm"",""Wysokość"":""45mm"",""Pasuje do"":""do paneli""}";https://www.kanlux.com/storage/products/main/big/29841.jpg
;Ramka do paneli ADTR 60cm x 60cm kwadratowa czarna Kanlux 27615;27615/KAN;5905339276155;Kanlux;;"{""Producent"":""Kanlux"",""EAN (GTIN)"":""5905339276155"",""Kod producenta"":""27615"",""Typ produktu"":""Ramka"",""Seria"":""ADTR"",""Model"":""5cm"",""Kolor"":""czarny"",""Materiał"":""stal"",""Kształt"":""kwadratowa"",""Wymiary"":""60cm x 60cm"",""Długość"":""60cm"",""Szerokość"":""60cm"",""Wysokość"":""45mm"",""Pasuje do"":""do paneli""}";https://www.kanlux.com/storage/products/main/big/27615.jpg
;Ramka do paneli ADTR 60cm x 60cm kwadratowa srebrna Kanlux 27610;27610/KAN;5905339276100;Kanlux;;"{""Producent"":""Kanlux"",""EAN (GTIN)"":""5905339276100"",""Kod producenta"":""27610"",""Typ produktu"":""Ramka"",""Seria"":""ADTR"",""Model"":""5cm"",""Kolor"":""srebrny"",""Materiał"":""stal"",""Kształt"":""kwadratowa"",""Wymiary"":""60cm x 60cm"",""Długość"":""60cm"",""Szerokość"":""60cm"",""Wysokość"":""45mm"",""Pasuje do"":""do paneli""}";https://www.kanlux.com/storage/products/main/big/27610.jpg
;Zasilacz BLINGO AIO 38W Kanlux 39234;39234/KAN;5905339392343;Kanlux;"<p>Zasilacz BLINGO AIO 38W to produkt marki Kanlux przeznaczony jako element zasilający dopasowany do opraw z serii BLINGO AIO. Moc 38W oraz zakres barwy 3000/4000/6500 są powiązane z panelem BLINGO AIO, dlatego ten element warto dobierać do konkretnego wariantu oprawy. Wymiary 595x595mm ułatwiają sprawdzenie, czy zasilacz zmieści się w planowanym miejscu montażu.</p>

<h2>Zasilacz BLINGO AIO 38W - czym wyróżnia się ten produkt?</h2>

<ul>
  <li>- Zasilacz BLINGO AIO 38W jest elementem potrzebnym do poprawnej pracy kompatybilnej oprawy BLINGO AIO.</li>
  <li>- Moc 38W należy dobrać do konkretnego wariantu panelu.</li>
  <li>- Zakres 3000/4000/6500 wspiera konfigurację oprawy w zależności od potrzeb pomieszczenia.</li>
  <li>- Kompaktowe wymiary 595x595mm ułatwiają zaplanowanie montażu w suficie.</li>
</ul>

<p>Ten element warto traktować jako część konkretnego systemu, a nie uniwersalny dodatek do dowolnej oprawy. Seria BLINGO AIO została przewidziana do współpracy z określonymi panelami, dlatego przed montażem trzeba porównać moc, typ oprawy i miejsce instalacji. Dobrze dobrany zasilacz ułatwia późniejszą obsługę i ogranicza ryzyko problemów z kompatybilnością.</p>

<h3>Specyfikacja techniczna</h3>

<ul>
<li>- Producent: Kanlux</li>
<li>- Seria: BLINGO AIO</li>
<li>- Model: BLINGO AIO RM38W 60</li>
<li>- Kod producenta: 39234</li>
<li>- EAN: 5905339392343</li>
<li>- Typ produktu: BLINGO</li>
<li>- Moc [W]: 38W</li>
<li>- Napięcie [V]: 220-240 AC</li>
<li>- Temperatura barwowa [K]: 3000/4000/6500</li>
<li>- Strumień świetlny [lm]: 4120-4490lm</li>
<li>- Stopień ochrony [IP]: IP20</li>
<li>- Kąt świecenia: 115°</li>
<li>- Kolor: biały</li>
<li>- Wymiary: 595x595mm</li>
<li>- Długość: 595mm</li>
<li>- Szerokość: 595mm</li>
<li>- Wysokość: 28mm</li>
</ul>";"{""Producent"":""Kanlux"",""EAN (GTIN)"":""5905339392343"",""Kod producenta"":""39234"",""Typ produktu"":""BLINGO"",""Seria"":""BLINGO AIO"",""Model"":""BLINGO AIO RM38W 60"",""Moc [W]"":""38W"",""Napięcie [V]"":""220-240 AC"",""Temperatura barwowa [K]"":""3000/4000/6500"",""Strumień świetlny [lm]"":""4120-4490lm"",""Stopień ochrony [IP]"":""IP20"",""Kąt świecenia"":""115°"",""Kolor"":""biały"",""Materiał"":""1"",""Wymiary"":""595x595mm"",""Długość"":""595mm"",""Szerokość"":""595mm"",""Wysokość"":""28mm""}";https://www.kanlux.com/storage/products/main/big/39234.jpg
;Zasilacz BLINGO AIO 38W Kanlux 39236;39236/KAN;5905339392367;Kanlux;;"{""Producent"":""Kanlux"",""EAN (GTIN)"":""5905339392367"",""Kod producenta"":""39236"",""Typ produktu"":""BLINGO"",""Seria"":""BLINGO AIO"",""Model"":""BLINGO AIO RM38W 120"",""Moc [W]"":""38W"",""Napięcie [V]"":""220-240 AC"",""Temperatura barwowa [K]"":""3000/4000/6500"",""Strumień świetlny [lm]"":""4120-4490lm"",""Stopień ochrony [IP]"":""IP20"",""Kąt świecenia"":""115°"",""Kolor"":""biały"",""Materiał"":""1"",""Wymiary"":""1195x295mm"",""Długość"":""1195mm"",""Szerokość"":""295mm"",""Wysokość"":""30mm""}";https://www.kanlux.com/storage/products/main/big/39236.jpg
;Zasilacz BLINGO AIO 40W Kanlux 39230;39230/KAN;5905339392305;Kanlux;;"{""Producent"":""Kanlux"",""EAN (GTIN)"":""5905339392305"",""Kod producenta"":""39230"",""Typ produktu"":""BLINGO"",""Seria"":""BLINGO AIO"",""Model"":""BLINGO AIO SRM40W 60"",""Moc [W]"":""40W"",""Napięcie [V]"":""220-240 AC"",""Temperatura barwowa [K]"":""3000/4000/6500"",""Strumień świetlny [lm]"":""4460-4900lm"",""Stopień ochrony [IP]"":""IP20"",""Kąt świecenia"":""115°"",""Kolor"":""biały"",""Materiał"":""tworzywo sztuczne"",""Wymiary"":""595x595mm"",""Długość"":""595mm"",""Szerokość"":""595mm"",""Wysokość"":""40mm""}";https://www.kanlux.com/storage/products/main/big/39230.jpg
;Zasilacz BLINGO AIO 40W Kanlux 39232;39232/KAN;5905339392329;Kanlux;;"{""Producent"":""Kanlux"",""EAN (GTIN)"":""5905339392329"",""Kod producenta"":""39232"",""Typ produktu"":""BLINGO"",""Seria"":""BLINGO AIO"",""Model"":""BLINGO AIO SRM40W120"",""Moc [W]"":""40W"",""Napięcie [V]"":""220-240 AC"",""Temperatura barwowa [K]"":""3000/4000/6500"",""Strumień świetlny [lm]"":""4460-4900lm"",""Stopień ochrony [IP]"":""IP20"",""Kąt świecenia"":""115°"",""Kolor"":""biały"",""Materiał"":""tworzywo sztuczne"",""Wymiary"":""1195x295mm"",""Długość"":""1195mm"",""Szerokość"":""295mm"",""Wysokość"":""40mm""}";https://www.kanlux.com/storage/products/main/big/39232.jpg
;Ramka do paneli ADTR-S 60cm x 60cm kwadratowa biała Kanlux 27616;27616/KAN;5905339276162;Kanlux;"<p>Ramka do paneli ADTR-S 60cm x 60cm kwadratowa biała to produkt marki Kanlux przeznaczony do estetycznego montażu paneli LED w sufitach, w których potrzebna jest stabilna ramka natynkowa lub montażowa. Format 60cm x 60cm pozwala dopasować ją do panelu i zachować równe, estetyczne wykończenie sufitu. To praktyczny element montażowy, a nie część odpowiedzialna za parametry świetlne.</p>

<h2>Ramka do paneli ADTR-S 60cm x 60cm kwadratowa biała - czym wyróżnia się ten produkt?</h2>

<ul>
  <li>- Ramka do paneli ADTR-S 60cm x 60cm kwadratowa biała porządkuje montaż panelu LED i pozwala uzyskać estetyczne wykończenie sufitu.</li>
  <li>- Wymiary 60cm x 60cm pomagają dobrać ramkę do popularnego formatu paneli.</li>
  <li>- Materiał konstrukcyjny poprawia stabilność osadzenia oprawy.</li>
  <li>- Kolor biały dobrze łączy się z jasnymi sufitami i nie odciąga uwagi od oświetlenia.</li>
</ul>

<p>Przy takim akcesorium najważniejsze jest zgodne dopasowanie do panelu i sposób wykończenia sufitu. Seria ADTR-S pomaga wykonać montaż bez przypadkowych szczelin i bez ciężkiego efektu wizualnego. Wysokość oraz format 60cm x 60cm warto sprawdzić przed zakupem razem z wymiarem oprawy. Dobrze dobrana ramka ułatwia późniejszy dostęp serwisowy i pozwala zachować spójny wygląd kilku paneli zamontowanych w jednym pomieszczeniu.</p>

<h3>Specyfikacja techniczna</h3>

<ul>
<li>- Producent: Kanlux</li>
<li>- Seria: ADTR-S</li>
<li>- Model: 5cm</li>
<li>- Kod producenta: 27616</li>
<li>- EAN: 5905339276162</li>
<li>- Typ produktu: Ramka</li>
<li>- Moc [W]: 60</li>
<li>- Kolor: biały</li>
<li>- Kształt: kwadratowa</li>
<li>- Wymiary: 60cm x 60cm</li>
<li>- Długość: 60cm</li>
<li>- Szerokość: 60cm</li>
<li>- Wysokość: 45mm</li>
<li>- Pasuje do: do paneli</li>
</ul>";"{""Producent"":""Kanlux"",""EAN (GTIN)"":""5905339276162"",""Kod producenta"":""27616"",""Typ produktu"":""Ramka"",""Seria"":""ADTR-S"",""Model"":""5cm"",""Moc [W]"":""60"",""Kolor"":""biały"",""Kształt"":""kwadratowa"",""Wymiary"":""60cm x 60cm"",""Długość"":""60cm"",""Szerokość"":""60cm"",""Wysokość"":""45mm"",""Pasuje do"":""do paneli""}";https://www.kanlux.com/storage/products/main/big/27616.jpg
;Ramka do paneli ADTR-S-H 60cm x 60cm kwadratowa biała Kanlux 27617;27617/KAN;5905339276179;Kanlux;"<p>Ramka do paneli ADTR-S-H 60cm x 60cm kwadratowa biała to produkt marki Kanlux przeznaczony do estetycznego montażu paneli LED w sufitach, w których potrzebna jest stabilna ramka natynkowa lub montażowa. Format 60cm x 60cm pozwala dopasować ją do panelu i zachować równe, estetyczne wykończenie sufitu. To praktyczny element montażowy, a nie część odpowiedzialna za parametry świetlne.</p>

<h2>Ramka do paneli ADTR-S-H 60cm x 60cm kwadratowa biała - czym wyróżnia się ten produkt?</h2>

<ul>
  <li>- Ramka do paneli ADTR-S-H 60cm x 60cm kwadratowa biała porządkuje montaż panelu LED i pozwala uzyskać estetyczne wykończenie sufitu.</li>
  <li>- Wymiary 60cm x 60cm pomagają dobrać ramkę do popularnego formatu paneli.</li>
  <li>- Materiał stal poprawia stabilność osadzenia oprawy.</li>
  <li>- Kolor biały dobrze łączy się z jasnymi sufitami i nie odciąga uwagi od oświetlenia.</li>
</ul>

<p>Przy takim akcesorium najważniejsze jest zgodne dopasowanie do panelu i sposób wykończenia sufitu. Seria ADTR-S-H pomaga wykonać montaż bez przypadkowych szczelin i bez ciężkiego efektu wizualnego. Wysokość oraz format 60cm x 60cm warto sprawdzić przed zakupem razem z wymiarem oprawy. Dobrze dobrana ramka ułatwia późniejszy dostęp serwisowy i pozwala zachować spójny wygląd kilku paneli zamontowanych w jednym pomieszczeniu.</p>

<h3>Specyfikacja techniczna</h3>

<ul>
<li>- Producent: Kanlux</li>
<li>- Seria: ADTR-S-H</li>
<li>- Model: 5cm</li>
<li>- Kod producenta: 27617</li>
<li>- EAN: 5905339276179</li>
<li>- Typ produktu: Ramka</li>
<li>- Moc [W]: 60</li>
<li>- Kolor: biały</li>
<li>- Materiał: stal</li>
<li>- Kształt: kwadratowa</li>
<li>- Wymiary: 60cm x 60cm</li>
<li>- Długość: 60cm</li>
<li>- Szerokość: 60cm</li>
<li>- Wysokość: 65mm</li>
<li>- Pasuje do: do paneli</li>
</ul>";"{""Producent"":""Kanlux"",""EAN (GTIN)"":""5905339276179"",""Kod producenta"":""27617"",""Typ produktu"":""Ramka"",""Seria"":""ADTR-S-H"",""Model"":""5cm"",""Moc [W]"":""60"",""Kolor"":""biały"",""Materiał"":""stal"",""Kształt"":""kwadratowa"",""Wymiary"":""60cm x 60cm"",""Długość"":""60cm"",""Szerokość"":""60cm"",""Wysokość"":""65mm"",""Pasuje do"":""do paneli""}";https://www.kanlux.com/storage/products/main/big/27617.jpg
;Panel LED podtynkowy BAREV ECO 595x595mm 36W 4320lm 4000K neutralna IP20 biała Kanlux 31176;31176/KAN;8595665311766;Kanlux;"<p>Panel LED podtynkowy BAREV ECO 595x595mm 36W 4320lm 4000K neutralna IP20 biała to produkt marki Kanlux przeznaczony do biur, recepcji, sal sprzedaży, gabinetów, szkół i innych wnętrz wymagających równego, spokojnego światła. Moc 36W i strumień 4320lm dają równomierne światło do codziennej pracy, a barwa 4000K dobrze pasuje do biur, sal sprzedaży i pomieszczeń usługowych. Format 595x595mm warto porównać z układem sufitu przed montażem.</p>

<h2>Panel LED podtynkowy BAREV ECO 595x595mm 36W 4320lm 4000K neutralna IP20 biała - czym wyróżnia się ten produkt?</h2>

<ul>
  <li>- Panel LED podtynkowy BAREV ECO 595x595mm 36W 4320lm 4000K neutralna IP20 biała daje szerokie, równomierne światło bez mocno punktowego efektu.</li>
  <li>- Moc 36W i strumień 4320lm pomagają dobrać jasność do funkcji pomieszczenia.</li>
  <li>- Barwa 4000K dobrze pasuje do pracy biurowej, obsługi klienta i nauki.</li>
  <li>- Format 595x595mm ułatwia dopasowanie do typowych sufitów modułowych lub planowanego układu opraw.</li>
</ul>

<p>Panel LED najlepiej sprawdza się tam, gdzie potrzebne jest spokojne światło na większej powierzchni. Seria BAREV ECO może zastąpić starsze oprawy świetlówkowe lub uzupełnić nowy układ oświetlenia w suficie modułowym. Przed zakupem warto sprawdzić format 595x595mm, oczekiwaną jasność i barwę światła, bo te parametry najbardziej wpływają na komfort pracy w pomieszczeniu.</p>

<h3>Specyfikacja techniczna</h3>

<ul>
<li>- Producent: Kanlux</li>
<li>- Seria: BAREV ECO</li>
<li>- Model: N36W</li>
<li>- Kod producenta: 31176</li>
<li>- EAN: 8595665311766</li>
<li>- Typ produktu: panel LED ekonomiczny</li>
<li>- Moc [W]: 36W</li>
<li>- Napięcie [V]: 220-240 AC</li>
<li>- Temperatura barwowa [K]: 4000K</li>
<li>- Strumień świetlny [lm]: 4320lm</li>
<li>- Stopień ochrony [IP]: IP20</li>
<li>- Kąt świecenia: 110°</li>
<li>- Kolor: biały</li>
<li>- Wymiary: 595x595mm</li>
<li>- Długość: 595mm</li>
<li>- Szerokość: 595mm</li>
<li>- Wysokość: 30mm</li>
</ul>";"{""Producent"":""Kanlux"",""EAN (GTIN)"":""8595665311766"",""Kod producenta"":""31176"",""Typ produktu"":""panel LED ekonomiczny"",""Seria"":""BAREV ECO"",""Model"":""N36W"",""Moc [W]"":""36W"",""Napięcie [V]"":""220-240 AC"",""Temperatura barwowa [K]"":""4000K"",""Strumień świetlny [lm]"":""4320lm"",""Stopień ochrony [IP]"":""IP20"",""Kąt świecenia"":""110°"",""Kolor"":""biały"",""Materiał"":""1"",""Wymiary"":""595x595mm"",""Długość"":""595mm"",""Szerokość"":""595mm"",""Wysokość"":""30mm""}";https://www.kanlux.com/storage/products/main/big/31176.jpg
;Panel LED podtynkowy BLINGO TN kwadratowa 60x60 cm 38W 5400lm 4000K neutralna IP20 biała Kanlux 33177;33177/KAN;5905339331779;Kanlux;"<p>Panel LED podtynkowy BLINGO TN kwadratowa 60x60 cm 38W 5400lm 4000K neutralna IP20 biała to produkt marki Kanlux przeznaczony do biur, recepcji, sal sprzedaży, gabinetów, szkół i innych wnętrz wymagających równego, spokojnego światła. Moc 38W i strumień 5400lm dają równomierne światło do codziennej pracy, a barwa 4000K dobrze pasuje do biur, sal sprzedaży i pomieszczeń usługowych. Format 60x60 cm warto porównać z układem sufitu przed montażem.</p>

<h2>Panel LED podtynkowy BLINGO TN kwadratowa 60x60 cm 38W 5400lm 4000K neutralna IP20 biała - czym wyróżnia się ten produkt?</h2>

<ul>
  <li>- Panel LED podtynkowy BLINGO TN kwadratowa 60x60 cm 38W 5400lm 4000K neutralna IP20 biała daje szerokie, równomierne światło bez mocno punktowego efektu.</li>
  <li>- Moc 38W i strumień 5400lm pomagają dobrać jasność do funkcji pomieszczenia.</li>
  <li>- Barwa 4000K dobrze pasuje do pracy biurowej, obsługi klienta i nauki.</li>
  <li>- Format 60x60 cm ułatwia dopasowanie do typowych sufitów modułowych lub planowanego układu opraw.</li>
</ul>

<p>Panel LED najlepiej sprawdza się tam, gdzie potrzebne jest spokojne światło na większej powierzchni. Seria BLINGO TN może zastąpić starsze oprawy świetlówkowe lub uzupełnić nowy układ oświetlenia w suficie modułowym. Przed zakupem warto sprawdzić format 60x60 cm, oczekiwaną jasność i barwę światła, bo te parametry najbardziej wpływają na komfort pracy w pomieszczeniu.</p>

<h3>Specyfikacja techniczna</h3>

<ul>
<li>- Producent: Kanlux</li>
<li>- Seria: BLINGO TN</li>
<li>- Model: BLINGO TN38W 6060 NW</li>
<li>- Kod producenta: 33177</li>
<li>- EAN: 5905339331779</li>
<li>- Typ produktu: panel LED zwieszany</li>
<li>- Moc [W]: 38W</li>
<li>- Napięcie [V]: 220-240 AC</li>
<li>- Temperatura barwowa [K]: 4000K</li>
<li>- Barwa światła: Neutralna (3500-4500K)</li>
<li>- Strumień świetlny [lm]: 5400lm</li>
<li>- Stopień ochrony [IP]: IP20</li>
<li>- Kąt świecenia: 115°</li>
<li>- Kolor: biały</li>
<li>- Kształt: kwadratowa</li>
<li>- Wymiary: 60x60 cm</li>
<li>- Długość: 595mm</li>
<li>- Szerokość: 595mm</li>
<li>- Wysokość: 25mm</li>
<li>- Gwarancja: 5 lat</li>
</ul>";"{""Producent"":""Kanlux"",""EAN (GTIN)"":""5905339331779"",""Kod producenta"":""33177"",""Typ produktu"":""panel LED zwieszany"",""Seria"":""BLINGO TN"",""Model"":""BLINGO TN38W 6060 NW"",""Moc [W]"":""38W"",""Napięcie [V]"":""220-240 AC"",""Temperatura barwowa [K]"":""4000K"",""Barwa światła"":""Neutralna (3500-4500K)"",""Strumień świetlny [lm]"":""5400lm"",""Stopień ochrony [IP]"":""IP20"",""Kąt świecenia"":""115°"",""Kolor"":""biały"",""Materiał"":""1"",""Kształt"":""kwadratowa"",""Wymiary"":""60x60 cm"",""Długość"":""595mm"",""Szerokość"":""595mm"",""Wysokość"":""25mm"",""Gwarancja"":""5 lat""}";https://www.kanlux.com/storage/products/main/big/33177.jpg
;Panel LED podtynkowy BLINGO TUN kwadratowa 60x60 cm 48W 6250lm 4000K neutralna IP20 biała Kanlux 33179;33179/KAN;5905339331793;Kanlux;"<p>Panel LED podtynkowy BLINGO TUN kwadratowa 60x60 cm 48W 6250lm 4000K neutralna IP20 biała to produkt marki Kanlux przeznaczony do biur, recepcji, sal sprzedaży, gabinetów, szkół i innych wnętrz wymagających równego, spokojnego światła. Moc 48W i strumień 6250lm dają równomierne światło do codziennej pracy, a barwa 4000K dobrze pasuje do biur, sal sprzedaży i pomieszczeń usługowych. Format 60x60 cm warto porównać z układem sufitu przed montażem.</p>

<h2>Panel LED podtynkowy BLINGO TUN kwadratowa 60x60 cm 48W 6250lm 4000K neutralna IP20 biała - czym wyróżnia się ten produkt?</h2>

<ul>
  <li>- Panel LED podtynkowy BLINGO TUN kwadratowa 60x60 cm 48W 6250lm 4000K neutralna IP20 biała daje szerokie, równomierne światło bez mocno punktowego efektu.</li>
  <li>- Moc 48W i strumień 6250lm pomagają dobrać jasność do funkcji pomieszczenia.</li>
  <li>- Barwa 4000K dobrze pasuje do pracy biurowej, obsługi klienta i nauki.</li>
  <li>- Format 60x60 cm ułatwia dopasowanie do typowych sufitów modułowych lub planowanego układu opraw.</li>
</ul>

<p>Panel LED najlepiej sprawdza się tam, gdzie potrzebne jest spokojne światło na większej powierzchni. Seria BLINGO TUN może zastąpić starsze oprawy świetlówkowe lub uzupełnić nowy układ oświetlenia w suficie modułowym. Przed zakupem warto sprawdzić format 60x60 cm, oczekiwaną jasność i barwę światła, bo te parametry najbardziej wpływają na komfort pracy w pomieszczeniu.</p>

<h3>Specyfikacja techniczna</h3>

<ul>
<li>- Producent: Kanlux</li>
<li>- Seria: BLINGO TUN</li>
<li>- Model: BLINGO TUN48W 6060 NW</li>
<li>- Kod producenta: 33179</li>
<li>- EAN: 5905339331793</li>
<li>- Typ produktu: panel LED zwieszany</li>
<li>- Moc [W]: 48W</li>
<li>- Napięcie [V]: 220-240 AC</li>
<li>- Temperatura barwowa [K]: 4000K</li>
<li>- Barwa światła: Neutralna (3500-4500K)</li>
<li>- Strumień świetlny [lm]: 6250lm</li>
<li>- Stopień ochrony [IP]: IP20</li>
<li>- Kąt świecenia: 90°</li>
<li>- Kolor: biały</li>
<li>- Kształt: kwadratowa</li>
<li>- Wymiary: 60x60 cm</li>
<li>- Długość: 595mm</li>
<li>- Szerokość: 595mm</li>
<li>- Wysokość: 25mm</li>
<li>- Gwarancja: 5 lat</li>
</ul>";"{""Producent"":""Kanlux"",""EAN (GTIN)"":""5905339331793"",""Kod producenta"":""33179"",""Typ produktu"":""panel LED zwieszany"",""Seria"":""BLINGO TUN"",""Model"":""BLINGO TUN48W 6060 NW"",""Moc [W]"":""48W"",""Napięcie [V]"":""220-240 AC"",""Temperatura barwowa [K]"":""4000K"",""Barwa światła"":""Neutralna (3500-4500K)"",""Strumień świetlny [lm]"":""6250lm"",""Stopień ochrony [IP]"":""IP20"",""Kąt świecenia"":""90°"",""Kolor"":""biały"",""Materiał"":""1"",""Kształt"":""kwadratowa"",""Wymiary"":""60x60 cm"",""Długość"":""595mm"",""Szerokość"":""595mm"",""Wysokość"":""25mm"",""Gwarancja"":""5 lat""}";https://www.kanlux.com/storage/products/main/big/33179.jpg
;Panel LED podtynkowy BLINGO IP65 kwadratowa 595x595mm 40W 4800lm 4000K neutralna IP65 biała Kanlux 37279;37279/KAN;5905339372796;Kanlux;"<p>Panel LED podtynkowy BLINGO IP65 kwadratowa 595x595mm 40W 4800lm 4000K neutralna IP65 biała to produkt marki Kanlux przeznaczony do biur, korytarzy, lokali usługowych oraz miejsc, gdzie panel powinien mieć podwyższoną ochronę przed pyłem i wilgocią. Moc 40W i strumień 4800lm dają równomierne światło do codziennej pracy, a barwa 4000K dobrze pasuje do biur, sal sprzedaży i pomieszczeń usługowych. Format 595x595mm warto porównać z układem sufitu przed montażem.</p>

<h2>Panel LED podtynkowy BLINGO IP65 kwadratowa 595x595mm 40W 4800lm 4000K neutralna IP65 biała - czym wyróżnia się ten produkt?</h2>

<ul>
  <li>- Panel LED podtynkowy BLINGO IP65 kwadratowa 595x595mm 40W 4800lm 4000K neutralna IP65 biała daje szerokie, równomierne światło bez mocno punktowego efektu.</li>
  <li>- Moc 40W i strumień 4800lm pomagają dobrać jasność do funkcji pomieszczenia.</li>
  <li>- Barwa 4000K dobrze pasuje do pracy biurowej, obsługi klienta i nauki.</li>
  <li>- Format 595x595mm ułatwia dopasowanie do typowych sufitów modułowych lub planowanego układu opraw.</li>
</ul>

<p>Panel LED najlepiej sprawdza się tam, gdzie potrzebne jest spokojne światło na większej powierzchni. Seria BLINGO IP65 może zastąpić starsze oprawy świetlówkowe lub uzupełnić nowy układ oświetlenia w suficie modułowym. Przed zakupem warto sprawdzić format 595x595mm, oczekiwaną jasność i barwę światła, bo te parametry najbardziej wpływają na komfort pracy w pomieszczeniu.</p>

<h3>Specyfikacja techniczna</h3>

<ul>
<li>- Producent: Kanlux</li>
<li>- Seria: BLINGO IP65</li>
<li>- Model: 60NW</li>
<li>- Kod producenta: 37279</li>
<li>- EAN: 5905339372796</li>
<li>- Typ produktu: panel LED hermetyczny</li>
<li>- Moc [W]: 40W</li>
<li>- Napięcie [V]: 220-240 AC</li>
<li>- Temperatura barwowa [K]: 4000K</li>
<li>- Barwa światła: Neutralna (3500-4500K)</li>
<li>- Strumień świetlny [lm]: 4800lm</li>
<li>- Stopień ochrony [IP]: IP65</li>
<li>- Kąt świecenia: 120°</li>
<li>- Kolor: biały</li>
<li>- Kształt: kwadratowa</li>
<li>- Wymiary: 595x595mm</li>
<li>- Długość: 595mm</li>
<li>- Szerokość: 595mm</li>
<li>- Wysokość: 34mm</li>
<li>- Gwarancja: 5 lat</li>
</ul>";"{""Producent"":""Kanlux"",""EAN (GTIN)"":""5905339372796"",""Kod producenta"":""37279"",""Typ produktu"":""panel LED hermetyczny"",""Seria"":""BLINGO IP65"",""Model"":""60NW"",""Moc [W]"":""40W"",""Napięcie [V]"":""220-240 AC"",""Temperatura barwowa [K]"":""4000K"",""Barwa światła"":""Neutralna (3500-4500K)"",""Strumień świetlny [lm]"":""4800lm"",""Stopień ochrony [IP]"":""IP65"",""Kąt świecenia"":""120°"",""Kolor"":""biały"",""Materiał"":""1"",""Kształt"":""kwadratowa"",""Wymiary"":""595x595mm"",""Długość"":""595mm"",""Szerokość"":""595mm"",""Wysokość"":""34mm"",""Gwarancja"":""5 lat""}";https://www.kanlux.com/storage/products/main/big/37279.jpg
;Plafoniera PIRES ECO E27 277mm IP44 z czujnikiem ruchu biała Kanlux 19001;19001/KAN;5905339190017;Kanlux;;"{""Producent"":""Kanlux"",""EAN (GTIN)"":""5905339190017"",""Kod producenta"":""19001"",""Typ produktu"":""plafoniera z czujnikiem ruchu"",""Seria"":""PIRES ECO"",""Model"":""DL-25O"",""Moc [W]"":""25W"",""Napięcie [V]"":""220-240 AC"",""Stopień ochrony [IP]"":""IP44"",""Kolor"":""biały"",""Trzonek"":""E27"",""Materiał"":""tworzywo sztuczne"",""Wysokość"":""110mm"",""Średnica"":""277mm"",""Czujnik ruchu"":""z czujnikiem ruchu""}";https://www.kanlux.com/storage/products/main/big/19001.jpg
;Plafoniera PIRES ECO E27 277mm IP44 z czujnikiem ruchu biała Kanlux 19000;19000/KAN;5905339190000;Kanlux;"<p>Plafoniera PIRES ECO E27 277mm IP44 z czujnikiem ruchu biała to produkt marki Kanlux przeznaczony do klatek schodowych, korytarzy, wejść, pomieszczeń gospodarczych i przejść. Moc 25W wystarcza do oświetlenia przejść, wejść i pomieszczeń pomocniczych, a stopień ochrony IP44 pomaga dobrać oprawę do warunków w miejscu montażu. Wariant z czujnikiem ruchu ogranicza potrzebę ręcznego włączania światła w przestrzeniach używanych krótkotrwale.</p>

<h2>Plafoniera PIRES ECO E27 277mm IP44 z czujnikiem ruchu biała - czym wyróżnia się ten produkt?</h2>

<ul>
  <li>- Plafoniera PIRES ECO E27 277mm IP44 z czujnikiem ruchu biała zapewnia funkcjonalne światło w miejscach przejściowych i pomocniczych.</li>
  <li>- Czujnik ruchu zwiększa wygodę w korytarzu, przy wejściu lub na klatce schodowej.</li>
  <li>- Stopień ochrony IP44 pomaga dopasować oprawę do warunków w pomieszczeniu.</li>
  <li>- Wymiary wysokość 110mm, średnica 277mm pozwalają zastosować oprawę tam, gdzie liczy się prosta, niska konstrukcja.</li>
</ul>

<p>Plafon z czujnikiem sprawdza się w miejscach, gdzie światło ma włączać się tylko wtedy, gdy ktoś faktycznie korzysta z przestrzeni. Seria PIRES ECO jest praktyczna w przejściach i strefach pomocniczych, bo łączy prostą formę z automatycznym działaniem. Przy montażu warto uwzględnić zasięg czujnika, średnicę oprawy oraz stopień ochrony IP44.</p>

<h3>Specyfikacja techniczna</h3>

<ul>
<li>- Producent: Kanlux</li>
<li>- Seria: PIRES ECO</li>
<li>- Model: DL-25O</li>
<li>- Kod producenta: 19000</li>
<li>- EAN: 5905339190000</li>
<li>- Typ produktu: plafoniera z czujnikiem ruchu</li>
<li>- Moc [W]: 25W</li>
<li>- Napięcie [V]: 220-240 AC</li>
<li>- Stopień ochrony [IP]: IP44</li>
<li>- Trzonek: E27</li>
<li>- Czujnik ruchu: z czujnikiem ruchu</li>
<li>- Kolor: biały</li>
<li>- Materiał: tworzywo sztuczne</li>
<li>- Wysokość: 110mm</li>
<li>- Średnica: 277mm</li>
</ul>";"{""Producent"":""Kanlux"",""EAN (GTIN)"":""5905339190000"",""Kod producenta"":""19000"",""Typ produktu"":""plafoniera z czujnikiem ruchu"",""Seria"":""PIRES ECO"",""Model"":""DL-25O"",""Moc [W]"":""25W"",""Napięcie [V]"":""220-240 AC"",""Stopień ochrony [IP]"":""IP44"",""Kolor"":""biały"",""Trzonek"":""E27"",""Materiał"":""tworzywo sztuczne"",""Wysokość"":""110mm"",""Średnica"":""277mm"",""Czujnik ruchu"":""z czujnikiem ruchu""}";https://www.kanlux.com/storage/products/main/big/19000.jpg
;Naświetlacz LED FL AGOR AIO 200W 14250-27550lm 3000/4000/6000 90° IP65 czarny Kanlux 38429;38429/KAN;5905339384294;Kanlux;;"{""Producent"":""Kanlux"",""EAN (GTIN)"":""5905339384294"",""Kod producenta"":""38429"",""Typ produktu"":""naświetlacz LED z czujnikiem"",""Seria"":""FL AGOR AIO"",""Model"":""M200W"",""Moc [W]"":""200W"",""Napięcie [V]"":""220-240 AC"",""Temperatura barwowa [K]"":""3000/4000/6000"",""Strumień świetlny [lm]"":""14250-27550lm"",""Stopień ochrony [IP]"":""IP65"",""Klasa ochronności"":""IK08"",""Kąt świecenia"":""90°"",""Kolor"":""czarny"",""Materiał"":""szkło hartowane"",""Szerokość"":""373mm"",""Wysokość"":""467mm""}";https://www.kanlux.com/storage/products/main/big/38429.jpg
;Panel LED podtynkowy BLINGO UHRA 595x595mm 60W 600-3800lm 4000K neutralna IP20 biała Kanlux 39170;39170/KAN;5905339391704;Kanlux;;"{""Producent"":""Kanlux"",""EAN (GTIN)"":""5905339391704"",""Kod producenta"":""39170"",""Typ produktu"":""panel LED"",""Seria"":""BLINGO UHRA"",""Model"":""60NW"",""Moc [W]"":""60W"",""Temperatura barwowa [K]"":""4000K"",""Strumień świetlny [lm]"":""600-3800lm"",""Stopień ochrony [IP]"":""IP20"",""Kąt świecenia"":""90°"",""Kolor"":""biały"",""Materiał"":""tworzywo sztuczne"",""Wymiary"":""595x595mm"",""Długość"":""595mm"",""Szerokość"":""595mm"",""Wysokość"":""28mm""}";https://www.kanlux.com/storage/products/main/big/39170.jpg
;Plafoniera LED CCT DABER 13W 1450-1510lm 251mm IP66 biała Kanlux 39020;39020/KAN;5905339390202;Kanlux;;"{""Producent"":""Kanlux"",""EAN (GTIN)"":""5905339390202"",""Kod producenta"":""39020"",""Typ produktu"":""plafoniera LED"",""Seria"":""DABER"",""Model"":""DABER 8-13W CCT W"",""Moc [W]"":""13W"",""Napięcie [V]"":""220-240 AC"",""Temperatura barwowa [K]"":""3000/3500/4000"",""Barwa światła"":""Zmienna CCT"",""Strumień świetlny [lm]"":""1450-1510lm"",""Stopień ochrony [IP]"":""IP66"",""Klasa ochronności"":""IK10"",""Kąt świecenia"":""105°"",""Kolor"":""bialy"",""Materiał"":""PC"",""Wysokość"":""59mm"",""Średnica"":""251mm""}";https://www.kanlux.com/storage/products/main/big/39020.jpg
;Plafoniera LED CCT DABER 13W 1450-1510lm 251mm IP66 z czujnikiem biała Kanlux 39021;39021/KAN;5905339390219;Kanlux;;"{""Producent"":""Kanlux"",""EAN (GTIN)"":""5905339390219"",""Kod producenta"":""39021"",""Typ produktu"":""plafoniera LED"",""Seria"":""DABER"",""Model"":""DABER 8-13W CCT SE W"",""Moc [W]"":""13W"",""Napięcie [V]"":""220-240 AC"",""Temperatura barwowa [K]"":""3000/3500/4000"",""Barwa światła"":""Zmienna CCT"",""Strumień świetlny [lm]"":""1450-1510lm"",""Stopień ochrony [IP]"":""IP66"",""Klasa ochronności"":""IK10"",""Kąt świecenia"":""105°"",""Kolor"":""bialy"",""Materiał"":""PC"",""Wysokość"":""59mm"",""Średnica"":""251mm"",""Czujnik ruchu"":""z czujnikiem""}";https://www.kanlux.com/storage/products/main/big/39021.jpg
;Plafoniera LED CCT DABER 13W 1420-1490lm 251mm IP66 czarna Kanlux 39022;39022/KAN;5905339390226;Kanlux;;"{""Producent"":""Kanlux"",""EAN (GTIN)"":""5905339390226"",""Kod producenta"":""39022"",""Typ produktu"":""plafoniera LED"",""Seria"":""DABER"",""Model"":""DABER 8-13W CCT B"",""Moc [W]"":""13W"",""Napięcie [V]"":""220-240 AC"",""Temperatura barwowa [K]"":""3000/3500/4000"",""Barwa światła"":""Zmienna CCT"",""Strumień świetlny [lm]"":""1420-1490lm"",""Stopień ochrony [IP]"":""IP66"",""Klasa ochronności"":""IK10"",""Kąt świecenia"":""105°"",""Kolor"":""czarny"",""Materiał"":""PC"",""Wysokość"":""59mm"",""Średnica"":""251mm""}";https://www.kanlux.com/storage/products/main/big/39022.jpg
;Plafoniera LED CCT DABER 13W 1420-1490lm 251mm IP66 z czujnikiem czarna Kanlux 39023;39023/KAN;5905339390233;Kanlux;;"{""Producent"":""Kanlux"",""EAN (GTIN)"":""5905339390233"",""Kod producenta"":""39023"",""Typ produktu"":""plafoniera LED"",""Seria"":""DABER"",""Model"":""DABER 8-13W CCT SE B"",""Moc [W]"":""13W"",""Napięcie [V]"":""220-240 AC"",""Temperatura barwowa [K]"":""3000/3500/4000"",""Barwa światła"":""Zmienna CCT"",""Strumień świetlny [lm]"":""1420-1490lm"",""Stopień ochrony [IP]"":""IP66"",""Klasa ochronności"":""IK10"",""Kąt świecenia"":""105°"",""Kolor"":""czarny"",""Materiał"":""PC"",""Wysokość"":""59mm"",""Średnica"":""251mm"",""Czujnik ruchu"":""z czujnikiem""}";https://www.kanlux.com/storage/products/main/big/39023.jpg
;Plafoniera LED CCT DABER 20W 2500-2630lm 301mm IP66 biała Kanlux 39024;39024/KAN;5905339390240;Kanlux;;"{""Producent"":""Kanlux"",""EAN (GTIN)"":""5905339390240"",""Kod producenta"":""39024"",""Typ produktu"":""plafoniera LED"",""Seria"":""DABER"",""Model"":""12-"",""Moc [W]"":""20W"",""Napięcie [V]"":""220-240 AC"",""Temperatura barwowa [K]"":""3000/3500/4000"",""Barwa światła"":""Zmienna CCT"",""Strumień świetlny [lm]"":""2500-2630lm"",""Stopień ochrony [IP]"":""IP66"",""Klasa ochronności"":""IK10"",""Kąt świecenia"":""105°"",""Kolor"":""bialy"",""Materiał"":""PC"",""Wysokość"":""60mm"",""Średnica"":""301mm""}";https://www.kanlux.com/storage/products/main/big/39024.jpg
;Plafoniera LED CCT DABER 20W 2500-2630lm 301mm IP66 z czujnikiem biała Kanlux 39025;39025/KAN;5905339390257;Kanlux;;"{""Producent"":""Kanlux"",""EAN (GTIN)"":""5905339390257"",""Kod producenta"":""39025"",""Typ produktu"":""plafoniera LED"",""Seria"":""DABER"",""Model"":""12-"",""Moc [W]"":""20W"",""Napięcie [V]"":""220-240 AC"",""Temperatura barwowa [K]"":""3000/3500/4000"",""Barwa światła"":""Zmienna CCT"",""Strumień świetlny [lm]"":""2500-2630lm"",""Stopień ochrony [IP]"":""IP66"",""Klasa ochronności"":""IK10"",""Kąt świecenia"":""105°"",""Kolor"":""bialy"",""Materiał"":""PC"",""Wysokość"":""60mm"",""Średnica"":""301mm"",""Czujnik ruchu"":""z czujnikiem""}";https://www.kanlux.com/storage/products/main/big/39025.jpg
;Plafoniera LED CCT DABER 20W 2450-2560lm 301mm IP66 czarna Kanlux 39026;39026/KAN;5905339390264;Kanlux;;"{""Producent"":""Kanlux"",""EAN (GTIN)"":""5905339390264"",""Kod producenta"":""39026"",""Typ produktu"":""plafoniera LED"",""Seria"":""DABER"",""Model"":""12-"",""Moc [W]"":""20W"",""Napięcie [V]"":""220-240 AC"",""Temperatura barwowa [K]"":""3000/3500/4000"",""Barwa światła"":""Zmienna CCT"",""Strumień świetlny [lm]"":""2450-2560lm"",""Stopień ochrony [IP]"":""IP66"",""Klasa ochronności"":""IK10"",""Kąt świecenia"":""105°"",""Kolor"":""czarny"",""Materiał"":""PC"",""Wysokość"":""60mm"",""Średnica"":""301mm""}";https://www.kanlux.com/storage/products/main/big/39026.jpg
;Plafoniera LED CCT DABER 20W 2450-2560lm 301mm IP66 z czujnikiem czarna Kanlux 39027;39027/KAN;5905339390271;Kanlux;;"{""Producent"":""Kanlux"",""EAN (GTIN)"":""5905339390271"",""Kod producenta"":""39027"",""Typ produktu"":""plafoniera LED"",""Seria"":""DABER"",""Model"":""12-"",""Moc [W]"":""20W"",""Napięcie [V]"":""220-240 AC"",""Temperatura barwowa [K]"":""3000/3500/4000"",""Barwa światła"":""Zmienna CCT"",""Strumień świetlny [lm]"":""2450-2560lm"",""Stopień ochrony [IP]"":""IP66"",""Klasa ochronności"":""IK10"",""Kąt świecenia"":""105°"",""Kolor"":""czarny"",""Materiał"":""PC"",""Wysokość"":""60mm"",""Średnica"":""301mm"",""Czujnik ruchu"":""z czujnikiem""}";https://www.kanlux.com/storage/products/main/big/39027.jpg
;Plafoniera LED ENELO 10W 880lm 88lm/W 240mm 4000K neutralna IP44 biała Kanlux 39740;39740/KAN;5905339397409;Kanlux;;"{""Producent"":""Kanlux"",""EAN (GTIN)"":""5905339397409"",""Kod producenta"":""39740"",""Typ produktu"":""plafoniera LED"",""Seria"":""ENELO"",""Model"":""ENELO 10W NW"",""Moc [W]"":""10W"",""Napięcie [V]"":""220-240 AC"",""Temperatura barwowa [K]"":""4000K"",""Barwa światła"":""Neutralna (3500-4500K)"",""Strumień świetlny [lm]"":""880lm"",""Stopień ochrony [IP]"":""IP44"",""Kąt świecenia"":""120°"",""Kolor"":""biały"",""Materiał"":""tworzywo sztuczne"",""Wysokość"":""50mm"",""Średnica"":""240mm""}";https://www.kanlux.com/storage/products/main/big/39740.jpg
;Plafoniera LED ENELO 17W 1500lm 88lm/W 320mm 4000K neutralna IP44 biała Kanlux 39741;39741/KAN;5905339397416;Kanlux;;"{""Producent"":""Kanlux"",""EAN (GTIN)"":""5905339397416"",""Kod producenta"":""39741"",""Typ produktu"":""plafoniera LED"",""Seria"":""ENELO"",""Model"":""ENELO 17W NW"",""Moc [W]"":""17W"",""Napięcie [V]"":""220-240 AC"",""Temperatura barwowa [K]"":""4000K"",""Barwa światła"":""Neutralna (3500-4500K)"",""Strumień świetlny [lm]"":""1500lm"",""Stopień ochrony [IP]"":""IP44"",""Kąt świecenia"":""120°"",""Kolor"":""biały"",""Materiał"":""tworzywo sztuczne"",""Wysokość"":""50mm"",""Średnica"":""320mm""}";https://www.kanlux.com/storage/products/main/big/39741.jpg
;Plafoniera LED ENELO 24W 2200lm 92lm/W 380mm 4000K neutralna IP44 biała Kanlux 39742;39742/KAN;5905339397423;Kanlux;;"{""Producent"":""Kanlux"",""EAN (GTIN)"":""5905339397423"",""Kod producenta"":""39742"",""Typ produktu"":""plafoniera LED"",""Seria"":""ENELO"",""Model"":""ENELO 24W NW"",""Moc [W]"":""24W"",""Napięcie [V]"":""220-240 AC"",""Temperatura barwowa [K]"":""4000K"",""Barwa światła"":""Neutralna (3500-4500K)"",""Strumień świetlny [lm]"":""2200lm"",""Stopień ochrony [IP]"":""IP44"",""Kąt świecenia"":""120°"",""Kolor"":""biały"",""Materiał"":""tworzywo sztuczne"",""Wysokość"":""50mm"",""Średnica"":""380mm""}";https://www.kanlux.com/storage/products/main/big/39742.jpg
;Plafoniera LED CCT ANBAR 37W 2170lm 3000-6500K okrągła 55cm IP20 biała Kanlux 38930;38930/KAN;5905339389305;Kanlux;;"{""Producent"":""Kanlux"",""EAN (GTIN)"":""5905339389305"",""Kod producenta"":""38930"",""Typ produktu"":""plafoniera LED"",""Seria"":""ANBAR"",""Model"":""ANBAR LED 37W CCT BR"",""Moc [W]"":""37W"",""Napięcie [V]"":""220-240 AC"",""Temperatura barwowa [K]"":""6500K"",""Barwa światła"":""Zmienna CCT"",""Strumień świetlny [lm]"":""2170lm"",""Stopień ochrony [IP]"":""IP20"",""Kąt świecenia"":""120°"",""Kolor"":""biały"",""Materiał"":""PMMA"",""Kształt"":""okrągła"",""Wysokość"":""75mm"",""Średnica"":""55cm""}";https://www.kanlux.com/storage/products/main/big/38930.jpg
;Plafoniera LED CCT ANBAR 37W 2560lm 3000-6500K okrągła 55cm IP20 biała Kanlux 38931;38931/KAN;5905339389312;Kanlux;;"{""Producent"":""Kanlux"",""EAN (GTIN)"":""5905339389312"",""Kod producenta"":""38931"",""Typ produktu"":""plafoniera LED"",""Seria"":""ANBAR"",""Model"":""ANBAR LED 37W CCT W"",""Moc [W]"":""37W"",""Napięcie [V]"":""220-240 AC"",""Temperatura barwowa [K]"":""6500K"",""Barwa światła"":""Zmienna CCT"",""Strumień świetlny [lm]"":""2560lm"",""Stopień ochrony [IP]"":""IP20"",""Kąt świecenia"":""120°"",""Kolor"":""biały"",""Materiał"":""PMMA"",""Kształt"":""okrągła"",""Wysokość"":""75mm"",""Średnica"":""55cm""}";https://www.kanlux.com/storage/products/main/big/38931.jpg
;Plafoniera LED SOLN 17.5W 945lm 54lm/W okrągła 38cm 4000K neutralna IP20 z czujnikiem mikrofalowym czarna Kanlux 37324;37324/KAN;5905339373243;Kanlux;;"{""Producent"":""Kanlux"",""EAN (GTIN)"":""5905339373243"",""Kod producenta"":""37324"",""Typ produktu"":""plafoniera LED z czujnikiem mikrofalowym"",""Seria"":""SOLN"",""Model"":""SOLN LED 17,5W NW B/G"",""Moc [W]"":""17.5W"",""Napięcie [V]"":""220-240 AC"",""Temperatura barwowa [K]"":""4000K"",""Barwa światła"":""Neutralna (3500-4500K)"",""Strumień świetlny [lm]"":""945lm"",""Stopień ochrony [IP]"":""IP20"",""Kąt świecenia"":""120°"",""Kolor"":""czarny"",""Materiał"":""tworzywo sztuczne"",""Kształt"":""okrągła"",""Wysokość"":""75mm"",""Średnica"":""38cm"",""Czujnik ruchu"":""z czujnikiem mikrofalowym""}";https://www.kanlux.com/storage/products/main/big/37324.jpg
;Plafoniera LED SOLN 17.5W 945lm okrągła 38cm 4000K neutralna z czujnikiem mikrofalowym biała Kanlux 37328;37328/KAN;5905339373281;Kanlux;;"{""Producent"":""Kanlux"",""EAN (GTIN)"":""5905339373281"",""Kod producenta"":""37328"",""Typ produktu"":""plafoniera LED z czujnikiem mikrofalowym"",""Seria"":""SOLN"",""Model"":""SOLN LED 17,5W NW W/G"",""Moc [W]"":""17.5W"",""Temperatura barwowa [K]"":""4000K"",""Barwa światła"":""Neutralna (3500-4500K)"",""Strumień świetlny [lm]"":""945lm"",""Kolor"":""biały"",""Kształt"":""okrągła"",""Średnica"":""38cm"",""Czujnik ruchu"":""z czujnikiem mikrofalowym""}";
;Plafoniera LED CCT SOLN max 25 1460lm 2700-6500K okrągła 38cm IP20 z czujnikiem mikrofalowym biała Kanlux 39111;39111/KAN;5905339391117;Kanlux;;"{""Producent"":""Kanlux"",""EAN (GTIN)"":""5905339391117"",""Kod producenta"":""39111"",""Typ produktu"":""plafoniera LED z czujnikiem mikrofalowym"",""Seria"":""SOLN"",""Model"":""SOLN LED CCTDIM B/G"",""Moc [W]"":""max 25"",""Napięcie [V]"":""220-240 AC"",""Temperatura barwowa [K]"":""6500K"",""Barwa światła"":""Zimna (≥5000K)"",""Strumień świetlny [lm]"":""1460lm"",""Stopień ochrony [IP]"":""IP20"",""Kąt świecenia"":""120°"",""Kolor"":""biały"",""Materiał"":""tworzywo sztuczne"",""Kształt"":""okrągła"",""Wysokość"":""75mm"",""Średnica"":""38cm"",""Czujnik ruchu"":""z czujnikiem mikrofalowym""}";https://www.kanlux.com/storage/products/main/big/39111.jpg
;Plafoniera LED CCT SOLN max 25 1460lm 2700-6500K okrągła 38cm IP20 z czujnikiem mikrofalowym biała Kanlux 39110;39110/KAN;5905339391100;Kanlux;;"{""Producent"":""Kanlux"",""EAN (GTIN)"":""5905339391100"",""Kod producenta"":""39110"",""Typ produktu"":""plafoniera LED z czujnikiem mikrofalowym"",""Seria"":""SOLN"",""Model"":""SOLN LED CCTDIM W/G"",""Moc [W]"":""max 25"",""Napięcie [V]"":""220-240 AC"",""Temperatura barwowa [K]"":""6500K"",""Barwa światła"":""Zimna (≥5000K)"",""Strumień świetlny [lm]"":""1460lm"",""Stopień ochrony [IP]"":""IP20"",""Kąt świecenia"":""120°"",""Kolor"":""biały"",""Materiał"":""tworzywo sztuczne"",""Kształt"":""okrągła"",""Wysokość"":""75mm"",""Średnica"":""38cm"",""Czujnik ruchu"":""z czujnikiem mikrofalowym""}";https://www.kanlux.com/storage/products/main/big/39110.jpg
;Plafoniera LED FOGLER E 12W 1000lm 83lm/W 280mm 4000K neutralna IP20 z czujnikiem biała Kanlux 18122;18122/KAN;5905339181220;Kanlux;;"{""Producent"":""Kanlux"",""EAN (GTIN)"":""5905339181220"",""Kod producenta"":""18122"",""Typ produktu"":""plafoniera z czujnikiem + moduł awaryjny"",""Seria"":""FOGLER E"",""Model"":""FOGLER E 12W NW"",""Moc [W]"":""12W"",""Napięcie [V]"":""220-240 AC"",""Temperatura barwowa [K]"":""4000K"",""Barwa światła"":""Neutralna (3500-4500K)"",""Strumień świetlny [lm]"":""1000lm"",""Stopień ochrony [IP]"":""IP20"",""Kąt świecenia"":""120°"",""Kolor"":""biały"",""Materiał"":""tworzywo sztuczne"",""Wysokość"":""65mm"",""Średnica"":""280mm"",""Czujnik ruchu"":""z czujnikiem""}";https://www.kanlux.com/storage/products/main/big/18122.jpg
;Plafoniera LED FOGLER E 17W 1100lm 65lm/W 330mm 4000K neutralna IP20 z czujnikiem biała Kanlux 18123;18123/KAN;5905339181237;Kanlux;;"{""Producent"":""Kanlux"",""EAN (GTIN)"":""5905339181237"",""Kod producenta"":""18123"",""Typ produktu"":""plafoniera z czujnikiem + moduł awaryjny"",""Seria"":""FOGLER E"",""Model"":""FOGLER E 17W NW"",""Moc [W]"":""17W"",""Napięcie [V]"":""220-240 AC"",""Temperatura barwowa [K]"":""4000K"",""Barwa światła"":""Neutralna (3500-4500K)"",""Strumień świetlny [lm]"":""1100lm"",""Stopień ochrony [IP]"":""IP20"",""Kąt świecenia"":""120°"",""Kolor"":""biały"",""Materiał"":""tworzywo sztuczne"",""Wysokość"":""70mm"",""Średnica"":""330mm"",""Czujnik ruchu"":""z czujnikiem""}";https://www.kanlux.com/storage/products/main/big/18123.jpg
;Plafoniera LED FOGLER E 24W 1800lm 75lm/W 380mm 4000K neutralna IP20 z czujnikiem biała Kanlux 18124;18124/KAN;5905339181244;Kanlux;;"{""Producent"":""Kanlux"",""EAN (GTIN)"":""5905339181244"",""Kod producenta"":""18124"",""Typ produktu"":""plafoniera z czujnikiem + moduł awaryjny"",""Seria"":""FOGLER E"",""Model"":""FOGLER E 24W NW"",""Moc [W]"":""24W"",""Napięcie [V]"":""220-240 AC"",""Temperatura barwowa [K]"":""4000K"",""Barwa światła"":""Neutralna (3500-4500K)"",""Strumień świetlny [lm]"":""1800lm"",""Stopień ochrony [IP]"":""IP20"",""Kąt świecenia"":""120°"",""Kolor"":""biały"",""Materiał"":""tworzywo sztuczne"",""Wysokość"":""70mm"",""Średnica"":""380mm"",""Czujnik ruchu"":""z czujnikiem""}";https://www.kanlux.com/storage/products/main/big/18124.jpg
;Oprawa sufitowa BORD ONE GU10 IP20 czarny Kanlux 28785;28785/KAN;5905339287854;Kanlux;;"{""Producent"":""Kanlux"",""EAN (GTIN)"":""5905339287854"",""Kod producenta"":""28785"",""Typ produktu"":""oprawa punktowa BORD ONE"",""Seria"":""BORD ONE"",""Model"":""DLP-50-B"",""Moc [W]"":""10W"",""Napięcie [V]"":""220-240 AC"",""Stopień ochrony [IP]"":""IP20"",""Kolor"":""czarny"",""Trzonek"":""GU10"",""Materiał"":""stop aluminium"",""Wysokość"":""85mm"",""Średnica"":""80mm""}";https://www.kanlux.com/storage/products/main/big/28785.jpg
;Oprawa sufitowa BORD ONE GU10 IP20 biały Kanlux 28784;28784/KAN;5905339287847;Kanlux;;"{""Producent"":""Kanlux"",""EAN (GTIN)"":""5905339287847"",""Kod producenta"":""28784"",""Typ produktu"":""oprawa punktowa BORD ONE"",""Seria"":""BORD ONE"",""Model"":""DLP-50-W"",""Moc [W]"":""10W"",""Napięcie [V]"":""220-240 AC"",""Stopień ochrony [IP]"":""IP20"",""Kolor"":""biały"",""Trzonek"":""GU10"",""Materiał"":""stop aluminium"",""Wysokość"":""85mm"",""Średnica"":""80mm""}";https://www.kanlux.com/storage/products/main/big/28784.jpg
;Siatka ochronna do oprawy HB PRO STRONG HBPHS 150W Kanlux 38135;38135/KAN;5905339381354;Kanlux;;"{""Producent"":""Kanlux"",""EAN (GTIN)"":""5905339381354"",""Kod producenta"":""38135"",""Typ produktu"":""Siatka ochronna"",""Seria"":""HBPHS"",""Model"":""HBPHS GRID 150W"",""Moc [W]"":""150W"",""Gwarancja"":""5 lat"",""Pasuje do"":""do oprawy HB PRO STRONG HBPHS""}";https://www.kanlux.com/storage/products/main/big/38135.jpg
;Soczewka do oprawy HB PRO STRONG HBPHS 120° Kanlux 38139;38139/KAN;5905339381392;Kanlux;;"{""Producent"":""Kanlux"",""EAN (GTIN)"":""5905339381392"",""Kod producenta"":""38139"",""Typ produktu"":""Soczewka"",""Seria"":""HBPHS"",""Model"":""120D"",""Moc [W]"":""150"",""Kąt świecenia"":""120°"",""Materiał"":""PC"",""Średnica"":""233mm"",""Gwarancja"":""5 lat"",""Pasuje do"":""do oprawy HB PRO STRONG HBPHS""}";https://www.kanlux.com/storage/products/main/big/38139.jpg
;Soczewka do oprawy HB PRO STRONG HBPHS 60° Kanlux 38138;38138/KAN;5905339381385;Kanlux;;"{""Producent"":""Kanlux"",""EAN (GTIN)"":""5905339381385"",""Kod producenta"":""38138"",""Typ produktu"":""Soczewka"",""Seria"":""HBPHS"",""Model"":""60D"",""Moc [W]"":""150"",""Kąt świecenia"":""60°"",""Gwarancja"":""5 lat"",""Pasuje do"":""do oprawy HB PRO STRONG HBPHS""}";https://www.kanlux.com/storage/products/main/big/38138.jpg
;Siatka ochronna do oprawy HB PRO STRONG HBPHS 200W Kanlux 38136;38136/KAN;5905339381361;Kanlux;;"{""Producent"":""Kanlux"",""EAN (GTIN)"":""5905339381361"",""Kod producenta"":""38136"",""Typ produktu"":""Siatka ochronna"",""Seria"":""HBPHS"",""Model"":""HBPHS GRID 200W"",""Moc [W]"":""200W"",""Gwarancja"":""5 lat"",""Pasuje do"":""do oprawy HB PRO STRONG HBPHS""}";https://www.kanlux.com/storage/products/main/big/38136.jpg
;Soczewka do oprawy HB PRO STRONG HBPHS 120° Kanlux 38129;38129/KAN;5905339381293;Kanlux;;"{""Producent"":""Kanlux"",""EAN (GTIN)"":""5905339381293"",""Kod producenta"":""38129"",""Typ produktu"":""Soczewka"",""Seria"":""HBPHS"",""Model"":""120D"",""Moc [W]"":""200"",""Kąt świecenia"":""120°"",""Gwarancja"":""5 lat"",""Pasuje do"":""do oprawy HB PRO STRONG HBPHS""}";https://www.kanlux.com/storage/products/main/big/38129.jpg
;Soczewka do oprawy HB PRO STRONG HBPHS 60° Kanlux 38128;38128/KAN;5905339381286;Kanlux;;"{""Producent"":""Kanlux"",""EAN (GTIN)"":""5905339381286"",""Kod producenta"":""38128"",""Typ produktu"":""Soczewka"",""Seria"":""HBPHS"",""Model"":""60D"",""Moc [W]"":""200"",""Kąt świecenia"":""60°"",""Materiał"":""PC"",""Średnica"":""263mm"",""Gwarancja"":""5 lat"",""Pasuje do"":""do oprawy HB PRO STRONG HBPHS""}";https://www.kanlux.com/storage/products/main/big/38128.jpg
;Pilot do oprawy HB PRO STRONG HBPHS Kanlux 38134;38134/KAN;5905339381347;Kanlux;;"{""Producent"":""Kanlux"",""EAN (GTIN)"":""5905339381347"",""Kod producenta"":""38134"",""Typ produktu"":""Pilot"",""Seria"":""HBPHS"",""Model"":""HBPHS REMOTE"",""Czujnik ruchu"":""z czujnikiem ruchu"",""Gwarancja"":""5 lat"",""Pasuje do"":""do oprawy HB PRO STRONG""}";https://www.kanlux.com/storage/products/main/big/38134.jpg
;Wspornik montażowy do oprawy HB PRO STRONG HBPHS Kanlux 38137;38137/KAN;5905339381378;Kanlux;;"{""Producent"":""Kanlux"",""EAN (GTIN)"":""5905339381378"",""Kod producenta"":""38137"",""Typ produktu"":""Wspornik montażowy"",""Seria"":""HBPHS"",""Model"":""HBPHS BRACKET"",""Gwarancja"":""5 lat"",""Pasuje do"":""do oprawy HB PRO STRONG HBPHS""}";https://www.kanlux.com/storage/products/main/big/38137.jpg
;Oprawa High Bay LED HIBO 50W 4750lm 4000K IP65 czarny Kanlux 31111;31111/KAN;8595665311117;Kanlux;;"{""Producent"":""Kanlux"",""EAN (GTIN)"":""8595665311117"",""Kod producenta"":""31111"",""Typ produktu"":""High Bay LED"",""Seria"":""HIBO"",""Model"":""HIBO LED N 50W-NW"",""Moc [W]"":""50W"",""Napięcie [V]"":""MLS"",""Temperatura barwowa [K]"":""4000K"",""Barwa światła"":""Neutralna (3500-4500K)"",""Strumień świetlny [lm]"":""4750lm"",""Stopień ochrony [IP]"":""IP65"",""Klasa ochronności"":""IK05"",""Kąt świecenia"":""120°"",""Kolor"":""czarny"",""Materiał"":""stop aluminium"",""Długość"":""0.45"",""Wysokość"":""124mm"",""Średnica"":""240mm""}";https://www.kanlux.com/storage/products/main/big/31111.jpg
;Oprawa High Bay LED HIBO 100W 10000lm 4000K IP65 czarny Kanlux 31112;31112/KAN;8595665311124;Kanlux;;"{""Producent"":""Kanlux"",""EAN (GTIN)"":""8595665311124"",""Kod producenta"":""31112"",""Typ produktu"":""High Bay LED"",""Seria"":""HIBO"",""Model"":""HIBO LED N 100W-NW"",""Moc [W]"":""100W"",""Napięcie [V]"":""MLS"",""Temperatura barwowa [K]"":""4000K"",""Barwa światła"":""Neutralna (3500-4500K)"",""Strumień świetlny [lm]"":""10000lm"",""Stopień ochrony [IP]"":""IP65"",""Klasa ochronności"":""IK05"",""Kąt świecenia"":""120°"",""Kolor"":""czarny"",""Materiał"":""stop aluminium"",""Długość"":""0.45"",""Wysokość"":""135mm"",""Średnica"":""300mm""}";https://www.kanlux.com/storage/products/main/big/31112.jpg
;Oprawa High Bay LED HIBO 150W 15000lm 4000K IP65 czarny Kanlux 31113;31113/KAN;8595665311131;Kanlux;;"{""Producent"":""Kanlux"",""EAN (GTIN)"":""8595665311131"",""Kod producenta"":""31113"",""Typ produktu"":""High Bay LED"",""Seria"":""HIBO"",""Model"":""HIBO LED N 150W-NW"",""Moc [W]"":""150W"",""Napięcie [V]"":""MLS"",""Temperatura barwowa [K]"":""4000K"",""Barwa światła"":""Neutralna (3500-4500K)"",""Strumień świetlny [lm]"":""15000lm"",""Stopień ochrony [IP]"":""IP65"",""Klasa ochronności"":""IK05"",""Kąt świecenia"":""120°"",""Kolor"":""czarny"",""Materiał"":""stop aluminium"",""Długość"":""0.45"",""Wysokość"":""143mm"",""Średnica"":""350mm""}";https://www.kanlux.com/storage/products/main/big/31113.jpg
;Oprawa High Bay LED HIBO 200W 20000lm 4000K IP65 czarny Kanlux 31114;31114/KAN;8595665311148;Kanlux;;"{""Producent"":""Kanlux"",""EAN (GTIN)"":""8595665311148"",""Kod producenta"":""31114"",""Typ produktu"":""High Bay LED"",""Seria"":""HIBO"",""Model"":""HIBO LED N 200W-NW"",""Moc [W]"":""200W"",""Napięcie [V]"":""MLS"",""Temperatura barwowa [K]"":""4000K"",""Barwa światła"":""Neutralna (3500-4500K)"",""Strumień świetlny [lm]"":""20000lm"",""Stopień ochrony [IP]"":""IP65"",""Klasa ochronności"":""IK05"",""Kąt świecenia"":""120°"",""Kolor"":""czarny"",""Materiał"":""stop aluminium"",""Długość"":""0.45"",""Wysokość"":""150mm"",""Średnica"":""390mm""}";https://www.kanlux.com/storage/products/main/big/31114.jpg
;Oprawa High Bay LED HB 200W 16000-32000lm 4000 / 5000 / 6500 IP65 czarny Kanlux 27168;27168/KAN;5905339271686;Kanlux;;"{""Producent"":""Kanlux"",""EAN (GTIN)"":""5905339271686"",""Kod producenta"":""27168"",""Typ produktu"":""High Bay LED"",""Seria"":""HB"",""Model"":""M200W"",""Moc [W]"":""200W"",""Napięcie [V]"":""220-240 AC"",""Temperatura barwowa [K]"":""4000 / 5000 / 6500"",""Strumień świetlny [lm]"":""16000-32000lm"",""Stopień ochrony [IP]"":""IP65"",""Klasa ochronności"":""IK08"",""Kąt świecenia"":""60°"",""Kolor"":""czarny"",""Materiał"":""stop aluminium"",""Wysokość"":""160mm"",""Średnica"":""310mm""}";https://www.kanlux.com/storage/products/main/big/27168.jpg
;Oprawa High Bay LED HB 150W 25500lm 4000K IP65 szary Kanlux 27166;27166/KAN;5905339271662;Kanlux;;"{""Producent"":""Kanlux"",""EAN (GTIN)"":""5905339271662"",""Kod producenta"":""27166"",""Typ produktu"":""High Bay LED"",""Seria"":""HB"",""Model"":""HB PROSTRONG 150WD"",""Moc [W]"":""150W"",""Napięcie [V]"":""220-240 AC"",""Temperatura barwowa [K]"":""4000K"",""Barwa światła"":""Neutralna (3500-4500K)"",""Strumień świetlny [lm]"":""25500lm"",""Stopień ochrony [IP]"":""IP65"",""Klasa ochronności"":""IK08"",""Kąt świecenia"":""90°"",""Kolor"":""szary"",""Materiał"":""stop aluminium"",""Długość"":""0.3"",""Wysokość"":""112mm"",""Średnica"":""299mm"",""Gwarancja"":""5 lat"",""Sterowanie"":""DALI""}";https://www.kanlux.com/storage/products/main/big/27166.jpg
;Oprawa High Bay LED HB 150W 12750-25500lm 4000K IP65 szary Kanlux 27167;27167/KAN;5905339271679;Kanlux;;"{""Producent"":""Kanlux"",""EAN (GTIN)"":""5905339271679"",""Kod producenta"":""27167"",""Typ produktu"":""High Bay LED"",""Seria"":""HB"",""Model"":""HB PROSTRONG 150WS"",""Moc [W]"":""150W"",""Napięcie [V]"":""220-240 AC"",""Temperatura barwowa [K]"":""4000K"",""Barwa światła"":""Neutralna (3500-4500K)"",""Strumień świetlny [lm]"":""12750-25500lm"",""Stopień ochrony [IP]"":""IP65"",""Klasa ochronności"":""IK08"",""Kąt świecenia"":""90°"",""Kolor"":""szary"",""Materiał"":""stop aluminium"",""Długość"":""0.3"",""Wysokość"":""112mm"",""Średnica"":""299mm"",""Czujnik ruchu"":""z czujnikiem ruchu"",""Gwarancja"":""5 lat""}";https://www.kanlux.com/storage/products/main/big/27167.jpg
;Wspornik montażowy HBPA czarny Kanlux 33199;33199/KAN;5905339331991;Kanlux;;"{""Producent"":""Kanlux"",""EAN (GTIN)"":""5905339331991"",""Kod producenta"":""33199"",""Typ produktu"":""Wspornik montażowy"",""Seria"":""HBPA"",""Model"":""HBPA BRACKET"",""Kolor"":""czarny""}";https://www.kanlux.com/storage/products/main/big/33199.jpg
;Naświetlacz LED FL AGOR 100W 14000lm 140lm/W 4000K 110° IP65 czarny Kanlux 38420;38420/KAN;5905339384201;Kanlux;;"{""Producent"":""Kanlux"",""EAN (GTIN)"":""5905339384201"",""Kod producenta"":""38420"",""Typ produktu"":""naświetlacz LED"",""Seria"":""FL AGOR"",""Model"":""FL AGOR PRO 100W NW"",""Moc [W]"":""100W"",""Napięcie [V]"":""220-240 AC"",""Temperatura barwowa [K]"":""4000K"",""Barwa światła"":""Neutralna (3500-4500K)"",""Strumień świetlny [lm]"":""14000lm"",""Stopień ochrony [IP]"":""IP65"",""Klasa ochronności"":""IK08"",""Kąt świecenia"":""110°"",""Kolor"":""czarny"",""Materiał"":""szkło hartowane"",""Wymiary"":""0.28 x 291mm"",""Długość"":""0.28"",""Szerokość"":""291mm"",""Wysokość"":""253mm"",""Gwarancja"":""5 lat""}";https://www.kanlux.com/storage/products/main/big/38420.jpg
;Naświetlacz LED FL AGOR 100W 13500lm 135lm/W 4000K 125° IP65 czarny Kanlux 38423;38423/KAN;5905339384232;Kanlux;;"{""Producent"":""Kanlux"",""EAN (GTIN)"":""5905339384232"",""Kod producenta"":""38423"",""Typ produktu"":""naświetlacz LED"",""Seria"":""FL AGOR"",""Model"":""FL AGOR/A PRO 100W NW"",""Moc [W]"":""100W"",""Napięcie [V]"":""220-240 AC"",""Temperatura barwowa [K]"":""4000K"",""Barwa światła"":""Neutralna (3500-4500K)"",""Strumień świetlny [lm]"":""13500lm"",""Stopień ochrony [IP]"":""IP65"",""Klasa ochronności"":""IK08"",""Kąt świecenia"":""125°"",""Kolor"":""czarny"",""Materiał"":""szkło hartowane"",""Wymiary"":""0.28 x 291mm"",""Długość"":""0.28"",""Szerokość"":""291mm"",""Wysokość"":""253mm"",""Gwarancja"":""5 lat""}";https://www.kanlux.com/storage/products/main/big/38423.jpg
;Siatka ochronna do FL AGOR PRO GRID 100W Kanlux 38426;38426/KAN;5905339384263;Kanlux;;"{""Producent"":""Kanlux"",""EAN (GTIN)"":""5905339384263"",""Kod producenta"":""38426"",""Typ produktu"":""Siatka ochronna"",""Seria"":""FL AGOR"",""Model"":""FL AGOR PRO GRID 100W"",""Moc [W]"":""100W"",""Materiał"":""stal"",""Wymiary"":""265x70mm"",""Długość"":""265mm"",""Szerokość"":""70mm"",""Wysokość"":""205mm"",""Pasuje do"":""do FL AGOR PRO GRID""}";https://www.kanlux.com/storage/products/main/big/38426.jpg
;Naświetlacz LED FL AGOR 150W 21000lm 140lm/W 4000K 110° IP65 czarny Kanlux 38421;38421/KAN;5905339384218;Kanlux;;"{""Producent"":""Kanlux"",""EAN (GTIN)"":""5905339384218"",""Kod producenta"":""38421"",""Typ produktu"":""naświetlacz LED"",""Seria"":""FL AGOR"",""Model"":""FL AGOR PRO 150W NW"",""Moc [W]"":""150W"",""Napięcie [V]"":""220-240 AC"",""Temperatura barwowa [K]"":""4000K"",""Barwa światła"":""Neutralna (3500-4500K)"",""Strumień świetlny [lm]"":""21000lm"",""Stopień ochrony [IP]"":""IP65"",""Klasa ochronności"":""IK08"",""Kąt świecenia"":""110°"",""Kolor"":""czarny"",""Materiał"":""szkło hartowane"",""Wymiary"":""1 x 291mm"",""Długość"":""1"",""Szerokość"":""291mm"",""Wysokość"":""332mm"",""Gwarancja"":""5 lat""}";https://www.kanlux.com/storage/products/main/big/38421.jpg
;Naświetlacz LED FL AGOR 150W 20250lm 135lm/W 4000K 125° IP65 czarny Kanlux 38424;38424/KAN;5905339384249;Kanlux;;"{""Producent"":""Kanlux"",""EAN (GTIN)"":""5905339384249"",""Kod producenta"":""38424"",""Typ produktu"":""naświetlacz LED"",""Seria"":""FL AGOR"",""Model"":""FL AGOR/A PRO 150W NW"",""Moc [W]"":""150W"",""Napięcie [V]"":""220-240 AC"",""Temperatura barwowa [K]"":""4000K"",""Barwa światła"":""Neutralna (3500-4500K)"",""Strumień świetlny [lm]"":""20250lm"",""Stopień ochrony [IP]"":""IP65"",""Klasa ochronności"":""IK08"",""Kąt świecenia"":""125°"",""Kolor"":""czarny"",""Materiał"":""szkło hartowane"",""Wymiary"":""1 x 291mm"",""Długość"":""1"",""Szerokość"":""291mm"",""Wysokość"":""332mm"",""Gwarancja"":""5 lat""}";https://www.kanlux.com/storage/products/main/big/38424.jpg
;Siatka ochronna do FL AGOR PRO GRID 150W Kanlux 38427;38427/KAN;5905339384270;Kanlux;;"{""Producent"":""Kanlux"",""EAN (GTIN)"":""5905339384270"",""Kod producenta"":""38427"",""Typ produktu"":""Siatka ochronna"",""Seria"":""FL AGOR"",""Model"":""FL AGOR PRO GRID 150W"",""Moc [W]"":""150W"",""Materiał"":""stal"",""Wymiary"":""290x70mm"",""Długość"":""290mm"",""Szerokość"":""70mm"",""Wysokość"":""265mm"",""Pasuje do"":""do FL AGOR PRO GRID""}";https://www.kanlux.com/storage/products/main/big/38427.jpg
;Naświetlacz LED FL AGOR 200W 28000lm 140lm/W 4000K 110° IP65 czarny Kanlux 38422;38422/KAN;5905339384225;Kanlux;;"{""Producent"":""Kanlux"",""EAN (GTIN)"":""5905339384225"",""Kod producenta"":""38422"",""Typ produktu"":""naświetlacz LED"",""Seria"":""FL AGOR"",""Model"":""FL AGOR PRO 200W NW"",""Moc [W]"":""200W"",""Napięcie [V]"":""220-240 AC"",""Temperatura barwowa [K]"":""4000K"",""Barwa światła"":""Neutralna (3500-4500K)"",""Strumień świetlny [lm]"":""28000lm"",""Stopień ochrony [IP]"":""IP65"",""Klasa ochronności"":""IK08"",""Kąt świecenia"":""110°"",""Kolor"":""czarny"",""Materiał"":""szkło hartowane"",""Wymiary"":""1 x 346mm"",""Długość"":""1"",""Szerokość"":""346mm"",""Wysokość"":""387mm"",""Gwarancja"":""5 lat""}";https://www.kanlux.com/storage/products/main/big/38422.jpg
;Naświetlacz LED FL AGOR 200W 27000lm 135lm/W 4000K 125° IP65 czarny Kanlux 38425;38425/KAN;5905339384256;Kanlux;;"{""Producent"":""Kanlux"",""EAN (GTIN)"":""5905339384256"",""Kod producenta"":""38425"",""Typ produktu"":""naświetlacz LED"",""Seria"":""FL AGOR"",""Model"":""FL AGOR/A PRO 200W NW"",""Moc [W]"":""200W"",""Napięcie [V]"":""220-240 AC"",""Temperatura barwowa [K]"":""4000K"",""Barwa światła"":""Neutralna (3500-4500K)"",""Strumień świetlny [lm]"":""27000lm"",""Stopień ochrony [IP]"":""IP65"",""Klasa ochronności"":""IK08"",""Kąt świecenia"":""125°"",""Kolor"":""czarny"",""Materiał"":""szkło hartowane"",""Wymiary"":""1 x 346mm"",""Długość"":""1"",""Szerokość"":""346mm"",""Wysokość"":""387mm"",""Gwarancja"":""5 lat""}";https://www.kanlux.com/storage/products/main/big/38425.jpg
;Siatka ochronna do FL AGOR PRO GRID 200W Kanlux 38428;38428/KAN;5905339384287;Kanlux;;"{""Producent"":""Kanlux"",""EAN (GTIN)"":""5905339384287"",""Kod producenta"":""38428"",""Typ produktu"":""Siatka ochronna"",""Seria"":""FL AGOR"",""Model"":""FL AGOR PRO GRID 200W"",""Moc [W]"":""200W"",""Materiał"":""stal"",""Wymiary"":""345x70mm"",""Długość"":""345mm"",""Szerokość"":""70mm"",""Wysokość"":""320mm"",""Pasuje do"":""do FL AGOR PRO GRID""}";https://www.kanlux.com/storage/products/main/big/38428.jpg
;Naświetlacz LED FL AGOR 240W 36000lm 150lm/W 4000K 90° IP65 biały Kanlux 33476;33476/KAN;5905339334763;Kanlux;;"{""Producent"":""Kanlux"",""EAN (GTIN)"":""5905339334763"",""Kod producenta"":""33476"",""Typ produktu"":""naświetlacz LED"",""Seria"":""FL AGOR"",""Model"":""FL AGOR HI 240W NW"",""Moc [W]"":""240W"",""Napięcie [V]"":""MLS"",""Temperatura barwowa [K]"":""4000K"",""Barwa światła"":""Neutralna (3500-4500K)"",""Strumień świetlny [lm]"":""36000lm"",""Stopień ochrony [IP]"":""IP65"",""Klasa ochronności"":""IK08"",""Kąt świecenia"":""90°"",""Kolor"":""biały"",""Materiał"":""stop aluminium"",""Wymiary"":""0.28 x 385mm"",""Długość"":""0.28"",""Szerokość"":""385mm"",""Wysokość"":""470mm"",""Gwarancja"":""5 lat""}";https://www.kanlux.com/storage/products/main/big/33476.jpg
;Naświetlacz LED FL AGOR 240W 36000lm 150lm/W 4000K 40° IP65 biały Kanlux 33477;33477/KAN;5905339334770;Kanlux;;"{""Producent"":""Kanlux"",""EAN (GTIN)"":""5905339334770"",""Kod producenta"":""33477"",""Typ produktu"":""naświetlacz LED"",""Seria"":""FL AGOR"",""Model"":""FL AGOR/A HI 240W NW"",""Moc [W]"":""240W"",""Napięcie [V]"":""MLS"",""Temperatura barwowa [K]"":""4000K"",""Barwa światła"":""Neutralna (3500-4500K)"",""Strumień świetlny [lm]"":""36000lm"",""Stopień ochrony [IP]"":""IP65"",""Klasa ochronności"":""IK08"",""Kąt świecenia"":""40°"",""Kolor"":""biały"",""Materiał"":""stop aluminium"",""Wymiary"":""0.28 x 385mm"",""Długość"":""0.28"",""Szerokość"":""385mm"",""Wysokość"":""470mm"",""Gwarancja"":""5 lat""}";https://www.kanlux.com/storage/products/main/big/33477.jpg
;Siatka ochronna do FL AGOR HI GRID 240W Kanlux 33482;33482/KAN;5905339334824;Kanlux;;"{""Producent"":""Kanlux"",""EAN (GTIN)"":""5905339334824"",""Kod producenta"":""33482"",""Typ produktu"":""Siatka ochronna"",""Seria"":""FL AGOR"",""Model"":""FL AGOR HI GRID 240W"",""Moc [W]"":""240W"",""Materiał"":""stal"",""Pasuje do"":""do FL AGOR HI GRID""}";https://www.kanlux.com/storage/products/main/big/33482.jpg
;Naświetlacz LED FL AGOR 300W 45000lm 150lm/W 4000K 90° IP65 biały Kanlux 33478;33478/KAN;5905339334787;Kanlux;;"{""Producent"":""Kanlux"",""EAN (GTIN)"":""5905339334787"",""Kod producenta"":""33478"",""Typ produktu"":""naświetlacz LED"",""Seria"":""FL AGOR"",""Model"":""FL AGOR HI 300W NW"",""Moc [W]"":""300W"",""Napięcie [V]"":""MLS"",""Temperatura barwowa [K]"":""4000K"",""Barwa światła"":""Neutralna (3500-4500K)"",""Strumień świetlny [lm]"":""45000lm"",""Stopień ochrony [IP]"":""IP65"",""Klasa ochronności"":""IK08"",""Kąt świecenia"":""90°"",""Kolor"":""biały"",""Materiał"":""stop aluminium"",""Wymiary"":""0.28 x 442mm"",""Długość"":""0.28"",""Szerokość"":""442mm"",""Wysokość"":""599mm"",""Gwarancja"":""5 lat""}";https://www.kanlux.com/storage/products/main/big/33478.jpg
;Naświetlacz LED FL AGOR 300W 45000lm 150lm/W 4000K 40° IP65 biały Kanlux 33479;33479/KAN;5905339334794;Kanlux;;"{""Producent"":""Kanlux"",""EAN (GTIN)"":""5905339334794"",""Kod producenta"":""33479"",""Typ produktu"":""naświetlacz LED"",""Seria"":""FL AGOR"",""Model"":""FL AGOR/A HI 300W NW"",""Moc [W]"":""300W"",""Napięcie [V]"":""MLS"",""Temperatura barwowa [K]"":""4000K"",""Barwa światła"":""Neutralna (3500-4500K)"",""Strumień świetlny [lm]"":""45000lm"",""Stopień ochrony [IP]"":""IP65"",""Klasa ochronności"":""IK08"",""Kąt świecenia"":""40°"",""Kolor"":""biały"",""Materiał"":""stop aluminium"",""Wymiary"":""0.28 x 442mm"",""Długość"":""0.28"",""Szerokość"":""442mm"",""Wysokość"":""599mm"",""Gwarancja"":""5 lat""}";https://www.kanlux.com/storage/products/main/big/33479.jpg
;Siatka ochronna do FL AGOR HI GRID 300W Kanlux 33483;33483/KAN;5905339334831;Kanlux;;"{""Producent"":""Kanlux"",""EAN (GTIN)"":""5905339334831"",""Kod producenta"":""33483"",""Typ produktu"":""Siatka ochronna"",""Seria"":""FL AGOR"",""Model"":""FL AGOR HI GRID 300W"",""Moc [W]"":""300W"",""Materiał"":""stal"",""Pasuje do"":""do FL AGOR HI GRID""}";https://www.kanlux.com/storage/products/main/big/33483.jpg
;Naświetlacz LED GRUN 10W 800lm 80lm/W 4000K 110° IP65 czarny Kanlux 31390;31390/KAN;8595665313906;Kanlux;;"{""Producent"":""Kanlux"",""EAN (GTIN)"":""8595665313906"",""Kod producenta"":""31390"",""Typ produktu"":""naświetlacz LED"",""Seria"":""GRUN"",""Model"":""LED-10-B"",""Moc [W]"":""10W"",""Napięcie [V]"":""MLS"",""Temperatura barwowa [K]"":""4000K"",""Barwa światła"":""Neutralna (3500-4500K)"",""Strumień świetlny [lm]"":""800lm"",""Stopień ochrony [IP]"":""IP65"",""Kąt świecenia"":""110°"",""Kolor"":""czarny"",""Materiał"":""szkło hartowane"",""Wymiary"":""0.15 x 96mm"",""Długość"":""0.15"",""Szerokość"":""96mm"",""Wysokość"":""90mm""}";https://www.kanlux.com/storage/products/main/big/31390.jpg
;Naświetlacz LED GRUN 10W 800lm 80lm/W 4000K 110° IP44 z czujnikiem ruchu czarny Kanlux 31397;31397/KAN;8595665313975;Kanlux;;"{""Producent"":""Kanlux"",""EAN (GTIN)"":""8595665313975"",""Kod producenta"":""31397"",""Typ produktu"":""naświetlacz LED"",""Seria"":""GRUN"",""Model"":""LED-10-B-SE"",""Moc [W]"":""10W"",""Napięcie [V]"":""MLS"",""Temperatura barwowa [K]"":""4000K"",""Barwa światła"":""Neutralna (3500-4500K)"",""Strumień świetlny [lm]"":""800lm"",""Stopień ochrony [IP]"":""IP44"",""Kąt świecenia"":""110°"",""Kolor"":""czarny"",""Materiał"":""szkło hartowane"",""Wymiary"":""0.15 x 96mm"",""Długość"":""0.15"",""Szerokość"":""96mm"",""Wysokość"":""151mm"",""Czujnik ruchu"":""z czujnikiem ruchu""}";https://www.kanlux.com/storage/products/main/big/31397.jpg
;Naświetlacz LED GRUN 100W 9500lm 95lm/W 4000K 110° IP65 czarny Kanlux 31394;31394/KAN;8595665313944;Kanlux;;"{""Producent"":""Kanlux"",""EAN (GTIN)"":""8595665313944"",""Kod producenta"":""31394"",""Typ produktu"":""naświetlacz LED"",""Seria"":""GRUN"",""Model"":""LED-100-B"",""Moc [W]"":""100W"",""Napięcie [V]"":""MLS"",""Temperatura barwowa [K]"":""4000K"",""Barwa światła"":""Neutralna (3500-4500K)"",""Strumień świetlny [lm]"":""9500lm"",""Stopień ochrony [IP]"":""IP65"",""Kąt świecenia"":""110°"",""Kolor"":""czarny"",""Materiał"":""szkło hartowane"",""Wymiary"":""0.15 x 257mm"",""Długość"":""0.15"",""Szerokość"":""257mm"",""Wysokość"":""225mm""}";https://www.kanlux.com/storage/products/main/big/31394.jpg
;Naświetlacz LED GRUN 150W 14250lm 95lm/W 4000K 110° IP65 czarny Kanlux 31395;31395/KAN;8595665313951;Kanlux;;"{""Producent"":""Kanlux"",""EAN (GTIN)"":""8595665313951"",""Kod producenta"":""31395"",""Typ produktu"":""naświetlacz LED"",""Seria"":""GRUN"",""Model"":""LED-150-B"",""Moc [W]"":""150W"",""Napięcie [V]"":""MLS"",""Temperatura barwowa [K]"":""4000K"",""Barwa światła"":""Neutralna (3500-4500K)"",""Strumień świetlny [lm]"":""14250lm"",""Stopień ochrony [IP]"":""IP65"",""Kąt świecenia"":""110°"",""Kolor"":""czarny"",""Materiał"":""szkło hartowane"",""Wymiary"":""0.15 x 320mm"",""Długość"":""0.15"",""Szerokość"":""320mm"",""Wysokość"":""282mm""}";https://www.kanlux.com/storage/products/main/big/31395.jpg
;Naświetlacz LED GRUN 20W 1700lm 85lm/W 4000K 110° IP65 czarny Kanlux 31391;31391/KAN;8595665313913;Kanlux;;"{""Producent"":""Kanlux"",""EAN (GTIN)"":""8595665313913"",""Kod producenta"":""31391"",""Typ produktu"":""naświetlacz LED"",""Seria"":""GRUN"",""Model"":""LED-20-B"",""Moc [W]"":""20W"",""Napięcie [V]"":""MLS"",""Temperatura barwowa [K]"":""4000K"",""Barwa światła"":""Neutralna (3500-4500K)"",""Strumień świetlny [lm]"":""1700lm"",""Stopień ochrony [IP]"":""IP65"",""Kąt świecenia"":""110°"",""Kolor"":""czarny"",""Materiał"":""szkło hartowane"",""Wymiary"":""0.15 x 117mm"",""Długość"":""0.15"",""Szerokość"":""117mm"",""Wysokość"":""106mm""}";https://www.kanlux.com/storage/products/main/big/31391.jpg
;Naświetlacz LED GRUN 20W 1700lm 85lm/W 4000K 110° IP44 z czujnikiem ruchu czarny Kanlux 31398;31398/KAN;8595665313982;Kanlux;;"{""Producent"":""Kanlux"",""EAN (GTIN)"":""8595665313982"",""Kod producenta"":""31398"",""Typ produktu"":""naświetlacz LED"",""Seria"":""GRUN"",""Model"":""LED-20-B-SE"",""Moc [W]"":""20W"",""Napięcie [V]"":""MLS"",""Temperatura barwowa [K]"":""4000K"",""Barwa światła"":""Neutralna (3500-4500K)"",""Strumień świetlny [lm]"":""1700lm"",""Stopień ochrony [IP]"":""IP44"",""Kąt świecenia"":""110°"",""Kolor"":""czarny"",""Materiał"":""szkło hartowane"",""Wymiary"":""0.15 x 117mm"",""Długość"":""0.15"",""Szerokość"":""117mm"",""Wysokość"":""171mm"",""Czujnik ruchu"":""z czujnikiem ruchu""}";https://www.kanlux.com/storage/products/main/big/31398.jpg
;Naświetlacz LED GRUN 30W 2650lm 88lm/W 4000K 110° IP65 czarny Kanlux 31392;31392/KAN;8595665313920;Kanlux;;"{""Producent"":""Kanlux"",""EAN (GTIN)"":""8595665313920"",""Kod producenta"":""31392"",""Typ produktu"":""naświetlacz LED"",""Seria"":""GRUN"",""Model"":""LED-30-B"",""Moc [W]"":""30W"",""Napięcie [V]"":""MLS"",""Temperatura barwowa [K]"":""4000K"",""Barwa światła"":""Neutralna (3500-4500K)"",""Strumień świetlny [lm]"":""2650lm"",""Stopień ochrony [IP]"":""IP65"",""Kąt świecenia"":""110°"",""Kolor"":""czarny"",""Materiał"":""szkło hartowane"",""Wymiary"":""0.15 x 143mm"",""Długość"":""0.15"",""Szerokość"":""143mm"",""Wysokość"":""125mm""}";https://www.kanlux.com/storage/products/main/big/31392.jpg
;Naświetlacz LED GRUN 30W 2650lm 88lm/W 4000K 110° IP44 z czujnikiem ruchu czarny Kanlux 31399;31399/KAN;8595665313999;Kanlux;;"{""Producent"":""Kanlux"",""EAN (GTIN)"":""8595665313999"",""Kod producenta"":""31399"",""Typ produktu"":""naświetlacz LED"",""Seria"":""GRUN"",""Model"":""LED-30-B-SE"",""Moc [W]"":""30W"",""Napięcie [V]"":""MLS"",""Temperatura barwowa [K]"":""4000K"",""Barwa światła"":""Neutralna (3500-4500K)"",""Strumień świetlny [lm]"":""2650lm"",""Stopień ochrony [IP]"":""IP44"",""Kąt świecenia"":""110°"",""Kolor"":""czarny"",""Materiał"":""szkło hartowane"",""Wymiary"":""0.15 x 143mm"",""Długość"":""0.15"",""Szerokość"":""143mm"",""Wysokość"":""187mm"",""Czujnik ruchu"":""z czujnikiem ruchu""}";https://www.kanlux.com/storage/products/main/big/31399.jpg
;Naświetlacz LED GRUN 50W 4500lm 90lm/W 4000K 110° IP65 czarny Kanlux 31393;31393/KAN;8595665313937;Kanlux;;"{""Producent"":""Kanlux"",""EAN (GTIN)"":""8595665313937"",""Kod producenta"":""31393"",""Typ produktu"":""naświetlacz LED"",""Seria"":""GRUN"",""Model"":""LED-50-B"",""Moc [W]"":""50W"",""Napięcie [V]"":""MLS"",""Temperatura barwowa [K]"":""4000K"",""Barwa światła"":""Neutralna (3500-4500K)"",""Strumień świetlny [lm]"":""4500lm"",""Stopień ochrony [IP]"":""IP65"",""Kąt świecenia"":""110°"",""Kolor"":""czarny"",""Materiał"":""szkło hartowane"",""Wymiary"":""0.15 x 177mm"",""Długość"":""0.15"",""Szerokość"":""177mm"",""Wysokość"":""154mm""}";https://www.kanlux.com/storage/products/main/big/31393.jpg
;Naświetlacz LED GRUN 50W 4500lm 90lm/W 4000K 110° IP44 z czujnikiem ruchu czarny Kanlux 31400;31400/KAN;8595665314002;Kanlux;;"{""Producent"":""Kanlux"",""EAN (GTIN)"":""8595665314002"",""Kod producenta"":""31400"",""Typ produktu"":""naświetlacz LED"",""Seria"":""GRUN"",""Model"":""LED-50-B-SE"",""Moc [W]"":""50W"",""Napięcie [V]"":""MLS"",""Temperatura barwowa [K]"":""4000K"",""Barwa światła"":""Neutralna (3500-4500K)"",""Strumień świetlny [lm]"":""4500lm"",""Stopień ochrony [IP]"":""IP44"",""Kąt świecenia"":""110°"",""Kolor"":""czarny"",""Materiał"":""szkło hartowane"",""Wymiary"":""0.15 x 177mm"",""Długość"":""0.15"",""Szerokość"":""177mm"",""Wysokość"":""220mm"",""Czujnik ruchu"":""z czujnikiem ruchu""}";https://www.kanlux.com/storage/products/main/big/31400.jpg
;Naświetlacz LED ACETE 10W 860-1080lm 6500K 90° IP65 szary Kanlux 38490;38490/KAN;5905339384904;Kanlux;;"{""Producent"":""Kanlux"",""EAN (GTIN)"":""5905339384904"",""Kod producenta"":""38490"",""Typ produktu"":""naświetlacz LED"",""Seria"":""ACETE"",""Model"":""ACETE 10W CCT GR"",""Moc [W]"":""10W"",""Napięcie [V]"":""MLS"",""Temperatura barwowa [K]"":""6500K"",""Barwa światła"":""Zmienna CCT"",""Strumień świetlny [lm]"":""860-1080lm"",""Stopień ochrony [IP]"":""IP65"",""Kąt świecenia"":""90°"",""Kolor"":""szary"",""Materiał"":""PC"",""Wymiary"":""0.2 x 120mm"",""Długość"":""0.2"",""Szerokość"":""120mm"",""Wysokość"":""138mm""}";https://www.kanlux.com/storage/products/main/big/38490.jpg
;Naświetlacz LED ACETE 10W 860-1080lm 6500K 90° IP44 z czujnikiem szary Kanlux 38495;38495/KAN;5905339384959;Kanlux;;"{""Producent"":""Kanlux"",""EAN (GTIN)"":""5905339384959"",""Kod producenta"":""38495"",""Typ produktu"":""naświetlacz LED"",""Seria"":""ACETE"",""Model"":""ACETE 10W CCT SE GR"",""Moc [W]"":""10W"",""Napięcie [V]"":""MLS"",""Temperatura barwowa [K]"":""6500K"",""Barwa światła"":""Zmienna CCT"",""Strumień świetlny [lm]"":""860-1080lm"",""Stopień ochrony [IP]"":""IP44"",""Kąt świecenia"":""90°"",""Kolor"":""szary"",""Materiał"":""PC"",""Wymiary"":""0.2 x 120mm"",""Długość"":""0.2"",""Szerokość"":""120mm"",""Wysokość"":""191mm"",""Czujnik ruchu"":""z czujnikiem""}";https://www.kanlux.com/storage/products/main/big/38495.jpg
;Naświetlacz LED ACETE 20W 1850-2160lm 6500K 90° IP65 szary Kanlux 38491;38491/KAN;5905339384911;Kanlux;;"{""Producent"":""Kanlux"",""EAN (GTIN)"":""5905339384911"",""Kod producenta"":""38491"",""Typ produktu"":""naświetlacz LED"",""Seria"":""ACETE"",""Model"":""ACETE 20W CCT GR"",""Moc [W]"":""20W"",""Napięcie [V]"":""MLS"",""Temperatura barwowa [K]"":""6500K"",""Barwa światła"":""Zmienna CCT"",""Strumień świetlny [lm]"":""1850-2160lm"",""Stopień ochrony [IP]"":""IP65"",""Kąt świecenia"":""90°"",""Kolor"":""szary"",""Materiał"":""PC"",""Wymiary"":""0.2 x 143mm"",""Długość"":""0.2"",""Szerokość"":""143mm"",""Wysokość"":""156mm""}";https://www.kanlux.com/storage/products/main/big/38491.jpg
;Naświetlacz LED ACETE 20W 1850-2160lm 6500K 90° IP44 z czujnikiem szary Kanlux 38496;38496/KAN;5905339384966;Kanlux;;"{""Producent"":""Kanlux"",""EAN (GTIN)"":""5905339384966"",""Kod producenta"":""38496"",""Typ produktu"":""naświetlacz LED"",""Seria"":""ACETE"",""Model"":""ACETE 20W CCT SE GR"",""Moc [W]"":""20W"",""Napięcie [V]"":""MLS"",""Temperatura barwowa [K]"":""6500K"",""Barwa światła"":""Zmienna CCT"",""Strumień świetlny [lm]"":""1850-2160lm"",""Stopień ochrony [IP]"":""IP44"",""Kąt świecenia"":""90°"",""Kolor"":""szary"",""Materiał"":""PC"",""Wymiary"":""0.2 x 143mm"",""Długość"":""0.2"",""Szerokość"":""143mm"",""Wysokość"":""198mm"",""Czujnik ruchu"":""z czujnikiem""}";https://www.kanlux.com/storage/products/main/big/38496.jpg
;Naświetlacz LED ACETE 30W 2400-3240lm 6500K 90° IP65 szary Kanlux 38492;38492/KAN;5905339384928;Kanlux;;"{""Producent"":""Kanlux"",""EAN (GTIN)"":""5905339384928"",""Kod producenta"":""38492"",""Typ produktu"":""naświetlacz LED"",""Seria"":""ACETE"",""Model"":""ACETE 30W CCT GR"",""Moc [W]"":""30W"",""Napięcie [V]"":""MLS"",""Temperatura barwowa [K]"":""6500K"",""Barwa światła"":""Zmienna CCT"",""Strumień świetlny [lm]"":""2400-3240lm"",""Stopień ochrony [IP]"":""IP65"",""Kąt świecenia"":""90°"",""Kolor"":""szary"",""Materiał"":""PC"",""Wymiary"":""0.2 x 171mm"",""Długość"":""0.2"",""Szerokość"":""171mm"",""Wysokość"":""176mm""}";https://www.kanlux.com/storage/products/main/big/38492.jpg
;Naświetlacz LED ACETE 30W 2400-3240lm 6500K 90° IP44 z czujnikiem szary Kanlux 38497;38497/KAN;5905339384973;Kanlux;;"{""Producent"":""Kanlux"",""EAN (GTIN)"":""5905339384973"",""Kod producenta"":""38497"",""Typ produktu"":""naświetlacz LED"",""Seria"":""ACETE"",""Model"":""ACETE 30W CCT SE GR"",""Moc [W]"":""30W"",""Napięcie [V]"":""MLS"",""Temperatura barwowa [K]"":""6500K"",""Barwa światła"":""Zmienna CCT"",""Strumień świetlny [lm]"":""2400-3240lm"",""Stopień ochrony [IP]"":""IP44"",""Kąt świecenia"":""90°"",""Kolor"":""szary"",""Materiał"":""PC"",""Wymiary"":""0.2 x 171mm"",""Długość"":""0.2"",""Szerokość"":""171mm"",""Wysokość"":""220mm"",""Czujnik ruchu"":""z czujnikiem""}";https://www.kanlux.com/storage/products/main/big/38497.jpg
;Naświetlacz LED ACETE 50W 4300-5400lm 6500K 90° IP65 szary Kanlux 38493;38493/KAN;5905339384935;Kanlux;;"{""Producent"":""Kanlux"",""EAN (GTIN)"":""5905339384935"",""Kod producenta"":""38493"",""Typ produktu"":""naświetlacz LED"",""Seria"":""ACETE"",""Model"":""ACETE 50W CCT GR"",""Moc [W]"":""50W"",""Napięcie [V]"":""MLS"",""Temperatura barwowa [K]"":""6500K"",""Barwa światła"":""Zmienna CCT"",""Strumień świetlny [lm]"":""4300-5400lm"",""Stopień ochrony [IP]"":""IP65"",""Kąt świecenia"":""90°"",""Kolor"":""szary"",""Materiał"":""PC"",""Wymiary"":""0.2 x 194mm"",""Długość"":""0.2"",""Szerokość"":""194mm"",""Wysokość"":""209mm""}";https://www.kanlux.com/storage/products/main/big/38493.jpg
;Naświetlacz LED ACETE 50W 4300-5400lm 6500K 90° IP44 z czujnikiem szary Kanlux 38498;38498/KAN;5905339384980;Kanlux;;"{""Producent"":""Kanlux"",""EAN (GTIN)"":""5905339384980"",""Kod producenta"":""38498"",""Typ produktu"":""naświetlacz LED"",""Seria"":""ACETE"",""Model"":""ACETE 50W CCT SE GR"",""Moc [W]"":""50W"",""Napięcie [V]"":""MLS"",""Temperatura barwowa [K]"":""6500K"",""Barwa światła"":""Zmienna CCT"",""Strumień świetlny [lm]"":""4300-5400lm"",""Stopień ochrony [IP]"":""IP44"",""Kąt świecenia"":""90°"",""Kolor"":""szary"",""Materiał"":""PC"",""Wymiary"":""0.2 x 194mm"",""Długość"":""0.2"",""Szerokość"":""194mm"",""Wysokość"":""250mm"",""Czujnik ruchu"":""z czujnikiem""}";https://www.kanlux.com/storage/products/main/big/38498.jpg
;Naświetlacz LED ACETE 100W 8500-10800lm 6500K 90° IP65 szary Kanlux 38494;38494/KAN;5905339384942;Kanlux;;"{""Producent"":""Kanlux"",""EAN (GTIN)"":""5905339384942"",""Kod producenta"":""38494"",""Typ produktu"":""naświetlacz LED"",""Seria"":""ACETE"",""Model"":""ACETE 100W CCT GR"",""Moc [W]"":""100W"",""Napięcie [V]"":""MLS"",""Temperatura barwowa [K]"":""6500K"",""Barwa światła"":""Zmienna CCT"",""Strumień świetlny [lm]"":""8500-10800lm"",""Stopień ochrony [IP]"":""IP65"",""Kąt świecenia"":""90°"",""Kolor"":""szary"",""Materiał"":""PC"",""Wymiary"":""0.2 x 276mm"",""Długość"":""0.2"",""Szerokość"":""276mm"",""Wysokość"":""263mm""}";https://www.kanlux.com/storage/products/main/big/38494.jpg
;Naświetlacz LED ACETE 100W 8500-10800lm 6500K 90° IP44 z czujnikiem szary Kanlux 38499;38499/KAN;5905339384997;Kanlux;;"{""Producent"":""Kanlux"",""EAN (GTIN)"":""5905339384997"",""Kod producenta"":""38499"",""Typ produktu"":""naświetlacz LED"",""Seria"":""ACETE"",""Model"":""ACETE 100W CCT SE GR"",""Moc [W]"":""100W"",""Napięcie [V]"":""MLS"",""Temperatura barwowa [K]"":""6500K"",""Barwa światła"":""Zmienna CCT"",""Strumień świetlny [lm]"":""8500-10800lm"",""Stopień ochrony [IP]"":""IP44"",""Kąt świecenia"":""90°"",""Kolor"":""szary"",""Materiał"":""PC"",""Wymiary"":""0.2 x 275mm"",""Długość"":""0.2"",""Szerokość"":""275mm"",""Wysokość"":""304mm"",""Czujnik ruchu"":""z czujnikiem""}";https://www.kanlux.com/storage/products/main/big/38499.jpg
;Naświetlacz LED ANTEM 10W 800lm 80lm/W 4000K 100° IP65 biały Kanlux 33200;33200/KAN;5905339332004;Kanlux;;"{""Producent"":""Kanlux"",""EAN (GTIN)"":""5905339332004"",""Kod producenta"":""33200"",""Typ produktu"":""naświetlacz LED z czujnikiem"",""Seria"":""ANTEM"",""Model"":""ANTEM LED 10W-NW B"",""Moc [W]"":""10W"",""Napięcie [V]"":""MLS"",""Temperatura barwowa [K]"":""4000K"",""Barwa światła"":""Neutralna (3500-4500K)"",""Strumień świetlny [lm]"":""800lm"",""Stopień ochrony [IP]"":""IP65"",""Kąt świecenia"":""100°"",""Kolor"":""biały"",""Materiał"":""stop aluminium"",""Szerokość"":""101mm"",""Wysokość"":""108mm""}";https://www.kanlux.com/storage/products/main/big/33200.jpg
;Naświetlacz LED ANTEM 10W 800lm 80lm/W 4000K 100° IP44 z czujnikiem ruchu biały Kanlux 33205;33205/KAN;5905339332059;Kanlux;;"{""Producent"":""Kanlux"",""EAN (GTIN)"":""5905339332059"",""Kod producenta"":""33205"",""Typ produktu"":""naświetlacz LED z czujnikiem"",""Seria"":""ANTEM"",""Model"":""ANTEM LED 10W-NW-SE B"",""Moc [W]"":""10W"",""Napięcie [V]"":""MLS"",""Temperatura barwowa [K]"":""4000K"",""Barwa światła"":""Neutralna (3500-4500K)"",""Strumień świetlny [lm]"":""800lm"",""Stopień ochrony [IP]"":""IP44"",""Kąt świecenia"":""100°"",""Kolor"":""biały"",""Materiał"":""stop aluminium"",""Szerokość"":""110mm"",""Wysokość"":""146mm"",""Czujnik ruchu"":""z czujnikiem ruchu""}";https://www.kanlux.com/storage/products/main/big/33205.jpg
;Naświetlacz LED ANTEM 20W 1600lm 80lm/W 4000K 100° IP65 biały Kanlux 33201;33201/KAN;5905339332011;Kanlux;;"{""Producent"":""Kanlux"",""EAN (GTIN)"":""5905339332011"",""Kod producenta"":""33201"",""Typ produktu"":""naświetlacz LED z czujnikiem"",""Seria"":""ANTEM"",""Model"":""ANTEM LED 20W-NW B"",""Moc [W]"":""20W"",""Napięcie [V]"":""MLS"",""Temperatura barwowa [K]"":""4000K"",""Barwa światła"":""Neutralna (3500-4500K)"",""Strumień świetlny [lm]"":""1600lm"",""Stopień ochrony [IP]"":""IP65"",""Kąt świecenia"":""100°"",""Kolor"":""biały"",""Materiał"":""stop aluminium"",""Szerokość"":""124mm"",""Wysokość"":""138mm""}";https://www.kanlux.com/storage/products/main/big/33201.jpg
;Naświetlacz LED ANTEM 20W 1600lm 80lm/W 4000K 100° IP44 z czujnikiem ruchu biały Kanlux 33206;33206/KAN;5905339332066;Kanlux;;"{""Producent"":""Kanlux"",""EAN (GTIN)"":""5905339332066"",""Kod producenta"":""33206"",""Typ produktu"":""naświetlacz LED z czujnikiem"",""Seria"":""ANTEM"",""Model"":""ANTEM LED 20W-NW-SE B"",""Moc [W]"":""20W"",""Napięcie [V]"":""MLS"",""Temperatura barwowa [K]"":""4000K"",""Barwa światła"":""Neutralna (3500-4500K)"",""Strumień świetlny [lm]"":""1600lm"",""Stopień ochrony [IP]"":""IP44"",""Kąt świecenia"":""100°"",""Kolor"":""biały"",""Materiał"":""stop aluminium"",""Szerokość"":""125mm"",""Wysokość"":""158mm"",""Czujnik ruchu"":""z czujnikiem ruchu""}";https://www.kanlux.com/storage/products/main/big/33206.jpg
;Naświetlacz LED ANTEM 30W 2400lm 80lm/W 4000K 100° IP65 biały Kanlux 33202;33202/KAN;5905339332028;Kanlux;;"{""Producent"":""Kanlux"",""EAN (GTIN)"":""5905339332028"",""Kod producenta"":""33202"",""Typ produktu"":""naświetlacz LED z czujnikiem"",""Seria"":""ANTEM"",""Model"":""ANTEM LED 30W-NW B"",""Moc [W]"":""30W"",""Napięcie [V]"":""MLS"",""Temperatura barwowa [K]"":""4000K"",""Barwa światła"":""Neutralna (3500-4500K)"",""Strumień świetlny [lm]"":""2400lm"",""Stopień ochrony [IP]"":""IP65"",""Kąt świecenia"":""100°"",""Kolor"":""biały"",""Materiał"":""stop aluminium"",""Szerokość"":""148mm"",""Wysokość"":""158mm""}";https://www.kanlux.com/storage/products/main/big/33202.jpg
;Naświetlacz LED ANTEM 30W 2400lm 80lm/W 4000K 100° IP44 z czujnikiem ruchu biały Kanlux 33207;33207/KAN;5905339332073;Kanlux;;"{""Producent"":""Kanlux"",""EAN (GTIN)"":""5905339332073"",""Kod producenta"":""33207"",""Typ produktu"":""naświetlacz LED z czujnikiem"",""Seria"":""ANTEM"",""Model"":""ANTEM LED 30W-NW-SE B"",""Moc [W]"":""30W"",""Napięcie [V]"":""MLS"",""Temperatura barwowa [K]"":""4000K"",""Barwa światła"":""Neutralna (3500-4500K)"",""Strumień świetlny [lm]"":""2400lm"",""Stopień ochrony [IP]"":""IP44"",""Kąt świecenia"":""100°"",""Kolor"":""biały"",""Materiał"":""stop aluminium"",""Szerokość"":""146mm"",""Wysokość"":""184mm"",""Czujnik ruchu"":""z czujnikiem ruchu""}";https://www.kanlux.com/storage/products/main/big/33207.jpg
;Naświetlacz LED ANTEM 50W 4000lm 80lm/W 4000K 100° IP65 biały Kanlux 33203;33203/KAN;5905339332035;Kanlux;;"{""Producent"":""Kanlux"",""EAN (GTIN)"":""5905339332035"",""Kod producenta"":""33203"",""Typ produktu"":""naświetlacz LED z czujnikiem"",""Seria"":""ANTEM"",""Model"":""ANTEM LED 50W-NW B"",""Moc [W]"":""50W"",""Napięcie [V]"":""MLS"",""Temperatura barwowa [K]"":""4000K"",""Barwa światła"":""Neutralna (3500-4500K)"",""Strumień świetlny [lm]"":""4000lm"",""Stopień ochrony [IP]"":""IP65"",""Kąt świecenia"":""100°"",""Kolor"":""biały"",""Materiał"":""stop aluminium"",""Szerokość"":""188mm"",""Wysokość"":""160mm""}";https://www.kanlux.com/storage/products/main/big/33203.jpg
;Naświetlacz LED ANTEM 50W 4000lm 80lm/W 4000K 100° IP44 z czujnikiem ruchu biały Kanlux 33208;33208/KAN;5905339332080;Kanlux;;"{""Producent"":""Kanlux"",""EAN (GTIN)"":""5905339332080"",""Kod producenta"":""33208"",""Typ produktu"":""naświetlacz LED z czujnikiem"",""Seria"":""ANTEM"",""Model"":""ANTEM LED 50W-NW-SE B"",""Moc [W]"":""50W"",""Napięcie [V]"":""MLS"",""Temperatura barwowa [K]"":""4000K"",""Barwa światła"":""Neutralna (3500-4500K)"",""Strumień świetlny [lm]"":""4000lm"",""Stopień ochrony [IP]"":""IP44"",""Kąt świecenia"":""100°"",""Kolor"":""biały"",""Materiał"":""stop aluminium"",""Szerokość"":""192mm"",""Wysokość"":""200mm"",""Czujnik ruchu"":""z czujnikiem ruchu""}";https://www.kanlux.com/storage/products/main/big/33208.jpg
;Naświetlacz LED ANTEM 100W 9500lm 95lm/W 4000K 100° IP65 biały Kanlux 33204;33204/KAN;5905339332042;Kanlux;;"{""Producent"":""Kanlux"",""EAN (GTIN)"":""5905339332042"",""Kod producenta"":""33204"",""Typ produktu"":""naświetlacz LED z czujnikiem"",""Seria"":""ANTEM"",""Model"":""ANTEM LED 100W-NW B"",""Moc [W]"":""100W"",""Napięcie [V]"":""MLS"",""Temperatura barwowa [K]"":""4000K"",""Barwa światła"":""Neutralna (3500-4500K)"",""Strumień świetlny [lm]"":""9500lm"",""Stopień ochrony [IP]"":""IP65"",""Kąt świecenia"":""100°"",""Kolor"":""biały"",""Materiał"":""stop aluminium"",""Szerokość"":""280mm"",""Wysokość"":""274mm""}";https://www.kanlux.com/storage/products/main/big/33204.jpg
;Soczewka do oprawy FL STADER FLS 20° Kanlux 38603;38603/KAN;5905339386038;Kanlux;;"{""Producent"":""Kanlux"",""EAN (GTIN)"":""5905339386038"",""Kod producenta"":""38603"",""Typ produktu"":""Soczewka"",""Seria"":""FLS"",""Model"":""20D"",""Kąt świecenia"":""20°"",""Materiał"":""tworzywo sztuczne"",""Gwarancja"":""5 lat"",""Pasuje do"":""do oprawy FL STADER FLS""}";https://www.kanlux.com/storage/products/main/big/38603.jpg
;Soczewka do oprawy FL STADER FLS 40° Kanlux 38604;38604/KAN;5905339386045;Kanlux;;"{""Producent"":""Kanlux"",""EAN (GTIN)"":""5905339386045"",""Kod producenta"":""38604"",""Typ produktu"":""Soczewka"",""Seria"":""FLS"",""Model"":""40D"",""Kąt świecenia"":""40°"",""Materiał"":""tworzywo sztuczne"",""Gwarancja"":""5 lat"",""Pasuje do"":""do oprawy FL STADER FLS""}";https://www.kanlux.com/storage/products/main/big/38604.jpg
;Soczewka do oprawy FL STADER FLS 90° Kanlux 38605;38605/KAN;5905339386052;Kanlux;;"{""Producent"":""Kanlux"",""EAN (GTIN)"":""5905339386052"",""Kod producenta"":""38605"",""Typ produktu"":""Soczewka"",""Seria"":""FLS"",""Model"":""90D"",""Kąt świecenia"":""90°"",""Materiał"":""tworzywo sztuczne"",""Gwarancja"":""5 lat"",""Pasuje do"":""do oprawy FL STADER FLS""}";https://www.kanlux.com/storage/products/main/big/38605.jpg
;Wspornik montażowy do FL STADER FLS szary Kanlux 38601;38601/KAN;5905339386014;Kanlux;;"{""Producent"":""Kanlux"",""EAN (GTIN)"":""5905339386014"",""Kod producenta"":""38601"",""Typ produktu"":""Wspornik montażowy"",""Seria"":""FLS"",""Model"":""FLS BRACKET"",""Kolor"":""szary"",""Materiał"":""stop aluminium"",""Gwarancja"":""5 lat"",""Pasuje do"":""do FL STADER FLS""}";https://www.kanlux.com/storage/products/main/big/38601.jpg
;Łącznik do FL STADER FLS 2 szt. szary Kanlux 38602;38602/KAN;5905339386021;Kanlux;;"{""Producent"":""Kanlux"",""EAN (GTIN)"":""5905339386021"",""Kod producenta"":""38602"",""Typ produktu"":""Łącznik"",""Seria"":""FLS"",""Model"":""2szt"",""Kolor"":""szary"",""Materiał"":""stop aluminium"",""Liczba sztuk"":""2 szt."",""Gwarancja"":""5 lat"",""Pasuje do"":""do FL STADER FLS""}";https://www.kanlux.com/storage/products/main/big/38602.jpg
;Naświetlacz solarny LED FL 800lm 100lm/W 4000K IP54 z czujnikiem Kanlux 36605;36605/KAN;5905339366054;Kanlux;;"{""Producent"":""Kanlux"",""EAN (GTIN)"":""5905339366054"",""Kod producenta"":""36605"",""Typ produktu"":""naświetlacz LED"",""Seria"":""FL"",""Model"":""FL SOLNAR SLR 8W NW-B"",""Moc [W]"":""8W"",""Napięcie [V]"":""3,7 DC"",""Temperatura barwowa [K]"":""4000K"",""Barwa światła"":""Neutralna (3500-4500K)"",""Strumień świetlny [lm]"":""800lm"",""Stopień ochrony [IP]"":""IP54"",""Materiał"":""PC"",""Wymiary"":""178x140mm"",""Długość"":""178mm"",""Szerokość"":""140mm"",""Wysokość"":""290mm"",""Czujnik ruchu"":""z czujnikiem""}";https://www.kanlux.com/storage/products/main/big/36605.jpg
;Naświetlacz LED FL 200W 30000lm 150lm/W 4000K 60° IP66 szary Kanlux 38600;38600/KAN;5905339386007;Kanlux;;"{""Producent"":""Kanlux"",""EAN (GTIN)"":""5905339386007"",""Kod producenta"":""38600"",""Typ produktu"":""naświetlacz LED"",""Seria"":""FL"",""Model"":""60D"",""Moc [W]"":""200W"",""Napięcie [V]"":""220-240 AC"",""Temperatura barwowa [K]"":""4000K"",""Barwa światła"":""Neutralna (3500-4500K)"",""Strumień świetlny [lm]"":""30000lm"",""Stopień ochrony [IP]"":""IP66"",""Klasa ochronności"":""IK10"",""Kąt świecenia"":""60°"",""Kolor"":""szary"",""Materiał"":""PC"",""Wymiary"":""360x90mm"",""Długość"":""360mm"",""Szerokość"":""90mm"",""Wysokość"":""182mm"",""Gwarancja"":""5 lat""}";https://www.kanlux.com/storage/products/main/big/38600.jpg
;Naświetlacz solarny LED FL 2200lm 147lm/W 4000K 90° IP65 zmierzchu Kanlux 36607;36607/KAN;5905339366078;Kanlux;;"{""Producent"":""Kanlux"",""EAN (GTIN)"":""5905339366078"",""Kod producenta"":""36607"",""Typ produktu"":""naświetlacz LED"",""Seria"":""FL"",""Model"":""FL SONE SLR L NW-GR"",""Moc [W]"":""max 15"",""Napięcie [V]"":""3,2 DC"",""Temperatura barwowa [K]"":""4000K"",""Barwa światła"":""Neutralna (3500-4500K)"",""Strumień świetlny [lm]"":""2200lm"",""Stopień ochrony [IP]"":""IP65"",""Kąt świecenia"":""90°"",""Materiał"":""szkło"",""Wymiary"":""270x49mm"",""Długość"":""270mm"",""Szerokość"":""49mm"",""Wysokość"":""306mm"",""Czujnik ruchu"":""zmierzchu""}";https://www.kanlux.com/storage/products/main/big/36607.jpg
;Naświetlacz solarny LED FL 1200lm 120lm/W 4000K 90° IP65 zmierzchu Kanlux 36606;36606/KAN;5905339366061;Kanlux;;"{""Producent"":""Kanlux"",""EAN (GTIN)"":""5905339366061"",""Kod producenta"":""36606"",""Typ produktu"":""naświetlacz LED"",""Seria"":""FL"",""Model"":""FL SONE SLR M NW-GR"",""Moc [W]"":""max 10"",""Napięcie [V]"":""3,2 DC"",""Temperatura barwowa [K]"":""4000K"",""Barwa światła"":""Neutralna (3500-4500K)"",""Strumień świetlny [lm]"":""1200lm"",""Stopień ochrony [IP]"":""IP65"",""Kąt świecenia"":""90°"",""Materiał"":""szkło"",""Wymiary"":""243x46mm"",""Długość"":""243mm"",""Szerokość"":""46mm"",""Wysokość"":""282mm"",""Czujnik ruchu"":""zmierzchu""}";https://www.kanlux.com/storage/products/main/big/36606.jpg
;Naświetlacz LED STATO 50W 6000lm 120lm/W 4000K 120° IP65 czarny Kanlux 29225;29225/KAN;5905339292254;Kanlux;;"{""Producent"":""Kanlux"",""EAN (GTIN)"":""5905339292254"",""Kod producenta"":""29225"",""Typ produktu"":""naświetlacz LED"",""Seria"":""STATO"",""Model"":""STATO HI LED 50W-B"",""Moc [W]"":""50W"",""Napięcie [V]"":""MLS"",""Temperatura barwowa [K]"":""4000K"",""Barwa światła"":""Neutralna (3500-4500K)"",""Strumień świetlny [lm]"":""6000lm"",""Stopień ochrony [IP]"":""IP65"",""Klasa ochronności"":""IK07"",""Kąt świecenia"":""120°"",""Kolor"":""czarny"",""Materiał"":""stop aluminium"",""Wymiary"":""2 x 290mm"",""Długość"":""2"",""Szerokość"":""290mm"",""Wysokość"":""278mm""}";https://www.kanlux.com/storage/products/main/big/29225.jpg
;Klips CL-MAH 14 szt. inox Kanlux 38146;38146/KAN;5905339381460;Kanlux;;"{""Producent"":""Kanlux"",""EAN (GTIN)"":""5905339381460"",""Kod producenta"":""38146"",""Typ produktu"":""Klips"",""Seria"":""CL-MAH"",""Model"":""CL-MAH PRO-INOX 1.5m"",""Kolor"":""inox"",""Materiał"":""stal nierdzewna"",""Liczba sztuk"":""14 szt.""}";https://www.kanlux.com/storage/products/main/big/38146.jpg
;Klips CL-MAH 10 szt. inox Kanlux 38145;38145/KAN;5905339381453;Kanlux;;"{""Producent"":""Kanlux"",""EAN (GTIN)"":""5905339381453"",""Kod producenta"":""38145"",""Typ produktu"":""Klips"",""Seria"":""CL-MAH"",""Model"":""CL-MAH PRO-INOX 1.2m"",""Kolor"":""inox"",""Materiał"":""stal nierdzewna"",""Liczba sztuk"":""10 szt.""}";https://www.kanlux.com/storage/products/main/big/38145.jpg
;Zapinka do opraw MAH CL-MAH Kanlux 18593;18593/KAN;5905339185938;Kanlux;;"{""Producent"":""Kanlux"",""EAN (GTIN)"":""5905339185938"",""Kod producenta"":""18593"",""Typ produktu"":""Zapinka"",""Seria"":""CL-MAH"",""Model"":""CL-MAH PLUS"",""Pasuje do"":""do opraw MAH""}";https://www.kanlux.com/storage/products/main/big/18593.jpg
;Zapinka do opraw MAH CL-MAH inox Kanlux 18594;18594/KAN;5905339185945;Kanlux;;"{""Producent"":""Kanlux"",""EAN (GTIN)"":""5905339185945"",""Kod producenta"":""18594"",""Typ produktu"":""Zapinka"",""Seria"":""CL-MAH"",""Model"":""CL-MAH PLUS-INOX"",""Kolor"":""inox"",""Pasuje do"":""do opraw MAH""}";https://www.kanlux.com/storage/products/main/big/18594.jpg
;Oprawa hermetyczna LED FTHL1500 1480mm 73W 9800lm 134lm/W 4000K IP65 biały Kanlux 28869;28869/KAN;5905339288691;Kanlux;;"{""Producent"":""Kanlux"",""EAN (GTIN)"":""5905339288691"",""Kod producenta"":""28869"",""Typ produktu"":""Oprawa hermetyczna"",""Seria"":""FTHL1500"",""Model"":""FTHL1500"",""Moc [W]"":""73W"",""Napięcie [V]"":""220-240 AC"",""Temperatura barwowa [K]"":""4000K"",""Barwa światła"":""Neutralna (3500-4500K)"",""Strumień świetlny [lm]"":""9800lm"",""Stopień ochrony [IP]"":""IP65"",""Klasa ochronności"":""IK08"",""Kąt świecenia"":""75°"",""Kolor"":""biały"",""Materiał"":""PC"",""Wymiary"":""1480x80mm"",""Długość"":""1480mm"",""Szerokość"":""80mm"",""Wysokość"":""70mm"",""Gwarancja"":""5 lat""}";https://www.kanlux.com/storage/products/main/big/28869.jpg
;Oprawa hermetyczna LED FTHL1500 1480mm 73W 9800lm 134lm/W 4000K IP65 biały Kanlux 28868;28868/KAN;5905339288684;Kanlux;;"{""Producent"":""Kanlux"",""EAN (GTIN)"":""5905339288684"",""Kod producenta"":""28868"",""Typ produktu"":""Oprawa hermetyczna"",""Seria"":""FTHL1500"",""Model"":""FTHL1500"",""Moc [W]"":""73W"",""Napięcie [V]"":""220-240 AC"",""Temperatura barwowa [K]"":""4000K"",""Barwa światła"":""Neutralna (3500-4500K)"",""Strumień świetlny [lm]"":""9800lm"",""Stopień ochrony [IP]"":""IP65"",""Klasa ochronności"":""IK08"",""Kąt świecenia"":""70°"",""Kolor"":""biały"",""Materiał"":""PC"",""Wymiary"":""1480x80mm"",""Długość"":""1480mm"",""Szerokość"":""80mm"",""Wysokość"":""70mm"",""Gwarancja"":""5 lat""}";https://www.kanlux.com/storage/products/main/big/28868.jpg
;Oprawa hermetyczna LED FTHL1500 1480mm 73W 9400lm 129lm/W 4000K IP65 biały Kanlux 28866;28866/KAN;5905339288660;Kanlux;;"{""Producent"":""Kanlux"",""EAN (GTIN)"":""5905339288660"",""Kod producenta"":""28866"",""Typ produktu"":""Oprawa hermetyczna"",""Seria"":""FTHL1500"",""Model"":""FTHL1500"",""Moc [W]"":""73W"",""Napięcie [V]"":""220-240 AC"",""Temperatura barwowa [K]"":""4000K"",""Barwa światła"":""Neutralna (3500-4500K)"",""Strumień świetlny [lm]"":""9400lm"",""Stopień ochrony [IP]"":""IP65"",""Klasa ochronności"":""IK08"",""Kąt świecenia"":""130°"",""Kolor"":""biały"",""Materiał"":""PC"",""Wymiary"":""1480x80mm"",""Długość"":""1480mm"",""Szerokość"":""80mm"",""Wysokość"":""70mm"",""Gwarancja"":""5 lat""}";https://www.kanlux.com/storage/products/main/big/28866.jpg
;Oprawa hermetyczna LED FTHL1500 1480mm 73W 10200lm 140lm/W 4000K IP65 biały Kanlux 28867;28867/KAN;5905339288677;Kanlux;;"{""Producent"":""Kanlux"",""EAN (GTIN)"":""5905339288677"",""Kod producenta"":""28867"",""Typ produktu"":""Oprawa hermetyczna"",""Seria"":""FTHL1500"",""Model"":""FTHL1500"",""Moc [W]"":""73W"",""Napięcie [V]"":""220-240 AC"",""Temperatura barwowa [K]"":""4000K"",""Barwa światła"":""Neutralna (3500-4500K)"",""Strumień świetlny [lm]"":""10200lm"",""Stopień ochrony [IP]"":""IP65"",""Klasa ochronności"":""IK08"",""Kąt świecenia"":""115°"",""Kolor"":""biały"",""Materiał"":""PC"",""Wymiary"":""1480x80mm"",""Długość"":""1480mm"",""Szerokość"":""80mm"",""Wysokość"":""70mm"",""Gwarancja"":""5 lat""}";https://www.kanlux.com/storage/products/main/big/28867.jpg
;Oprawa hermetyczna LED FTHT1500 1480mm 43W 6300lm 147lm/W 4000K IP65 biały Kanlux 28873;28873/KAN;5905339288738;Kanlux;;"{""Producent"":""Kanlux"",""EAN (GTIN)"":""5905339288738"",""Kod producenta"":""28873"",""Typ produktu"":""Oprawa hermetyczna"",""Seria"":""FTHT1500"",""Model"":""FTHT1500"",""Moc [W]"":""43W"",""Napięcie [V]"":""220-240 AC"",""Temperatura barwowa [K]"":""4000K"",""Barwa światła"":""Neutralna (3500-4500K)"",""Strumień świetlny [lm]"":""6300lm"",""Stopień ochrony [IP]"":""IP65"",""Klasa ochronności"":""IK08"",""Kąt świecenia"":""75°"",""Kolor"":""biały"",""Materiał"":""PC"",""Wymiary"":""1480x80mm"",""Długość"":""1480mm"",""Szerokość"":""80mm"",""Wysokość"":""70mm"",""Gwarancja"":""5 lat""}";https://www.kanlux.com/storage/products/main/big/28873.jpg
;Oprawa hermetyczna LED FTHT1500 1480mm 43W 6300lm 147lm/W 4000K IP65 biały Kanlux 28872;28872/KAN;5905339288721;Kanlux;;"{""Producent"":""Kanlux"",""EAN (GTIN)"":""5905339288721"",""Kod producenta"":""28872"",""Typ produktu"":""Oprawa hermetyczna"",""Seria"":""FTHT1500"",""Model"":""FTHT1500"",""Moc [W]"":""43W"",""Napięcie [V]"":""220-240 AC"",""Temperatura barwowa [K]"":""4000K"",""Barwa światła"":""Neutralna (3500-4500K)"",""Strumień świetlny [lm]"":""6300lm"",""Stopień ochrony [IP]"":""IP65"",""Klasa ochronności"":""IK08"",""Kąt świecenia"":""70°"",""Kolor"":""biały"",""Materiał"":""PC"",""Wymiary"":""1480x80mm"",""Długość"":""1480mm"",""Szerokość"":""80mm"",""Wysokość"":""70mm"",""Gwarancja"":""5 lat""}";https://www.kanlux.com/storage/products/main/big/28872.jpg
;Oprawa hermetyczna LED FTHT1500 1480mm 43W 6100lm 142lm/W 4000K IP65 biały Kanlux 28870;28870/KAN;5905339288707;Kanlux;;"{""Producent"":""Kanlux"",""EAN (GTIN)"":""5905339288707"",""Kod producenta"":""28870"",""Typ produktu"":""Oprawa hermetyczna"",""Seria"":""FTHT1500"",""Model"":""FTHT1500"",""Moc [W]"":""43W"",""Napięcie [V]"":""220-240 AC"",""Temperatura barwowa [K]"":""4000K"",""Barwa światła"":""Neutralna (3500-4500K)"",""Strumień świetlny [lm]"":""6100lm"",""Stopień ochrony [IP]"":""IP65"",""Klasa ochronności"":""IK08"",""Kąt świecenia"":""130°"",""Kolor"":""biały"",""Materiał"":""PC"",""Wymiary"":""1480x80mm"",""Długość"":""1480mm"",""Szerokość"":""80mm"",""Wysokość"":""70mm"",""Gwarancja"":""5 lat""}";https://www.kanlux.com/storage/products/main/big/28870.jpg
;Oprawa hermetyczna LED FTHT1500 1480mm 43W 6500lm 151lm/W 4000K IP65 biały Kanlux 28871;28871/KAN;5905339288714;Kanlux;;"{""Producent"":""Kanlux"",""EAN (GTIN)"":""5905339288714"",""Kod producenta"":""28871"",""Typ produktu"":""Oprawa hermetyczna"",""Seria"":""FTHT1500"",""Model"":""FTHT1500"",""Moc [W]"":""43W"",""Napięcie [V]"":""220-240 AC"",""Temperatura barwowa [K]"":""4000K"",""Barwa światła"":""Neutralna (3500-4500K)"",""Strumień świetlny [lm]"":""6500lm"",""Stopień ochrony [IP]"":""IP65"",""Klasa ochronności"":""IK08"",""Kąt świecenia"":""115°"",""Kolor"":""biały"",""Materiał"":""PC"",""Wymiary"":""1480x80mm"",""Długość"":""1480mm"",""Szerokość"":""80mm"",""Wysokość"":""70mm"",""Gwarancja"":""5 lat""}";https://www.kanlux.com/storage/products/main/big/28871.jpg
;Klosz GL-MAH-158 Kanlux 18596;18596/KAN;5905339185969;Kanlux;;"{""Producent"":""Kanlux"",""EAN (GTIN)"":""5905339185969"",""Kod producenta"":""18596"",""Typ produktu"":""Klosz"",""Seria"":""GL-MAH-158"",""Model"":""GL-MAH-158"",""Pasuje do"":""do oprawy MAH GL-MAH- PLUS-PC""}";https://www.kanlux.com/storage/products/main/big/18596.jpg
;Oprawa hermetyczna LED AL55-SH-NW-MAT-W-NT 642mm 19W 2500lm 132lm/W 4000K IP55 biały Kanlux 38860;38860/KAN;5905339388605;Kanlux;;"{""Producent"":""Kanlux"",""EAN (GTIN)"":""5905339388605"",""Kod producenta"":""38860"",""Typ produktu"":""oprawa stropowa AL"",""Seria"":""AL55-SH-NW-MAT-W-NT"",""Model"":""AL55-SH-NW-MAT-W-NT"",""Moc [W]"":""19W"",""Napięcie [V]"":""220-240 AC"",""Temperatura barwowa [K]"":""4000K"",""Barwa światła"":""Neutralna (3500-4500K)"",""Strumień świetlny [lm]"":""2500lm"",""Stopień ochrony [IP]"":""IP55"",""Kąt świecenia"":""85°"",""Kolor"":""biały"",""Materiał"":""tworzywo sztuczne"",""Wymiary"":""642x60mm"",""Długość"":""642mm"",""Szerokość"":""60mm"",""Wysokość"":""69mm"",""Gwarancja"":""5 lat""}";https://www.kanlux.com/storage/products/main/big/38860.jpg
;Oprawa hermetyczna LED AL55-MH-NW-MAT-W-NT 1202mm 40W 5300lm 133lm/W 4000K IP55 biały Kanlux 38861;38861/KAN;5905339388612;Kanlux;;"{""Producent"":""Kanlux"",""EAN (GTIN)"":""5905339388612"",""Kod producenta"":""38861"",""Typ produktu"":""oprawa stropowa AL"",""Seria"":""AL55-MH-NW-MAT-W-NT"",""Model"":""AL55-MH-NW-MAT-W-NT"",""Moc [W]"":""40W"",""Napięcie [V]"":""220-240 AC"",""Temperatura barwowa [K]"":""4000K"",""Barwa światła"":""Neutralna (3500-4500K)"",""Strumień świetlny [lm]"":""5300lm"",""Stopień ochrony [IP]"":""IP55"",""Kąt świecenia"":""85°"",""Kolor"":""biały"",""Materiał"":""tworzywo sztuczne"",""Wymiary"":""1202x60mm"",""Długość"":""1202mm"",""Szerokość"":""60mm"",""Wysokość"":""69mm"",""Gwarancja"":""5 lat""}";https://www.kanlux.com/storage/products/main/big/38861.jpg
;Oprawa hermetyczna LED AL55-SH-NW-MAT-B-NT 642mm 19W 2500lm 132lm/W 4000K IP55 biały Kanlux 38973;38973/KAN;5905339389732;Kanlux;;"{""Producent"":""Kanlux"",""EAN (GTIN)"":""5905339389732"",""Kod producenta"":""38973"",""Typ produktu"":""oprawa stropowa AL"",""Seria"":""AL55-SH-NW-MAT-B-NT"",""Model"":""AL55-SH-NW-MAT-B-NT"",""Moc [W]"":""19W"",""Napięcie [V]"":""220-240 AC"",""Temperatura barwowa [K]"":""4000K"",""Barwa światła"":""Neutralna (3500-4500K)"",""Strumień świetlny [lm]"":""2500lm"",""Stopień ochrony [IP]"":""IP55"",""Kąt świecenia"":""85°"",""Kolor"":""biały"",""Materiał"":""tworzywo sztuczne"",""Wymiary"":""642x60mm"",""Długość"":""642mm"",""Szerokość"":""60mm"",""Wysokość"":""69mm"",""Gwarancja"":""5 lat""}";https://www.kanlux.com/storage/products/main/big/38973.jpg
;Oprawa hermetyczna LED AL55-SH-WW-MAT-B-NT 642mm 19W 2400lm 126lm/W 3000K IP55 czarny Kanlux 38976;38976/KAN;5905339389763;Kanlux;;"{""Producent"":""Kanlux"",""EAN (GTIN)"":""5905339389763"",""Kod producenta"":""38976"",""Typ produktu"":""oprawa stropowa AL"",""Seria"":""AL55-SH-WW-MAT-B-NT"",""Model"":""AL55-SH-WW-MAT-B-NT"",""Moc [W]"":""19W"",""Napięcie [V]"":""220-240 AC"",""Temperatura barwowa [K]"":""3000K"",""Barwa światła"":""Ciepła (≤3000K)"",""Strumień świetlny [lm]"":""2400lm"",""Stopień ochrony [IP]"":""IP55"",""Kąt świecenia"":""85°"",""Kolor"":""czarny"",""Materiał"":""tworzywo sztuczne"",""Wymiary"":""642x60mm"",""Długość"":""642mm"",""Szerokość"":""60mm"",""Wysokość"":""69mm"",""Gwarancja"":""5 lat""}";https://www.kanlux.com/storage/products/main/big/38976.jpg
;Klosz GL-MAH-1258/A-PS Kanlux 72367;72367/KAN;5905339723673;Kanlux;;"{""Producent"":""Kanlux"",""EAN (GTIN)"":""5905339723673"",""Kod producenta"":""72367"",""Typ produktu"":""Klosz"",""Seria"":""GL-MAH-1258/A-PS"",""Model"":""GL-MAH-1258"",""Pasuje do"":""do oprawy MAH GL-MAH- A-PS""}";https://www.kanlux.com/storage/products/main/big/72367.jpg
;Panel LED podtynkowy AVAR 60x60 cm 32W 3700lm 4000K neutralna IP20 biała Kanlux 26788;26788/KAN;5905339267887;Kanlux;;"{""Producent"":""Kanlux"",""EAN (GTIN)"":""5905339267887"",""Kod producenta"":""26788"",""Typ produktu"":""panel LED"",""Seria"":""AVAR"",""Model"":""AVAR N 6060 32W-NW"",""Moc [W]"":""32W"",""Napięcie [V]"":""220-240 AC"",""Temperatura barwowa [K]"":""4000K"",""Barwa światła"":""Neutralna (3500-4500K)"",""Strumień świetlny [lm]"":""3700lm"",""Stopień ochrony [IP]"":""IP20"",""Kąt świecenia"":""120°"",""Kolor"":""biały"",""Materiał"":""1"",""Wymiary"":""60x60 cm"",""Długość"":""591mm"",""Szerokość"":""591mm"",""Wysokość"":""11mm""}";https://www.kanlux.com/storage/products/main/big/26788.jpg
;Panel LED podtynkowy AVAR 60x60 cm 32W 3700lm 6500K chłodnobiała IP20 biała Kanlux 26789;26789/KAN;5905339267894;Kanlux;;"{""Producent"":""Kanlux"",""EAN (GTIN)"":""5905339267894"",""Kod producenta"":""26789"",""Typ produktu"":""panel LED"",""Seria"":""AVAR"",""Model"":""AVAR N 6060 32W-CW"",""Moc [W]"":""32W"",""Napięcie [V]"":""220-240 AC"",""Temperatura barwowa [K]"":""6500K"",""Barwa światła"":""Zimna (≥5000K)"",""Strumień świetlny [lm]"":""3700lm"",""Stopień ochrony [IP]"":""IP20"",""Kąt świecenia"":""120°"",""Kolor"":""biały"",""Materiał"":""1"",""Wymiary"":""60x60 cm"",""Długość"":""591mm"",""Szerokość"":""591mm"",""Wysokość"":""11mm""}";https://www.kanlux.com/storage/products/main/big/26789.jpg
;Panel LED podtynkowy AVAR kwadratowa 60x60 cm 32W 3800lm 4000K neutralna IP20 biała Kanlux 26778;26778/KAN;5905339267788;Kanlux;;"{""Producent"":""Kanlux"",""EAN (GTIN)"":""5905339267788"",""Kod producenta"":""26778"",""Typ produktu"":""panel LED"",""Seria"":""AVAR"",""Model"":""AVAR U 6060 32W-NW"",""Moc [W]"":""32W"",""Napięcie [V]"":""220-240 AC"",""Temperatura barwowa [K]"":""4000K"",""Barwa światła"":""Neutralna (3500-4500K)"",""Strumień świetlny [lm]"":""3800lm"",""Stopień ochrony [IP]"":""IP20"",""Kąt świecenia"":""90°"",""Kolor"":""biały"",""Materiał"":""1"",""Kształt"":""kwadratowa"",""Wymiary"":""60x60 cm"",""Długość"":""591mm"",""Szerokość"":""591mm"",""Wysokość"":""11mm"",""Gwarancja"":""5 lat""}";https://www.kanlux.com/storage/products/main/big/26778.jpg
;Panel LED podtynkowy AVAR kwadratowa 60x60 cm 32W 3800-3900lm 6500K chłodnobiała IP20 biała Kanlux 26779;26779/KAN;5905339267795;Kanlux;;"{""Producent"":""Kanlux"",""EAN (GTIN)"":""5905339267795"",""Kod producenta"":""26779"",""Typ produktu"":""panel LED"",""Seria"":""AVAR"",""Model"":""AVAR 6060 32W-CCT"",""Moc [W]"":""32W"",""Napięcie [V]"":""220-240 AC"",""Temperatura barwowa [K]"":""6500K"",""Barwa światła"":""Zmienna CCT"",""Strumień świetlny [lm]"":""3800-3900lm"",""Stopień ochrony [IP]"":""IP20"",""Kąt świecenia"":""110°"",""Kolor"":""biały"",""Materiał"":""1"",""Kształt"":""kwadratowa"",""Wymiary"":""60x60 cm"",""Długość"":""591mm"",""Szerokość"":""591mm"",""Wysokość"":""11mm"",""Gwarancja"":""5 lat""}";https://www.kanlux.com/storage/products/main/big/26779.jpg
;Panel LED podtynkowy AVAR 60x60 cm 32W 4000lm 6000K chłodnobiała IP20 biała Kanlux 46070;46070/KAN;5905339902818;Kanlux;;"{""Producent"":""Kanlux"",""EAN (GTIN)"":""5905339902818"",""Kod producenta"":""46070"",""Typ produktu"":""panel LED"",""Seria"":""AVAR"",""Model"":""AVAR W U 6060 32W-CCT"",""Moc [W]"":""32W"",""Napięcie [V]"":""220-240 AC"",""Temperatura barwowa [K]"":""6000K"",""Barwa światła"":""Zmienna CCT"",""Strumień świetlny [lm]"":""4000lm"",""Stopień ochrony [IP]"":""IP20"",""Kąt świecenia"":""90°"",""Kolor"":""biały"",""Materiał"":""tworzywo sztuczne"",""Wymiary"":""60x60 cm"",""Długość"":""595mm"",""Szerokość"":""595mm"",""Wysokość"":""26mm"",""Gwarancja"":""5 lat""}";https://www.kanlux.com/storage/products/main/big/46070.jpg
;Panel LED podtynkowy AVAR kwadratowa 60x60 cm 40W 3800lm 6000K chłodnobiała IP20 biała Kanlux 26771;26771/KAN;5905339267719;Kanlux;;"{""Producent"":""Kanlux"",""EAN (GTIN)"":""5905339267719"",""Kod producenta"":""26771"",""Typ produktu"":""panel LED"",""Seria"":""AVAR"",""Model"":""AVAR 6060 40W-CW"",""Moc [W]"":""40W"",""Napięcie [V]"":""220-240 AC"",""Temperatura barwowa [K]"":""6000K"",""Barwa światła"":""Zimna (≥5000K)"",""Strumień świetlny [lm]"":""3800lm"",""Stopień ochrony [IP]"":""IP20"",""Kąt świecenia"":""110°"",""Kolor"":""biały"",""Materiał"":""1"",""Kształt"":""kwadratowa"",""Wymiary"":""60x60 cm"",""Długość"":""591mm"",""Szerokość"":""591mm"",""Wysokość"":""14mm""}";https://www.kanlux.com/storage/products/main/big/26771.jpg
;Panel LED podtynkowy AVAR okrągła 60x60 cm 40W 3500lm 4000K neutralna IP20 biała Kanlux 26785;26785/KAN;5905339267856;Kanlux;;"{""Producent"":""Kanlux"",""EAN (GTIN)"":""5905339267856"",""Kod producenta"":""26785"",""Typ produktu"":""panel LED"",""Seria"":""AVAR"",""Model"":""AVAR O 6060 40W-NW"",""Moc [W]"":""40W"",""Napięcie [V]"":""220-240 AC"",""Temperatura barwowa [K]"":""4000K"",""Barwa światła"":""Neutralna (3500-4500K)"",""Strumień świetlny [lm]"":""3500lm"",""Stopień ochrony [IP]"":""IP20"",""Kąt świecenia"":""110°"",""Kolor"":""biały"",""Materiał"":""1"",""Kształt"":""okrągła"",""Wymiary"":""60x60 cm"",""Wysokość"":""15mm"",""Średnica"":""591mm"",""Gwarancja"":""5 lat""}";https://www.kanlux.com/storage/products/main/big/26785.jpg
;Zasilacz do paneli BRAVO DRIVER 40W Kanlux 28026;28026/KAN;5905339280268;Kanlux;;"{""Producent"":""Kanlux"",""EAN (GTIN)"":""5905339280268"",""Kod producenta"":""28026"",""Typ produktu"":""Zasilacz"",""Seria"":""BRAVO"",""Model"":""BRAVO DRIVER 40W"",""Moc [W]"":""40W"",""Napięcie [V]"":""220-240 AC"",""Stopień ochrony [IP]"":""IP20"",""Kolor"":""biały"",""Materiał"":""tworzywo sztuczne"",""Sterowanie"":""DRIVER"",""Pasuje do"":""do paneli""}";https://www.kanlux.com/storage/products/main/big/28026.jpg
;Panel LED podtynkowy BRAVO prostokątna 1195x295mm 40W 4000lm 4000K neutralna IP20 biała Kanlux 28022;28022/KAN;5905339280220;Kanlux;;"{""Producent"":""Kanlux"",""EAN (GTIN)"":""5905339280220"",""Kod producenta"":""28022"",""Typ produktu"":""panel LED"",""Seria"":""BRAVO"",""Model"":""12030NW"",""Moc [W]"":""40W"",""Temperatura barwowa [K]"":""4000K"",""Barwa światła"":""Neutralna (3500-4500K)"",""Strumień świetlny [lm]"":""4000lm"",""Stopień ochrony [IP]"":""IP20"",""Kąt świecenia"":""110°"",""Kolor"":""biały"",""Materiał"":""1"",""Kształt"":""prostokątna"",""Wymiary"":""1195x295mm"",""Długość"":""1195mm"",""Szerokość"":""295mm"",""Wysokość"":""11mm"",""Gwarancja"":""5 lat""}";https://www.kanlux.com/storage/products/main/big/28022.jpg
;Panel LED podtynkowy BRAVO kwadratowa 595x595mm 40W 4000lm 4000K neutralna IP20 biała Kanlux 28010;28010/KAN;5905339280107;Kanlux;;"{""Producent"":""Kanlux"",""EAN (GTIN)"":""5905339280107"",""Kod producenta"":""28010"",""Typ produktu"":""panel LED"",""Seria"":""BRAVO"",""Model"":""6060NW"",""Moc [W]"":""40W"",""Temperatura barwowa [K]"":""4000K"",""Barwa światła"":""Neutralna (3500-4500K)"",""Strumień świetlny [lm]"":""4000lm"",""Stopień ochrony [IP]"":""IP20"",""Kąt świecenia"":""110°"",""Kolor"":""biały"",""Materiał"":""1"",""Kształt"":""kwadratowa"",""Wymiary"":""595x595mm"",""Długość"":""595mm"",""Szerokość"":""595mm"",""Wysokość"":""11mm"",""Gwarancja"":""5 lat""}";https://www.kanlux.com/storage/products/main/big/28010.jpg
;Uchwyt BRAVO Kanlux 28501;28501/KAN;5905339285010;Kanlux;;"{""Producent"":""Kanlux"",""EAN (GTIN)"":""5905339285010"",""Kod producenta"":""28501"",""Typ produktu"":""Uchwyt montażu natynkowego"",""Seria"":""BRAVO"",""Model"":""BRAVO S/P GRIP 12030"",""Stopień ochrony [IP]"":""IP12"",""Materiał"":""stal"",""Wymiary"":""120x30 cm""}";https://www.kanlux.com/storage/products/main/big/28501.jpg
;Klips do karton gips BLINGO panel CLIPS Kanlux 37337;37337/KAN;5905339373373;Kanlux;;"{""Producent"":""Kanlux"",""EAN (GTIN)"":""5905339373373"",""Kod producenta"":""37337"",""Typ produktu"":""Klips"",""Seria"":""CLIPS"",""Model"":""60-62"",""Materiał"":""stal"",""Pasuje do"":""do karton gips BLINGO panel""}";https://www.kanlux.com/storage/products/main/big/37337.jpg
;Klips do karton gips BLINGO panel CLIPS Kanlux 37338;37338/KAN;5905339373380;Kanlux;;"{""Producent"":""Kanlux"",""EAN (GTIN)"":""5905339373380"",""Kod producenta"":""37338"",""Typ produktu"":""Klips"",""Seria"":""CLIPS"",""Model"":""CLIPS PANEL 120"",""Materiał"":""stal"",""Pasuje do"":""do karton gips BLINGO panel""}";https://www.kanlux.com/storage/products/main/big/37338.jpg
;Klips do montażu paneli karton-gipsie CLIPS Kanlux 28503;28503/KAN;5905339285034;Kanlux;;"{""Producent"":""Kanlux"",""EAN (GTIN)"":""5905339285034"",""Kod producenta"":""28503"",""Typ produktu"":""Uchwyt"",""Seria"":""CLIPS"",""Model"":""CLIPS BRAVO S/P 12030"",""Materiał"":""stal"",""Wymiary"":""120x30 cm"",""Pasuje do"":""do montażu paneli karton-gipsie CLIPS""}";https://www.kanlux.com/storage/products/main/big/28503.jpg
;Klips do montażu paneli karton-gipsie CLIPS Kanlux 28502;28502/KAN;5905339285027;Kanlux;;"{""Producent"":""Kanlux"",""EAN (GTIN)"":""5905339285027"",""Kod producenta"":""28502"",""Typ produktu"":""Uchwyt"",""Seria"":""CLIPS"",""Model"":""60-62"",""Materiał"":""stal"",""Pasuje do"":""do montażu paneli karton-gipsie CLIPS""}";https://www.kanlux.com/storage/products/main/big/28502.jpg
;Linka do podwieszania lamp BRAVO SPN Kanlux 28505;28505/KAN;5905339285058;Kanlux;;"{""Producent"":""Kanlux"",""EAN (GTIN)"":""5905339285058"",""Kod producenta"":""28505"",""Typ produktu"":""Linka"",""Seria"":""SPN"",""Model"":""SPN BRAVO S/P 12030"",""Materiał"":""stal"",""Wymiary"":""120x30 cm"",""Długość"":""1000mm"",""Pasuje do"":""do podwieszania lamp SPN BRAVO""}";https://www.kanlux.com/storage/products/main/big/28505.jpg
;Linka do podwieszania lamp BRAVO SPN Kanlux 28504;28504/KAN;5905339285041;Kanlux;;"{""Producent"":""Kanlux"",""EAN (GTIN)"":""5905339285041"",""Kod producenta"":""28504"",""Typ produktu"":""Linka"",""Seria"":""SPN"",""Model"":""60-62"",""Materiał"":""stal"",""Długość"":""1000mm"",""Pasuje do"":""do podwieszania lamp SPN BRAVO""}";https://www.kanlux.com/storage/products/main/big/28504.jpg
;Linka do podwieszania paneli BLINGO panel SPN Kanlux 37336;37336/KAN;5905339373366;Kanlux;;"{""Producent"":""Kanlux"",""EAN (GTIN)"":""5905339373366"",""Kod producenta"":""37336"",""Typ produktu"":""Linka"",""Seria"":""SPN"",""Model"":""SPN PANEL 120"",""Materiał"":""stal"",""Pasuje do"":""do podwieszania paneli BLINGO panel""}";https://www.kanlux.com/storage/products/main/big/37336.jpg
;Linka do podwieszania paneli BLINGO panel SPN Kanlux 37335;37335/KAN;5905339373359;Kanlux;;"{""Producent"":""Kanlux"",""EAN (GTIN)"":""5905339373359"",""Kod producenta"":""37335"",""Typ produktu"":""Linka"",""Seria"":""SPN"",""Model"":""60-62"",""Materiał"":""stal"",""Pasuje do"":""do podwieszania paneli BLINGO panel""}";https://www.kanlux.com/storage/products/main/big/37335.jpg
;Linka do podwieszania paneli BRAVO PSR Kanlux 25591;25591/KAN;5905339255914;Kanlux;;"{""Producent"":""Kanlux"",""EAN (GTIN)"":""5905339255914"",""Kod producenta"":""25591"",""Typ produktu"":""Linka"",""Seria"":""PSR"",""Model"":""PSR 100"",""Materiał"":""stal"",""Długość"":""1000mm"",""Pasuje do"":""do podwieszania paneli BRAVO PSR""}";https://www.kanlux.com/storage/products/main/big/25591.jpg
;Plafoniera LED CCT VARSO 20W 1620-4000lm 280mm IP54 biała Kanlux 26438;26438/KAN;5905339264381;Kanlux;;"{""Producent"":""Kanlux"",""EAN (GTIN)"":""5905339264381"",""Kod producenta"":""26438"",""Typ produktu"":""plafoniera z czujnikiem"",""Seria"":""VARSO"",""Model"":""12-"",""Moc [W]"":""20W"",""Napięcie [V]"":""220-240 AC"",""Temperatura barwowa [K]"":""3000/4000/6500"",""Barwa światła"":""Zmienna CCT"",""Strumień świetlny [lm]"":""1620-4000lm"",""Stopień ochrony [IP]"":""IP54"",""Kąt świecenia"":""120°"",""Kolor"":""biały"",""Materiał"":""tworzywo sztuczne"",""Wysokość"":""48mm"",""Średnica"":""280mm""}";https://www.kanlux.com/storage/products/main/big/26438.jpg
;Plafoniera LED CCT VARSO 20W 1620-4000lm 280mm IP54 z czujnikiem ruchu biała Kanlux 26987;26987/KAN;5905339269874;Kanlux;;"{""Producent"":""Kanlux"",""EAN (GTIN)"":""5905339269874"",""Kod producenta"":""26987"",""Typ produktu"":""plafoniera z czujnikiem"",""Seria"":""VARSO"",""Model"":""12-"",""Moc [W]"":""20W"",""Napięcie [V]"":""220-240 AC"",""Temperatura barwowa [K]"":""3000/4000/6500"",""Barwa światła"":""Zmienna CCT"",""Strumień świetlny [lm]"":""1620-4000lm"",""Stopień ochrony [IP]"":""IP54"",""Kąt świecenia"":""120°"",""Kolor"":""biały"",""Materiał"":""tworzywo sztuczne"",""Wysokość"":""48mm"",""Średnica"":""280mm"",""Czujnik ruchu"":""z czujnikiem ruchu""}";https://www.kanlux.com/storage/products/main/big/26987.jpg
;Plafoniera LED CCT VARSO 30W 2970-4000lm 330mm IP54 biała Kanlux 26439;26439/KAN;5905339264398;Kanlux;;"{""Producent"":""Kanlux"",""EAN (GTIN)"":""5905339264398"",""Kod producenta"":""26439"",""Typ produktu"":""plafoniera z czujnikiem"",""Seria"":""VARSO"",""Model"":""22-"",""Moc [W]"":""30W"",""Napięcie [V]"":""220-240 AC"",""Temperatura barwowa [K]"":""3000/4000/6500"",""Barwa światła"":""Zmienna CCT"",""Strumień świetlny [lm]"":""2970-4000lm"",""Stopień ochrony [IP]"":""IP54"",""Kąt świecenia"":""120°"",""Kolor"":""biały"",""Materiał"":""tworzywo sztuczne"",""Wysokość"":""48mm"",""Średnica"":""330mm""}";https://www.kanlux.com/storage/products/main/big/26439.jpg
;Plafoniera LED CCT VARSO 30W 2970-4000lm 330mm IP54 z czujnikiem ruchu biała Kanlux 26988;26988/KAN;5905339269881;Kanlux;;"{""Producent"":""Kanlux"",""EAN (GTIN)"":""5905339269881"",""Kod producenta"":""26988"",""Typ produktu"":""plafoniera z czujnikiem"",""Seria"":""VARSO"",""Model"":""22-"",""Moc [W]"":""30W"",""Napięcie [V]"":""220-240 AC"",""Temperatura barwowa [K]"":""3000/4000/6500"",""Barwa światła"":""Zmienna CCT"",""Strumień świetlny [lm]"":""2970-4000lm"",""Stopień ochrony [IP]"":""IP54"",""Kąt świecenia"":""120°"",""Kolor"":""biały"",""Materiał"":""tworzywo sztuczne"",""Wysokość"":""48mm"",""Średnica"":""330mm"",""Czujnik ruchu"":""z czujnikiem ruchu""}";https://www.kanlux.com/storage/products/main/big/26988.jpg
;Plafoniera LED VARSO 36W 3600lm 100lm/W 33x33 cm 4000K neutralna IP54 biała Kanlux 26449;26449/KAN;5905339264497;Kanlux;;"{""Producent"":""Kanlux"",""EAN (GTIN)"":""5905339264497"",""Kod producenta"":""26449"",""Typ produktu"":""plafoniera z czujnikiem"",""Seria"":""VARSO"",""Model"":""33x33cm"",""Moc [W]"":""36W"",""Napięcie [V]"":""220-240 AC"",""Temperatura barwowa [K]"":""4000K"",""Barwa światła"":""Neutralna (3500-4500K)"",""Strumień świetlny [lm]"":""3600lm"",""Stopień ochrony [IP]"":""IP54"",""Kąt świecenia"":""120°"",""Kolor"":""biały"",""Materiał"":""tworzywo sztuczne"",""Wymiary"":""33x33 cm"",""Długość"":""327mm"",""Szerokość"":""327mm"",""Wysokość"":""52mm""}";https://www.kanlux.com/storage/products/main/big/26449.jpg
;Plafoniera LED VARSO 36W 3600lm 100lm/W okrągła 33cm 4000K neutralna IP54 biała Kanlux 26448;26448/KAN;5905339264480;Kanlux;;"{""Producent"":""Kanlux"",""EAN (GTIN)"":""5905339264480"",""Kod producenta"":""26448"",""Typ produktu"":""plafoniera z czujnikiem"",""Seria"":""VARSO"",""Model"":""VARSO HI 36W-NW-O"",""Moc [W]"":""36W"",""Napięcie [V]"":""220-240 AC"",""Temperatura barwowa [K]"":""4000K"",""Barwa światła"":""Neutralna (3500-4500K)"",""Strumień świetlny [lm]"":""3600lm"",""Stopień ochrony [IP]"":""IP54"",""Kąt świecenia"":""120°"",""Kolor"":""biały"",""Materiał"":""tworzywo sztuczne"",""Kształt"":""okrągła"",""Wysokość"":""52mm"",""Średnica"":""33cm""}";https://www.kanlux.com/storage/products/main/big/26448.jpg
;Plafoniera LED VARSO 36W 3600lm 100lm/W okrągła 33cm 4000K neutralna IP54 z czujnikiem ruchu biała Kanlux 26985;26985/KAN;5905339269850;Kanlux;;"{""Producent"":""Kanlux"",""EAN (GTIN)"":""5905339269850"",""Kod producenta"":""26985"",""Typ produktu"":""plafoniera z czujnikiem"",""Seria"":""VARSO"",""Model"":""VARSO HI 36W-NW-O-SE"",""Moc [W]"":""36W"",""Napięcie [V]"":""220-240 AC"",""Temperatura barwowa [K]"":""4000K"",""Barwa światła"":""Neutralna (3500-4500K)"",""Strumień świetlny [lm]"":""3600lm"",""Stopień ochrony [IP]"":""IP54"",""Kąt świecenia"":""120°"",""Kolor"":""biały"",""Materiał"":""tworzywo sztuczne"",""Kształt"":""okrągła"",""Wysokość"":""52mm"",""Średnica"":""33cm"",""Czujnik ruchu"":""z czujnikiem ruchu""}";https://www.kanlux.com/storage/products/main/big/26985.jpg
;Plafoniera PIRES E27 280mm IP44 z czujnikiem ruchu biała Kanlux 8811;8811/KAN;5905339088116;Kanlux;;"{""Producent"":""Kanlux"",""EAN (GTIN)"":""5905339088116"",""Kod producenta"":""8811"",""Typ produktu"":""plafoniera z czujnikiem ruchu"",""Seria"":""PIRES"",""Model"":""DL-60O"",""Moc [W]"":""60W"",""Napięcie [V]"":""220-240 AC"",""Stopień ochrony [IP]"":""IP44"",""Kolor"":""biały"",""Trzonek"":""E27"",""Materiał"":""szkło"",""Wysokość"":""110mm"",""Średnica"":""280mm"",""Czujnik ruchu"":""z czujnikiem ruchu""}";https://www.kanlux.com/storage/products/main/big/8811.jpg
;Plafoniera PIRES E27 275mm IP44 z czujnikiem ruchu biała Kanlux 8810;8810/KAN;5905339088109;Kanlux;;"{""Producent"":""Kanlux"",""EAN (GTIN)"":""5905339088109"",""Kod producenta"":""8810"",""Typ produktu"":""plafoniera z czujnikiem ruchu"",""Seria"":""PIRES"",""Model"":""DL-60O"",""Moc [W]"":""60W"",""Napięcie [V]"":""220-240 AC"",""Stopień ochrony [IP]"":""IP44"",""Kolor"":""biały"",""Trzonek"":""E27"",""Materiał"":""szkło"",""Wysokość"":""105mm"",""Średnica"":""275mm"",""Czujnik ruchu"":""z czujnikiem ruchu""}";https://www.kanlux.com/storage/products/main/big/8810.jpg
;Klosz GL-FOGLER Kanlux 18125;18125/KAN;5905339181251;Kanlux;;"{""Producent"":""Kanlux"",""EAN (GTIN)"":""5905339181251"",""Kod producenta"":""18125"",""Typ produktu"":""Klosz"",""Seria"":""GL-FOGLER"",""Model"":""GL-FOGLER DL-240O"",""Pasuje do"":""do oprawy GL-FOGLER DL-240O""}";https://www.kanlux.com/storage/products/main/big/18125.jpg
;Oprawa hermetyczna LED FT1200 1180mm 26W 3900lm 150lm/W 4000K IP65 biały Kanlux 28687;28687/KAN;5905339286871;Kanlux;;"{""Producent"":""Kanlux"",""EAN (GTIN)"":""5905339286871"",""Kod producenta"":""28687"",""Typ produktu"":""Oprawa hermetyczna"",""Seria"":""FT1200"",""Model"":""FT1200"",""Moc [W]"":""26W"",""Napięcie [V]"":""220-240 AC"",""Temperatura barwowa [K]"":""4000K"",""Barwa światła"":""Neutralna (3500-4500K)"",""Strumień świetlny [lm]"":""3900lm"",""Stopień ochrony [IP]"":""IP65"",""Klasa ochronności"":""IK08"",""Kąt świecenia"":""115°"",""Kolor"":""biały"",""Materiał"":""PC"",""Wymiary"":""1180x80mm"",""Długość"":""1180mm"",""Szerokość"":""80mm"",""Wysokość"":""70mm"",""Gwarancja"":""5 lat""}";https://www.kanlux.com/storage/products/main/big/28687.jpg
;Oprawa hermetyczna LED FT1200 1180mm 28W 4300lm 154lm/W 4000K IP65 biały Kanlux 28853;28853/KAN;5905339288530;Kanlux;;"{""Producent"":""Kanlux"",""EAN (GTIN)"":""5905339288530"",""Kod producenta"":""28853"",""Typ produktu"":""Oprawa hermetyczna"",""Seria"":""FT1200"",""Model"":""FT1200"",""Moc [W]"":""28W"",""Napięcie [V]"":""220-240 AC"",""Temperatura barwowa [K]"":""4000K"",""Barwa światła"":""Neutralna (3500-4500K)"",""Strumień świetlny [lm]"":""4300lm"",""Stopień ochrony [IP]"":""IP65"",""Klasa ochronności"":""IK08"",""Kąt świecenia"":""75°"",""Kolor"":""biały"",""Materiał"":""PC"",""Wymiary"":""1180x80mm"",""Długość"":""1180mm"",""Szerokość"":""80mm"",""Wysokość"":""70mm"",""Gwarancja"":""5 lat""}";https://www.kanlux.com/storage/products/main/big/28853.jpg
;Oprawa hermetyczna LED FT1200 1180mm 28W 4300lm 154lm/W 4000K IP65 biały Kanlux 28852;28852/KAN;5905339288523;Kanlux;;"{""Producent"":""Kanlux"",""EAN (GTIN)"":""5905339288523"",""Kod producenta"":""28852"",""Typ produktu"":""Oprawa hermetyczna"",""Seria"":""FT1200"",""Model"":""FT1200"",""Moc [W]"":""28W"",""Napięcie [V]"":""220-240 AC"",""Temperatura barwowa [K]"":""4000K"",""Barwa światła"":""Neutralna (3500-4500K)"",""Strumień świetlny [lm]"":""4300lm"",""Stopień ochrony [IP]"":""IP65"",""Klasa ochronności"":""IK08"",""Kąt świecenia"":""70°"",""Kolor"":""biały"",""Materiał"":""PC"",""Wymiary"":""1180x80mm"",""Długość"":""1180mm"",""Szerokość"":""80mm"",""Wysokość"":""70mm"",""Gwarancja"":""5 lat""}";https://www.kanlux.com/storage/products/main/big/28852.jpg
;Oprawa hermetyczna LED FT1200 1180mm 28W 4100lm 146lm/W 4000K IP65 biały Kanlux 28850;28850/KAN;5905339288509;Kanlux;;"{""Producent"":""Kanlux"",""EAN (GTIN)"":""5905339288509"",""Kod producenta"":""28850"",""Typ produktu"":""Oprawa hermetyczna"",""Seria"":""FT1200"",""Model"":""FT1200"",""Moc [W]"":""28W"",""Napięcie [V]"":""220-240 AC"",""Temperatura barwowa [K]"":""4000K"",""Barwa światła"":""Neutralna (3500-4500K)"",""Strumień świetlny [lm]"":""4100lm"",""Stopień ochrony [IP]"":""IP65"",""Klasa ochronności"":""IK08"",""Kąt świecenia"":""130°"",""Kolor"":""biały"",""Materiał"":""PC"",""Wymiary"":""1180x80mm"",""Długość"":""1180mm"",""Szerokość"":""80mm"",""Wysokość"":""70mm"",""Gwarancja"":""5 lat""}";https://www.kanlux.com/storage/products/main/big/28850.jpg
;Oprawa hermetyczna LED FT1200 1180mm 28W 4500lm 161lm/W 4000K IP65 biały Kanlux 28851;28851/KAN;5905339288516;Kanlux;;"{""Producent"":""Kanlux"",""EAN (GTIN)"":""5905339288516"",""Kod producenta"":""28851"",""Typ produktu"":""Oprawa hermetyczna"",""Seria"":""FT1200"",""Model"":""FT1200"",""Moc [W]"":""28W"",""Napięcie [V]"":""220-240 AC"",""Temperatura barwowa [K]"":""4000K"",""Barwa światła"":""Neutralna (3500-4500K)"",""Strumień świetlny [lm]"":""4500lm"",""Stopień ochrony [IP]"":""IP65"",""Klasa ochronności"":""IK08"",""Kąt świecenia"":""115°"",""Kolor"":""biały"",""Materiał"":""PC"",""Wymiary"":""1180x80mm"",""Długość"":""1180mm"",""Szerokość"":""80mm"",""Wysokość"":""70mm"",""Gwarancja"":""5 lat""}";https://www.kanlux.com/storage/products/main/big/28851.jpg
;Oprawa hermetyczna LED FT1200 1180mm 37W 5200lm 141lm/W 4000K IP65 biały Kanlux 28634;28634/KAN;5905339286345;Kanlux;;"{""Producent"":""Kanlux"",""EAN (GTIN)"":""5905339286345"",""Kod producenta"":""28634"",""Typ produktu"":""Oprawa hermetyczna"",""Seria"":""FT1200"",""Model"":""FT1200"",""Moc [W]"":""37W"",""Napięcie [V]"":""220-240 AC"",""Temperatura barwowa [K]"":""4000K"",""Barwa światła"":""Neutralna (3500-4500K)"",""Strumień świetlny [lm]"":""5200lm"",""Stopień ochrony [IP]"":""IP65"",""Klasa ochronności"":""IK08"",""Kąt świecenia"":""75°"",""Kolor"":""biały"",""Materiał"":""PC"",""Wymiary"":""1180x80mm"",""Długość"":""1180mm"",""Szerokość"":""80mm"",""Wysokość"":""70mm"",""Gwarancja"":""5 lat""}";https://www.kanlux.com/storage/products/main/big/28634.jpg
;Oprawa hermetyczna LED FT1200 1180mm 37W 5200lm 141lm/W 4000K IP65 biały Kanlux 28633;28633/KAN;5905339286338;Kanlux;;"{""Producent"":""Kanlux"",""EAN (GTIN)"":""5905339286338"",""Kod producenta"":""28633"",""Typ produktu"":""Oprawa hermetyczna"",""Seria"":""FT1200"",""Model"":""FT1200"",""Moc [W]"":""37W"",""Napięcie [V]"":""220-240 AC"",""Temperatura barwowa [K]"":""4000K"",""Barwa światła"":""Neutralna (3500-4500K)"",""Strumień świetlny [lm]"":""5200lm"",""Stopień ochrony [IP]"":""IP65"",""Klasa ochronności"":""IK08"",""Kąt świecenia"":""70°"",""Kolor"":""biały"",""Materiał"":""PC"",""Wymiary"":""1180x80mm"",""Długość"":""1180mm"",""Szerokość"":""80mm"",""Wysokość"":""70mm"",""Gwarancja"":""5 lat""}";https://www.kanlux.com/storage/products/main/big/28633.jpg
;Oprawa hermetyczna LED FT1200 1180mm 37W 5000lm 135lm/W 4000K IP65 biały Kanlux 28630;28630/KAN;5905339286307;Kanlux;;"{""Producent"":""Kanlux"",""EAN (GTIN)"":""5905339286307"",""Kod producenta"":""28630"",""Typ produktu"":""Oprawa hermetyczna"",""Seria"":""FT1200"",""Model"":""FT1200"",""Moc [W]"":""37W"",""Napięcie [V]"":""220-240 AC"",""Temperatura barwowa [K]"":""4000K"",""Barwa światła"":""Neutralna (3500-4500K)"",""Strumień świetlny [lm]"":""5000lm"",""Stopień ochrony [IP]"":""IP65"",""Klasa ochronności"":""IK08"",""Kąt świecenia"":""130°"",""Kolor"":""biały"",""Materiał"":""PC"",""Wymiary"":""1180x80mm"",""Długość"":""1180mm"",""Szerokość"":""80mm"",""Wysokość"":""70mm"",""Gwarancja"":""5 lat""}";https://www.kanlux.com/storage/products/main/big/28630.jpg
;Oprawa hermetyczna LED FT1200 1180mm 37W 5400lm 146lm/W 4000K IP65 biały Kanlux 28631;28631/KAN;5905339286314;Kanlux;;"{""Producent"":""Kanlux"",""EAN (GTIN)"":""5905339286314"",""Kod producenta"":""28631"",""Typ produktu"":""Oprawa hermetyczna"",""Seria"":""FT1200"",""Model"":""FT1200"",""Moc [W]"":""37W"",""Napięcie [V]"":""220-240 AC"",""Temperatura barwowa [K]"":""4000K"",""Barwa światła"":""Neutralna (3500-4500K)"",""Strumień świetlny [lm]"":""5400lm"",""Stopień ochrony [IP]"":""IP65"",""Klasa ochronności"":""IK08"",""Kąt świecenia"":""115°"",""Kolor"":""biały"",""Materiał"":""PC"",""Wymiary"":""1180x80mm"",""Długość"":""1180mm"",""Szerokość"":""80mm"",""Wysokość"":""70mm"",""Gwarancja"":""5 lat""}";https://www.kanlux.com/storage/products/main/big/28631.jpg
;Oprawa hermetyczna LED FT1200 1180mm 49W 6500lm 133lm/W 4000K IP65 biały Kanlux 28648;28648/KAN;5905339286482;Kanlux;;"{""Producent"":""Kanlux"",""EAN (GTIN)"":""5905339286482"",""Kod producenta"":""28648"",""Typ produktu"":""Oprawa hermetyczna"",""Seria"":""FT1200"",""Model"":""FT1200"",""Moc [W]"":""49W"",""Napięcie [V]"":""220-240 AC"",""Temperatura barwowa [K]"":""4000K"",""Barwa światła"":""Neutralna (3500-4500K)"",""Strumień świetlny [lm]"":""6500lm"",""Stopień ochrony [IP]"":""IP65"",""Klasa ochronności"":""IK08"",""Kąt świecenia"":""75°"",""Kolor"":""biały"",""Materiał"":""PC"",""Wymiary"":""1180x80mm"",""Długość"":""1180mm"",""Szerokość"":""80mm"",""Wysokość"":""70mm"",""Gwarancja"":""5 lat""}";https://www.kanlux.com/storage/products/main/big/28648.jpg
;Oprawa hermetyczna LED FT1200 1180mm 49W 6500lm 133lm/W 4000K IP65 biały Kanlux 28647;28647/KAN;5905339286475;Kanlux;;"{""Producent"":""Kanlux"",""EAN (GTIN)"":""5905339286475"",""Kod producenta"":""28647"",""Typ produktu"":""Oprawa hermetyczna"",""Seria"":""FT1200"",""Model"":""FT1200"",""Moc [W]"":""49W"",""Napięcie [V]"":""220-240 AC"",""Temperatura barwowa [K]"":""4000K"",""Barwa światła"":""Neutralna (3500-4500K)"",""Strumień świetlny [lm]"":""6500lm"",""Stopień ochrony [IP]"":""IP65"",""Klasa ochronności"":""IK08"",""Kąt świecenia"":""70°"",""Kolor"":""biały"",""Materiał"":""PC"",""Wymiary"":""1180x80mm"",""Długość"":""1180mm"",""Szerokość"":""80mm"",""Wysokość"":""70mm"",""Gwarancja"":""5 lat""}";https://www.kanlux.com/storage/products/main/big/28647.jpg
;Oprawa hermetyczna LED FT1200 1180mm 49W 6200lm 127lm/W 4000K IP65 biały Kanlux 28644;28644/KAN;5905339286444;Kanlux;;"{""Producent"":""Kanlux"",""EAN (GTIN)"":""5905339286444"",""Kod producenta"":""28644"",""Typ produktu"":""Oprawa hermetyczna"",""Seria"":""FT1200"",""Model"":""FT1200"",""Moc [W]"":""49W"",""Napięcie [V]"":""220-240 AC"",""Temperatura barwowa [K]"":""4000K"",""Barwa światła"":""Neutralna (3500-4500K)"",""Strumień świetlny [lm]"":""6200lm"",""Stopień ochrony [IP]"":""IP65"",""Klasa ochronności"":""IK08"",""Kąt świecenia"":""130°"",""Kolor"":""biały"",""Materiał"":""PC"",""Wymiary"":""1180x80mm"",""Długość"":""1180mm"",""Szerokość"":""80mm"",""Wysokość"":""70mm"",""Gwarancja"":""5 lat""}";https://www.kanlux.com/storage/products/main/big/28644.jpg
;Oprawa hermetyczna LED FT1200 1180mm 49W 6700lm 137lm/W 4000K IP65 biały Kanlux 28645;28645/KAN;5905339286451;Kanlux;;"{""Producent"":""Kanlux"",""EAN (GTIN)"":""5905339286451"",""Kod producenta"":""28645"",""Typ produktu"":""Oprawa hermetyczna"",""Seria"":""FT1200"",""Model"":""FT1200"",""Moc [W]"":""49W"",""Napięcie [V]"":""220-240 AC"",""Temperatura barwowa [K]"":""4000K"",""Barwa światła"":""Neutralna (3500-4500K)"",""Strumień świetlny [lm]"":""6700lm"",""Stopień ochrony [IP]"":""IP65"",""Klasa ochronności"":""IK08"",""Kąt świecenia"":""115°"",""Kolor"":""biały"",""Materiał"":""PC"",""Wymiary"":""1180x80mm"",""Długość"":""1180mm"",""Szerokość"":""80mm"",""Wysokość"":""70mm"",""Gwarancja"":""5 lat""}";https://www.kanlux.com/storage/products/main/big/28645.jpg
;Oprawa hermetyczna LED FTD1200 1180mm 28W 4300lm 154lm/W 4000K IP65 biały Kanlux 28857;28857/KAN;5905339288578;Kanlux;;"{""Producent"":""Kanlux"",""EAN (GTIN)"":""5905339288578"",""Kod producenta"":""28857"",""Typ produktu"":""Oprawa hermetyczna"",""Seria"":""FTD1200"",""Model"":""FTD1200"",""Moc [W]"":""28W"",""Napięcie [V]"":""220-240 AC"",""Temperatura barwowa [K]"":""4000K"",""Barwa światła"":""Neutralna (3500-4500K)"",""Strumień świetlny [lm]"":""4300lm"",""Stopień ochrony [IP]"":""IP65"",""Klasa ochronności"":""IK08"",""Kąt świecenia"":""75°"",""Kolor"":""biały"",""Materiał"":""PC"",""Wymiary"":""1180x80mm"",""Długość"":""1180mm"",""Szerokość"":""80mm"",""Wysokość"":""70mm"",""Gwarancja"":""5 lat""}";https://www.kanlux.com/storage/products/main/big/28857.jpg
;Oprawa hermetyczna LED FTD1200 1180mm 28W 4300lm 154lm/W 4000K IP65 biały Kanlux 28856;28856/KAN;5905339288561;Kanlux;;"{""Producent"":""Kanlux"",""EAN (GTIN)"":""5905339288561"",""Kod producenta"":""28856"",""Typ produktu"":""Oprawa hermetyczna"",""Seria"":""FTD1200"",""Model"":""FTD1200"",""Moc [W]"":""28W"",""Napięcie [V]"":""220-240 AC"",""Temperatura barwowa [K]"":""4000K"",""Barwa światła"":""Neutralna (3500-4500K)"",""Strumień świetlny [lm]"":""4300lm"",""Stopień ochrony [IP]"":""IP65"",""Klasa ochronności"":""IK08"",""Kąt świecenia"":""70°"",""Kolor"":""biały"",""Materiał"":""PC"",""Wymiary"":""1180x80mm"",""Długość"":""1180mm"",""Szerokość"":""80mm"",""Wysokość"":""70mm"",""Gwarancja"":""5 lat""}";https://www.kanlux.com/storage/products/main/big/28856.jpg
;Oprawa hermetyczna LED FTD1200 1180mm 28W 4100lm 146lm/W 4000K IP65 biały Kanlux 28854;28854/KAN;5905339288547;Kanlux;;"{""Producent"":""Kanlux"",""EAN (GTIN)"":""5905339288547"",""Kod producenta"":""28854"",""Typ produktu"":""Oprawa hermetyczna"",""Seria"":""FTD1200"",""Model"":""FTD1200"",""Moc [W]"":""28W"",""Napięcie [V]"":""220-240 AC"",""Temperatura barwowa [K]"":""4000K"",""Barwa światła"":""Neutralna (3500-4500K)"",""Strumień świetlny [lm]"":""4100lm"",""Stopień ochrony [IP]"":""IP65"",""Klasa ochronności"":""IK08"",""Kąt świecenia"":""130°"",""Kolor"":""biały"",""Materiał"":""PC"",""Wymiary"":""1180x80mm"",""Długość"":""1180mm"",""Szerokość"":""80mm"",""Wysokość"":""70mm"",""Gwarancja"":""5 lat""}";https://www.kanlux.com/storage/products/main/big/28854.jpg
;Oprawa hermetyczna LED FTD1200 1180mm 28W 4500lm 161lm/W 4000K IP65 biały Kanlux 28855;28855/KAN;5905339288554;Kanlux;;"{""Producent"":""Kanlux"",""EAN (GTIN)"":""5905339288554"",""Kod producenta"":""28855"",""Typ produktu"":""Oprawa hermetyczna"",""Seria"":""FTD1200"",""Model"":""FTD1200"",""Moc [W]"":""28W"",""Napięcie [V]"":""220-240 AC"",""Temperatura barwowa [K]"":""4000K"",""Barwa światła"":""Neutralna (3500-4500K)"",""Strumień świetlny [lm]"":""4500lm"",""Stopień ochrony [IP]"":""IP65"",""Klasa ochronności"":""IK08"",""Kąt świecenia"":""115°"",""Kolor"":""biały"",""Materiał"":""PC"",""Wymiary"":""1180x80mm"",""Długość"":""1180mm"",""Szerokość"":""80mm"",""Wysokość"":""70mm"",""Gwarancja"":""5 lat""}";https://www.kanlux.com/storage/products/main/big/28855.jpg
;Oprawa hermetyczna LED FTD1200 1180mm 37W 5200lm 141lm/W 4000K IP65 biały Kanlux 28641;28641/KAN;5905339286413;Kanlux;;"{""Producent"":""Kanlux"",""EAN (GTIN)"":""5905339286413"",""Kod producenta"":""28641"",""Typ produktu"":""Oprawa hermetyczna"",""Seria"":""FTD1200"",""Model"":""FTD1200"",""Moc [W]"":""37W"",""Napięcie [V]"":""220-240 AC"",""Temperatura barwowa [K]"":""4000K"",""Barwa światła"":""Neutralna (3500-4500K)"",""Strumień świetlny [lm]"":""5200lm"",""Stopień ochrony [IP]"":""IP65"",""Klasa ochronności"":""IK08"",""Kąt świecenia"":""75°"",""Kolor"":""biały"",""Materiał"":""PC"",""Wymiary"":""1180x80mm"",""Długość"":""1180mm"",""Szerokość"":""80mm"",""Wysokość"":""70mm"",""Gwarancja"":""5 lat""}";https://www.kanlux.com/storage/products/main/big/28641.jpg
;Oprawa hermetyczna LED FTD1200 1180mm 37W 5200lm 141lm/W 4000K IP65 biały Kanlux 28640;28640/KAN;5905339286406;Kanlux;;"{""Producent"":""Kanlux"",""EAN (GTIN)"":""5905339286406"",""Kod producenta"":""28640"",""Typ produktu"":""Oprawa hermetyczna"",""Seria"":""FTD1200"",""Model"":""FTD1200"",""Moc [W]"":""37W"",""Napięcie [V]"":""220-240 AC"",""Temperatura barwowa [K]"":""4000K"",""Barwa światła"":""Neutralna (3500-4500K)"",""Strumień świetlny [lm]"":""5200lm"",""Stopień ochrony [IP]"":""IP65"",""Klasa ochronności"":""IK08"",""Kąt świecenia"":""70°"",""Kolor"":""biały"",""Materiał"":""PC"",""Wymiary"":""1180x80mm"",""Długość"":""1180mm"",""Szerokość"":""80mm"",""Wysokość"":""70mm"",""Gwarancja"":""5 lat""}";https://www.kanlux.com/storage/products/main/big/28640.jpg
;Oprawa hermetyczna LED FTD1200 1180mm 37W 5000lm 135lm/W 4000K IP65 biały Kanlux 28637;28637/KAN;5905339286376;Kanlux;;"{""Producent"":""Kanlux"",""EAN (GTIN)"":""5905339286376"",""Kod producenta"":""28637"",""Typ produktu"":""Oprawa hermetyczna"",""Seria"":""FTD1200"",""Model"":""FTD1200"",""Moc [W]"":""37W"",""Napięcie [V]"":""220-240 AC"",""Temperatura barwowa [K]"":""4000K"",""Barwa światła"":""Neutralna (3500-4500K)"",""Strumień świetlny [lm]"":""5000lm"",""Stopień ochrony [IP]"":""IP65"",""Klasa ochronności"":""IK08"",""Kąt świecenia"":""130°"",""Kolor"":""biały"",""Materiał"":""PC"",""Wymiary"":""1180x80mm"",""Długość"":""1180mm"",""Szerokość"":""80mm"",""Wysokość"":""70mm"",""Gwarancja"":""5 lat""}";https://www.kanlux.com/storage/products/main/big/28637.jpg
;Oprawa hermetyczna LED FTD1200 1180mm 37W 5400lm 146lm/W 4000K IP65 biały Kanlux 28638;28638/KAN;5905339286383;Kanlux;;"{""Producent"":""Kanlux"",""EAN (GTIN)"":""5905339286383"",""Kod producenta"":""28638"",""Typ produktu"":""Oprawa hermetyczna"",""Seria"":""FTD1200"",""Model"":""FTD1200"",""Moc [W]"":""37W"",""Napięcie [V]"":""220-240 AC"",""Temperatura barwowa [K]"":""4000K"",""Barwa światła"":""Neutralna (3500-4500K)"",""Strumień świetlny [lm]"":""5400lm"",""Stopień ochrony [IP]"":""IP65"",""Klasa ochronności"":""IK08"",""Kąt świecenia"":""115°"",""Kolor"":""biały"",""Materiał"":""PC"",""Wymiary"":""1180x80mm"",""Długość"":""1180mm"",""Szerokość"":""80mm"",""Wysokość"":""70mm"",""Gwarancja"":""5 lat""}";https://www.kanlux.com/storage/products/main/big/28638.jpg
;Oprawa hermetyczna LED FTD1200 1180mm 49W 6500lm 133lm/W 4000K IP65 biały Kanlux 28655;28655/KAN;5905339286550;Kanlux;;"{""Producent"":""Kanlux"",""EAN (GTIN)"":""5905339286550"",""Kod producenta"":""28655"",""Typ produktu"":""Oprawa hermetyczna"",""Seria"":""FTD1200"",""Model"":""FTD1200"",""Moc [W]"":""49W"",""Napięcie [V]"":""220-240 AC"",""Temperatura barwowa [K]"":""4000K"",""Barwa światła"":""Neutralna (3500-4500K)"",""Strumień świetlny [lm]"":""6500lm"",""Stopień ochrony [IP]"":""IP65"",""Klasa ochronności"":""IK08"",""Kąt świecenia"":""75°"",""Kolor"":""biały"",""Materiał"":""PC"",""Wymiary"":""1180x80mm"",""Długość"":""1180mm"",""Szerokość"":""80mm"",""Wysokość"":""70mm"",""Gwarancja"":""5 lat""}";https://www.kanlux.com/storage/products/main/big/28655.jpg
;Oprawa hermetyczna LED FTD1200 1180mm 49W 6500lm 133lm/W 4000K IP65 biały Kanlux 28654;28654/KAN;5905339286543;Kanlux;;"{""Producent"":""Kanlux"",""EAN (GTIN)"":""5905339286543"",""Kod producenta"":""28654"",""Typ produktu"":""Oprawa hermetyczna"",""Seria"":""FTD1200"",""Model"":""FTD1200"",""Moc [W]"":""49W"",""Napięcie [V]"":""220-240 AC"",""Temperatura barwowa [K]"":""4000K"",""Barwa światła"":""Neutralna (3500-4500K)"",""Strumień świetlny [lm]"":""6500lm"",""Stopień ochrony [IP]"":""IP65"",""Klasa ochronności"":""IK08"",""Kąt świecenia"":""70°"",""Kolor"":""biały"",""Materiał"":""PC"",""Wymiary"":""1180x80mm"",""Długość"":""1180mm"",""Szerokość"":""80mm"",""Wysokość"":""70mm"",""Gwarancja"":""5 lat""}";https://www.kanlux.com/storage/products/main/big/28654.jpg
;Oprawa hermetyczna LED FTD1200 1180mm 49W 6200lm 127lm/W 4000K IP65 biały Kanlux 28651;28651/KAN;5905339286512;Kanlux;;"{""Producent"":""Kanlux"",""EAN (GTIN)"":""5905339286512"",""Kod producenta"":""28651"",""Typ produktu"":""Oprawa hermetyczna"",""Seria"":""FTD1200"",""Model"":""FTD1200"",""Moc [W]"":""49W"",""Napięcie [V]"":""220-240 AC"",""Temperatura barwowa [K]"":""4000K"",""Barwa światła"":""Neutralna (3500-4500K)"",""Strumień świetlny [lm]"":""6200lm"",""Stopień ochrony [IP]"":""IP65"",""Klasa ochronności"":""IK08"",""Kąt świecenia"":""130°"",""Kolor"":""biały"",""Materiał"":""PC"",""Wymiary"":""1180x80mm"",""Długość"":""1180mm"",""Szerokość"":""80mm"",""Wysokość"":""70mm"",""Gwarancja"":""5 lat""}";https://www.kanlux.com/storage/products/main/big/28651.jpg
;Oprawa hermetyczna LED FTD1200 1180mm 49W 6700lm 137lm/W 4000K IP65 biały Kanlux 28652;28652/KAN;5905339286529;Kanlux;;"{""Producent"":""Kanlux"",""EAN (GTIN)"":""5905339286529"",""Kod producenta"":""28652"",""Typ produktu"":""Oprawa hermetyczna"",""Seria"":""FTD1200"",""Model"":""FTD1200"",""Moc [W]"":""49W"",""Napięcie [V]"":""220-240 AC"",""Temperatura barwowa [K]"":""4000K"",""Barwa światła"":""Neutralna (3500-4500K)"",""Strumień świetlny [lm]"":""6700lm"",""Stopień ochrony [IP]"":""IP65"",""Klasa ochronności"":""IK08"",""Kąt świecenia"":""115°"",""Kolor"":""biały"",""Materiał"":""PC"",""Wymiary"":""1180x80mm"",""Długość"":""1180mm"",""Szerokość"":""80mm"",""Wysokość"":""70mm"",""Gwarancja"":""5 lat""}";https://www.kanlux.com/storage/products/main/big/28652.jpg
;Oprawa hermetyczna LED FT1500 1480mm 43W 6300lm 147lm/W 4000K IP65 biały Kanlux 28861;28861/KAN;5905339288615;Kanlux;;"{""Producent"":""Kanlux"",""EAN (GTIN)"":""5905339288615"",""Kod producenta"":""28861"",""Typ produktu"":""Oprawa hermetyczna"",""Seria"":""FT1500"",""Model"":""FT1500"",""Moc [W]"":""43W"",""Napięcie [V]"":""220-240 AC"",""Temperatura barwowa [K]"":""4000K"",""Barwa światła"":""Neutralna (3500-4500K)"",""Strumień świetlny [lm]"":""6300lm"",""Stopień ochrony [IP]"":""IP65"",""Klasa ochronności"":""IK08"",""Kąt świecenia"":""75°"",""Kolor"":""biały"",""Materiał"":""PC"",""Wymiary"":""1480x80mm"",""Długość"":""1480mm"",""Szerokość"":""80mm"",""Wysokość"":""70mm"",""Gwarancja"":""5 lat""}";https://www.kanlux.com/storage/products/main/big/28861.jpg
;Oprawa hermetyczna LED FT1500 1480mm 43W 6300lm 147lm/W 4000K IP65 biały Kanlux 28860;28860/KAN;5905339288608;Kanlux;;"{""Producent"":""Kanlux"",""EAN (GTIN)"":""5905339288608"",""Kod producenta"":""28860"",""Typ produktu"":""Oprawa hermetyczna"",""Seria"":""FT1500"",""Model"":""FT1500"",""Moc [W]"":""43W"",""Napięcie [V]"":""220-240 AC"",""Temperatura barwowa [K]"":""4000K"",""Barwa światła"":""Neutralna (3500-4500K)"",""Strumień świetlny [lm]"":""6300lm"",""Stopień ochrony [IP]"":""IP65"",""Klasa ochronności"":""IK08"",""Kąt świecenia"":""70°"",""Kolor"":""biały"",""Materiał"":""PC"",""Wymiary"":""1480x80mm"",""Długość"":""1480mm"",""Szerokość"":""80mm"",""Wysokość"":""70mm"",""Gwarancja"":""5 lat""}";https://www.kanlux.com/storage/products/main/big/28860.jpg
;Oprawa hermetyczna LED FT1500 1480mm 43W 6100lm 142lm/W 4000K IP65 biały Kanlux 28858;28858/KAN;5905339288585;Kanlux;;"{""Producent"":""Kanlux"",""EAN (GTIN)"":""5905339288585"",""Kod producenta"":""28858"",""Typ produktu"":""Oprawa hermetyczna"",""Seria"":""FT1500"",""Model"":""FT1500"",""Moc [W]"":""43W"",""Napięcie [V]"":""220-240 AC"",""Temperatura barwowa [K]"":""4000K"",""Barwa światła"":""Neutralna (3500-4500K)"",""Strumień świetlny [lm]"":""6100lm"",""Stopień ochrony [IP]"":""IP65"",""Klasa ochronności"":""IK08"",""Kąt świecenia"":""130°"",""Kolor"":""biały"",""Materiał"":""PC"",""Wymiary"":""1480x80mm"",""Długość"":""1480mm"",""Szerokość"":""80mm"",""Wysokość"":""70mm"",""Gwarancja"":""5 lat""}";https://www.kanlux.com/storage/products/main/big/28858.jpg
;Oprawa hermetyczna LED FT1500 1480mm 43W 6500lm 151lm/W 4000K IP65 biały Kanlux 28859;28859/KAN;5905339288592;Kanlux;;"{""Producent"":""Kanlux"",""EAN (GTIN)"":""5905339288592"",""Kod producenta"":""28859"",""Typ produktu"":""Oprawa hermetyczna"",""Seria"":""FT1500"",""Model"":""FT1500"",""Moc [W]"":""43W"",""Napięcie [V]"":""220-240 AC"",""Temperatura barwowa [K]"":""4000K"",""Barwa światła"":""Neutralna (3500-4500K)"",""Strumień świetlny [lm]"":""6500lm"",""Stopień ochrony [IP]"":""IP65"",""Klasa ochronności"":""IK08"",""Kąt świecenia"":""115°"",""Kolor"":""biały"",""Materiał"":""PC"",""Wymiary"":""1480x80mm"",""Długość"":""1480mm"",""Szerokość"":""80mm"",""Wysokość"":""70mm"",""Gwarancja"":""5 lat""}";https://www.kanlux.com/storage/products/main/big/28859.jpg
;Oprawa hermetyczna LED FT1500 1480mm 55W 7900lm 144lm/W 4000K IP65 biały Kanlux 28662;28662/KAN;5905339286628;Kanlux;;"{""Producent"":""Kanlux"",""EAN (GTIN)"":""5905339286628"",""Kod producenta"":""28662"",""Typ produktu"":""Oprawa hermetyczna"",""Seria"":""FT1500"",""Model"":""FT1500"",""Moc [W]"":""55W"",""Napięcie [V]"":""220-240 AC"",""Temperatura barwowa [K]"":""4000K"",""Barwa światła"":""Neutralna (3500-4500K)"",""Strumień świetlny [lm]"":""7900lm"",""Stopień ochrony [IP]"":""IP65"",""Klasa ochronności"":""IK08"",""Kąt świecenia"":""75°"",""Kolor"":""biały"",""Materiał"":""PC"",""Wymiary"":""1480x80mm"",""Długość"":""1480mm"",""Szerokość"":""80mm"",""Wysokość"":""70mm"",""Gwarancja"":""5 lat""}";https://www.kanlux.com/storage/products/main/big/28662.jpg
;Oprawa hermetyczna LED FT1500 1480mm 55W 7900lm 144lm/W 4000K IP65 biały Kanlux 28661;28661/KAN;5905339286611;Kanlux;;"{""Producent"":""Kanlux"",""EAN (GTIN)"":""5905339286611"",""Kod producenta"":""28661"",""Typ produktu"":""Oprawa hermetyczna"",""Seria"":""FT1500"",""Model"":""FT1500"",""Moc [W]"":""55W"",""Napięcie [V]"":""220-240 AC"",""Temperatura barwowa [K]"":""4000K"",""Barwa światła"":""Neutralna (3500-4500K)"",""Strumień świetlny [lm]"":""7900lm"",""Stopień ochrony [IP]"":""IP65"",""Klasa ochronności"":""IK08"",""Kąt świecenia"":""70°"",""Kolor"":""biały"",""Materiał"":""PC"",""Wymiary"":""1480x80mm"",""Długość"":""1480mm"",""Szerokość"":""80mm"",""Wysokość"":""70mm"",""Gwarancja"":""5 lat""}";https://www.kanlux.com/storage/products/main/big/28661.jpg
;Oprawa hermetyczna LED FT1500 1480mm 55W 7500lm 136lm/W 4000K IP65 biały Kanlux 28665;28665/KAN;5905339286659;Kanlux;;"{""Producent"":""Kanlux"",""EAN (GTIN)"":""5905339286659"",""Kod producenta"":""28665"",""Typ produktu"":""Oprawa hermetyczna"",""Seria"":""FT1500"",""Model"":""FT1500"",""Moc [W]"":""55W"",""Napięcie [V]"":""220-240 AC"",""Temperatura barwowa [K]"":""4000K"",""Barwa światła"":""Neutralna (3500-4500K)"",""Strumień świetlny [lm]"":""7500lm"",""Stopień ochrony [IP]"":""IP65"",""Klasa ochronności"":""IK08"",""Kąt świecenia"":""130°"",""Kolor"":""biały"",""Materiał"":""PC"",""Wymiary"":""1480x80mm"",""Długość"":""1480mm"",""Szerokość"":""80mm"",""Wysokość"":""70mm"",""Gwarancja"":""5 lat""}";https://www.kanlux.com/storage/products/main/big/28665.jpg
;Oprawa hermetyczna LED FT1500 1480mm 55W 8150lm 148lm/W 4000K IP65 biały Kanlux 28659;28659/KAN;5905339286598;Kanlux;;"{""Producent"":""Kanlux"",""EAN (GTIN)"":""5905339286598"",""Kod producenta"":""28659"",""Typ produktu"":""Oprawa hermetyczna"",""Seria"":""FT1500"",""Model"":""FT1500"",""Moc [W]"":""55W"",""Napięcie [V]"":""220-240 AC"",""Temperatura barwowa [K]"":""4000K"",""Barwa światła"":""Neutralna (3500-4500K)"",""Strumień świetlny [lm]"":""8150lm"",""Stopień ochrony [IP]"":""IP65"",""Klasa ochronności"":""IK08"",""Kąt świecenia"":""115°"",""Kolor"":""biały"",""Materiał"":""PC"",""Wymiary"":""1480x80mm"",""Długość"":""1480mm"",""Szerokość"":""80mm"",""Wysokość"":""70mm"",""Gwarancja"":""5 lat""}";https://www.kanlux.com/storage/products/main/big/28659.jpg
;Oprawa hermetyczna LED FT1500 1480mm 66W 10000lm 152lm/W 4000K IP65 biały Kanlux 28686;28686/KAN;5905339286864;Kanlux;;"{""Producent"":""Kanlux"",""EAN (GTIN)"":""5905339286864"",""Kod producenta"":""28686"",""Typ produktu"":""Oprawa hermetyczna"",""Seria"":""FT1500"",""Model"":""FT1500"",""Moc [W]"":""66W"",""Napięcie [V]"":""220-240 AC"",""Temperatura barwowa [K]"":""4000K"",""Barwa światła"":""Neutralna (3500-4500K)"",""Strumień świetlny [lm]"":""10000lm"",""Stopień ochrony [IP]"":""IP65"",""Klasa ochronności"":""IK08"",""Kąt świecenia"":""115°"",""Kolor"":""biały"",""Materiał"":""PC"",""Wymiary"":""1480x80mm"",""Długość"":""1480mm"",""Szerokość"":""80mm"",""Wysokość"":""70mm"",""Gwarancja"":""5 lat""}";https://www.kanlux.com/storage/products/main/big/28686.jpg
;Oprawa hermetyczna LED FTD1500 1480mm 43W 6300lm 147lm/W 4000K IP65 biały Kanlux 28865;28865/KAN;5905339288653;Kanlux;;"{""Producent"":""Kanlux"",""EAN (GTIN)"":""5905339288653"",""Kod producenta"":""28865"",""Typ produktu"":""Oprawa hermetyczna"",""Seria"":""FTD1500"",""Model"":""FTD1500"",""Moc [W]"":""43W"",""Napięcie [V]"":""220-240 AC"",""Temperatura barwowa [K]"":""4000K"",""Barwa światła"":""Neutralna (3500-4500K)"",""Strumień świetlny [lm]"":""6300lm"",""Stopień ochrony [IP]"":""IP65"",""Klasa ochronności"":""IK08"",""Kąt świecenia"":""75°"",""Kolor"":""biały"",""Materiał"":""PC"",""Wymiary"":""1480x80mm"",""Długość"":""1480mm"",""Szerokość"":""80mm"",""Wysokość"":""70mm"",""Gwarancja"":""5 lat""}";https://www.kanlux.com/storage/products/main/big/28865.jpg
;Oprawa hermetyczna LED FTD1500 1480mm 43W 6300lm 147lm/W 4000K IP65 biały Kanlux 28864;28864/KAN;5905339288646;Kanlux;;"{""Producent"":""Kanlux"",""EAN (GTIN)"":""5905339288646"",""Kod producenta"":""28864"",""Typ produktu"":""Oprawa hermetyczna"",""Seria"":""FTD1500"",""Model"":""FTD1500"",""Moc [W]"":""43W"",""Napięcie [V]"":""220-240 AC"",""Temperatura barwowa [K]"":""4000K"",""Barwa światła"":""Neutralna (3500-4500K)"",""Strumień świetlny [lm]"":""6300lm"",""Stopień ochrony [IP]"":""IP65"",""Klasa ochronności"":""IK08"",""Kąt świecenia"":""70°"",""Kolor"":""biały"",""Materiał"":""PC"",""Wymiary"":""1480x80mm"",""Długość"":""1480mm"",""Szerokość"":""80mm"",""Wysokość"":""70mm"",""Gwarancja"":""5 lat""}";https://www.kanlux.com/storage/products/main/big/28864.jpg
;Oprawa hermetyczna LED FTD1500 1480mm 43W 6100lm 142lm/W 4000K IP65 biały Kanlux 28862;28862/KAN;5905339288622;Kanlux;;"{""Producent"":""Kanlux"",""EAN (GTIN)"":""5905339288622"",""Kod producenta"":""28862"",""Typ produktu"":""Oprawa hermetyczna"",""Seria"":""FTD1500"",""Model"":""FTD1500"",""Moc [W]"":""43W"",""Napięcie [V]"":""220-240 AC"",""Temperatura barwowa [K]"":""4000K"",""Barwa światła"":""Neutralna (3500-4500K)"",""Strumień świetlny [lm]"":""6100lm"",""Stopień ochrony [IP]"":""IP65"",""Klasa ochronności"":""IK08"",""Kąt świecenia"":""130°"",""Kolor"":""biały"",""Materiał"":""PC"",""Wymiary"":""1480x80mm"",""Długość"":""1480mm"",""Szerokość"":""80mm"",""Wysokość"":""70mm"",""Gwarancja"":""5 lat""}";https://www.kanlux.com/storage/products/main/big/28862.jpg
;Oprawa hermetyczna LED FTD1500 1480mm 43W 6500lm 151lm/W 4000K IP65 biały Kanlux 28863;28863/KAN;5905339288639;Kanlux;;"{""Producent"":""Kanlux"",""EAN (GTIN)"":""5905339288639"",""Kod producenta"":""28863"",""Typ produktu"":""Oprawa hermetyczna"",""Seria"":""FTD1500"",""Model"":""FTD1500"",""Moc [W]"":""43W"",""Napięcie [V]"":""220-240 AC"",""Temperatura barwowa [K]"":""4000K"",""Barwa światła"":""Neutralna (3500-4500K)"",""Strumień świetlny [lm]"":""6500lm"",""Stopień ochrony [IP]"":""IP65"",""Klasa ochronności"":""IK08"",""Kąt świecenia"":""115°"",""Kolor"":""biały"",""Materiał"":""PC"",""Wymiary"":""1480x80mm"",""Długość"":""1480mm"",""Szerokość"":""80mm"",""Wysokość"":""70mm"",""Gwarancja"":""5 lat""}";https://www.kanlux.com/storage/products/main/big/28863.jpg
;Oprawa hermetyczna LED FTD1500 1480mm 55W 7900lm 144lm/W 4000K IP65 biały Kanlux 28669;28669/KAN;5905339286697;Kanlux;;"{""Producent"":""Kanlux"",""EAN (GTIN)"":""5905339286697"",""Kod producenta"":""28669"",""Typ produktu"":""Oprawa hermetyczna"",""Seria"":""FTD1500"",""Model"":""FTD1500"",""Moc [W]"":""55W"",""Napięcie [V]"":""220-240 AC"",""Temperatura barwowa [K]"":""4000K"",""Barwa światła"":""Neutralna (3500-4500K)"",""Strumień świetlny [lm]"":""7900lm"",""Stopień ochrony [IP]"":""IP65"",""Klasa ochronności"":""IK08"",""Kąt świecenia"":""75°"",""Kolor"":""biały"",""Materiał"":""PC"",""Wymiary"":""1480x80mm"",""Długość"":""1480mm"",""Szerokość"":""80mm"",""Wysokość"":""70mm"",""Gwarancja"":""5 lat""}";https://www.kanlux.com/storage/products/main/big/28669.jpg
;Oprawa hermetyczna LED FTD1500 1480mm 55W 7900lm 144lm/W 4000K IP65 biały Kanlux 28668;28668/KAN;5905339286680;Kanlux;;"{""Producent"":""Kanlux"",""EAN (GTIN)"":""5905339286680"",""Kod producenta"":""28668"",""Typ produktu"":""Oprawa hermetyczna"",""Seria"":""FTD1500"",""Model"":""FTD1500"",""Moc [W]"":""55W"",""Napięcie [V]"":""220-240 AC"",""Temperatura barwowa [K]"":""4000K"",""Barwa światła"":""Neutralna (3500-4500K)"",""Strumień świetlny [lm]"":""7900lm"",""Stopień ochrony [IP]"":""IP65"",""Klasa ochronności"":""IK08"",""Kąt świecenia"":""70°"",""Kolor"":""biały"",""Materiał"":""PC"",""Wymiary"":""1480x80mm"",""Długość"":""1480mm"",""Szerokość"":""80mm"",""Wysokość"":""70mm"",""Gwarancja"":""5 lat""}";https://www.kanlux.com/storage/products/main/big/28668.jpg
;Oprawa hermetyczna LED FTD1500 1480mm 55W 7500lm 136lm/W 4000K IP65 biały Kanlux 28658;28658/KAN;5905339286581;Kanlux;;"{""Producent"":""Kanlux"",""EAN (GTIN)"":""5905339286581"",""Kod producenta"":""28658"",""Typ produktu"":""Oprawa hermetyczna"",""Seria"":""FTD1500"",""Model"":""FTD1500"",""Moc [W]"":""55W"",""Napięcie [V]"":""220-240 AC"",""Temperatura barwowa [K]"":""4000K"",""Barwa światła"":""Neutralna (3500-4500K)"",""Strumień świetlny [lm]"":""7500lm"",""Stopień ochrony [IP]"":""IP65"",""Klasa ochronności"":""IK08"",""Kąt świecenia"":""130°"",""Kolor"":""biały"",""Materiał"":""PC"",""Wymiary"":""1480x80mm"",""Długość"":""1480mm"",""Szerokość"":""80mm"",""Wysokość"":""70mm"",""Gwarancja"":""5 lat""}";https://www.kanlux.com/storage/products/main/big/28658.jpg
;Oprawa hermetyczna LED FTD1500 1480mm 55W 8150lm 148lm/W 4000K IP65 biały Kanlux 28666;28666/KAN;5905339286666;Kanlux;;"{""Producent"":""Kanlux"",""EAN (GTIN)"":""5905339286666"",""Kod producenta"":""28666"",""Typ produktu"":""Oprawa hermetyczna"",""Seria"":""FTD1500"",""Model"":""FTD1500"",""Moc [W]"":""55W"",""Napięcie [V]"":""220-240 AC"",""Temperatura barwowa [K]"":""4000K"",""Barwa światła"":""Neutralna (3500-4500K)"",""Strumień świetlny [lm]"":""8150lm"",""Stopień ochrony [IP]"":""IP65"",""Klasa ochronności"":""IK08"",""Kąt świecenia"":""115°"",""Kolor"":""biały"",""Materiał"":""PC"",""Wymiary"":""1480x80mm"",""Długość"":""1480mm"",""Szerokość"":""80mm"",""Wysokość"":""70mm"",""Gwarancja"":""5 lat""}";https://www.kanlux.com/storage/products/main/big/28666.jpg
;Plafoniera LED IPER 10W 1200lm 120lm/W 20cm x 20cm 4000K neutralna IP65 biała Kanlux 37294;37294/KAN;5905339372949;Kanlux;;"{""Producent"":""Kanlux"",""EAN (GTIN)"":""5905339372949"",""Kod producenta"":""37294"",""Typ produktu"":""plafoniera LED"",""Seria"":""IPER"",""Model"":""IPER LED 10W-NW-L"",""Moc [W]"":""10W"",""Napięcie [V]"":""220-240 AC"",""Temperatura barwowa [K]"":""4000K"",""Barwa światła"":""Neutralna (3500-4500K)"",""Strumień świetlny [lm]"":""1200lm"",""Stopień ochrony [IP]"":""IP65"",""Klasa ochronności"":""IK10"",""Kąt świecenia"":""120°"",""Kolor"":""biały"",""Materiał"":""tworzywo sztuczne"",""Wymiary"":""20cm x 20cm"",""Długość"":""20cm"",""Szerokość"":""20cm"",""Wysokość"":""55mm"",""Gwarancja"":""5 lat""}";https://www.kanlux.com/storage/products/main/big/37294.jpg
;Plafoniera LED IPER 10W 1200lm 120lm/W okrągła 20cm 4000K neutralna IP65 biała Kanlux 37290;37290/KAN;5905339372901;Kanlux;;"{""Producent"":""Kanlux"",""EAN (GTIN)"":""5905339372901"",""Kod producenta"":""37290"",""Typ produktu"":""plafoniera LED"",""Seria"":""IPER"",""Model"":""IPER LED 10W-NW-O"",""Moc [W]"":""10W"",""Napięcie [V]"":""220-240 AC"",""Temperatura barwowa [K]"":""4000K"",""Barwa światła"":""Neutralna (3500-4500K)"",""Strumień świetlny [lm]"":""1200lm"",""Stopień ochrony [IP]"":""IP65"",""Klasa ochronności"":""IK10"",""Kąt świecenia"":""120°"",""Kolor"":""biały"",""Materiał"":""tworzywo sztuczne"",""Kształt"":""okrągła"",""Wysokość"":""55mm"",""Średnica"":""20cm"",""Gwarancja"":""5 lat""}";https://www.kanlux.com/storage/products/main/big/37290.jpg
;Plafoniera LED IPER 10W 1200lm 120lm/W 20cm x 20cm 4000K neutralna IP65 z czujnikiem ruchu biała Kanlux 37302;37302/KAN;5905339373021;Kanlux;;"{""Producent"":""Kanlux"",""EAN (GTIN)"":""5905339373021"",""Kod producenta"":""37302"",""Typ produktu"":""plafoniera LED"",""Seria"":""IPER"",""Model"":""IPER LED 10W-NW-L-SE"",""Moc [W]"":""10W"",""Napięcie [V]"":""220-240 AC"",""Temperatura barwowa [K]"":""4000K"",""Barwa światła"":""Neutralna (3500-4500K)"",""Strumień świetlny [lm]"":""1200lm"",""Stopień ochrony [IP]"":""IP65"",""Klasa ochronności"":""IK10"",""Kąt świecenia"":""120°"",""Kolor"":""biały"",""Materiał"":""tworzywo sztuczne"",""Wymiary"":""20cm x 20cm"",""Długość"":""20cm"",""Szerokość"":""20cm"",""Wysokość"":""55mm"",""Czujnik ruchu"":""z czujnikiem ruchu"",""Gwarancja"":""5 lat""}";https://www.kanlux.com/storage/products/main/big/37302.jpg
;Plafoniera LED IPER 10W 1200lm 120lm/W okrągła 20cm 4000K neutralna IP65 z czujnikiem ruchu biała Kanlux 37298;37298/KAN;5905339372987;Kanlux;;"{""Producent"":""Kanlux"",""EAN (GTIN)"":""5905339372987"",""Kod producenta"":""37298"",""Typ produktu"":""plafoniera LED"",""Seria"":""IPER"",""Model"":""IPER LED 10W-NW-O-SE"",""Moc [W]"":""10W"",""Napięcie [V]"":""220-240 AC"",""Temperatura barwowa [K]"":""4000K"",""Barwa światła"":""Neutralna (3500-4500K)"",""Strumień świetlny [lm]"":""1200lm"",""Stopień ochrony [IP]"":""IP65"",""Klasa ochronności"":""IK10"",""Kąt świecenia"":""120°"",""Kolor"":""biały"",""Materiał"":""tworzywo sztuczne"",""Kształt"":""okrągła"",""Wysokość"":""55mm"",""Średnica"":""20cm"",""Czujnik ruchu"":""z czujnikiem ruchu"",""Gwarancja"":""5 lat""}";https://www.kanlux.com/storage/products/main/big/37298.jpg
;Plafoniera LED IPER 19W 2280lm 120lm/W 20cm x 20cm 4000K neutralna IP65 biała Kanlux 37295;37295/KAN;5905339372956;Kanlux;;"{""Producent"":""Kanlux"",""EAN (GTIN)"":""5905339372956"",""Kod producenta"":""37295"",""Typ produktu"":""plafoniera LED"",""Seria"":""IPER"",""Model"":""IPER LED 19W-NW-L"",""Moc [W]"":""19W"",""Napięcie [V]"":""220-240 AC"",""Temperatura barwowa [K]"":""4000K"",""Barwa światła"":""Neutralna (3500-4500K)"",""Strumień świetlny [lm]"":""2280lm"",""Stopień ochrony [IP]"":""IP65"",""Klasa ochronności"":""IK10"",""Kąt świecenia"":""120°"",""Kolor"":""biały"",""Materiał"":""tworzywo sztuczne"",""Wymiary"":""20cm x 20cm"",""Długość"":""20cm"",""Szerokość"":""20cm"",""Wysokość"":""55mm"",""Gwarancja"":""5 lat""}";https://www.kanlux.com/storage/products/main/big/37295.jpg
;Plafoniera LED IPER 19W 2280lm 120lm/W okrągła 20cm 4000K neutralna IP65 biała Kanlux 37291;37291/KAN;5905339372918;Kanlux;;"{""Producent"":""Kanlux"",""EAN (GTIN)"":""5905339372918"",""Kod producenta"":""37291"",""Typ produktu"":""plafoniera LED"",""Seria"":""IPER"",""Model"":""IPER LED 19W-NW-O"",""Moc [W]"":""19W"",""Napięcie [V]"":""220-240 AC"",""Temperatura barwowa [K]"":""4000K"",""Barwa światła"":""Neutralna (3500-4500K)"",""Strumień świetlny [lm]"":""2280lm"",""Stopień ochrony [IP]"":""IP65"",""Klasa ochronności"":""IK10"",""Kąt świecenia"":""120°"",""Kolor"":""biały"",""Materiał"":""tworzywo sztuczne"",""Kształt"":""okrągła"",""Wysokość"":""55mm"",""Średnica"":""20cm"",""Gwarancja"":""5 lat""}";https://www.kanlux.com/storage/products/main/big/37291.jpg
;Plafoniera LED IPER 19W 2280lm 120lm/W okrągła 20cm 4000K neutralna IP65 z czujnikiem ruchu biała Kanlux 37299;37299/KAN;5905339372994;Kanlux;;"{""Producent"":""Kanlux"",""EAN (GTIN)"":""5905339372994"",""Kod producenta"":""37299"",""Typ produktu"":""plafoniera LED"",""Seria"":""IPER"",""Model"":""IPER LED 19W-NW-O-SE"",""Moc [W]"":""19W"",""Napięcie [V]"":""220-240 AC"",""Temperatura barwowa [K]"":""4000K"",""Barwa światła"":""Neutralna (3500-4500K)"",""Strumień świetlny [lm]"":""2280lm"",""Stopień ochrony [IP]"":""IP65"",""Klasa ochronności"":""IK10"",""Kąt świecenia"":""120°"",""Kolor"":""biały"",""Materiał"":""tworzywo sztuczne"",""Kształt"":""okrągła"",""Wysokość"":""55mm"",""Średnica"":""20cm"",""Czujnik ruchu"":""z czujnikiem ruchu"",""Gwarancja"":""5 lat""}";https://www.kanlux.com/storage/products/main/big/37299.jpg
;Plafoniera LED IPER 26W 3120lm 120lm/W 26cm x 26cm 4000K neutralna IP65 biała Kanlux 37296;37296/KAN;5905339372963;Kanlux;;"{""Producent"":""Kanlux"",""EAN (GTIN)"":""5905339372963"",""Kod producenta"":""37296"",""Typ produktu"":""plafoniera LED"",""Seria"":""IPER"",""Model"":""IPER LED 26W-NW-L"",""Moc [W]"":""26W"",""Napięcie [V]"":""220-240 AC"",""Temperatura barwowa [K]"":""4000K"",""Barwa światła"":""Neutralna (3500-4500K)"",""Strumień świetlny [lm]"":""3120lm"",""Stopień ochrony [IP]"":""IP65"",""Klasa ochronności"":""IK10"",""Kąt świecenia"":""120°"",""Kolor"":""biały"",""Materiał"":""tworzywo sztuczne"",""Wymiary"":""26cm x 26cm"",""Długość"":""26cm"",""Szerokość"":""26cm"",""Wysokość"":""55mm"",""Gwarancja"":""5 lat""}";https://www.kanlux.com/storage/products/main/big/37296.jpg
;Plafoniera LED IPER 26W 3120lm 120lm/W okrągła 26cm 4000K neutralna IP65 biała Kanlux 37292;37292/KAN;5905339372925;Kanlux;;"{""Producent"":""Kanlux"",""EAN (GTIN)"":""5905339372925"",""Kod producenta"":""37292"",""Typ produktu"":""plafoniera LED"",""Seria"":""IPER"",""Model"":""IPER LED 26W-NW-O"",""Moc [W]"":""26W"",""Napięcie [V]"":""220-240 AC"",""Temperatura barwowa [K]"":""4000K"",""Barwa światła"":""Neutralna (3500-4500K)"",""Strumień świetlny [lm]"":""3120lm"",""Stopień ochrony [IP]"":""IP65"",""Klasa ochronności"":""IK10"",""Kąt świecenia"":""120°"",""Kolor"":""biały"",""Materiał"":""tworzywo sztuczne"",""Kształt"":""okrągła"",""Wysokość"":""55mm"",""Średnica"":""26cm"",""Gwarancja"":""5 lat""}";https://www.kanlux.com/storage/products/main/big/37292.jpg
;Plafoniera LED IPER 26W 3120lm 120lm/W okrągła 26cm 4000K neutralna IP65 z czujnikiem ruchu biała Kanlux 37300;37300/KAN;5905339373007;Kanlux;;"{""Producent"":""Kanlux"",""EAN (GTIN)"":""5905339373007"",""Kod producenta"":""37300"",""Typ produktu"":""plafoniera LED"",""Seria"":""IPER"",""Model"":""IPER LED 26W-NW-O-SE"",""Moc [W]"":""26W"",""Napięcie [V]"":""220-240 AC"",""Temperatura barwowa [K]"":""4000K"",""Barwa światła"":""Neutralna (3500-4500K)"",""Strumień świetlny [lm]"":""3120lm"",""Stopień ochrony [IP]"":""IP65"",""Klasa ochronności"":""IK10"",""Kąt świecenia"":""120°"",""Kolor"":""biały"",""Materiał"":""tworzywo sztuczne"",""Kształt"":""okrągła"",""Wysokość"":""55mm"",""Średnica"":""26cm"",""Czujnik ruchu"":""z czujnikiem ruchu"",""Gwarancja"":""5 lat""}";https://www.kanlux.com/storage/products/main/big/37300.jpg
;Plafoniera LED IPER 35W 4200lm 120lm/W 35cm x 35cm 4000K neutralna IP65 biała Kanlux 37297;37297/KAN;5905339372970;Kanlux;;"{""Producent"":""Kanlux"",""EAN (GTIN)"":""5905339372970"",""Kod producenta"":""37297"",""Typ produktu"":""plafoniera LED"",""Seria"":""IPER"",""Model"":""IPER LED 35W-NW-L"",""Moc [W]"":""35W"",""Napięcie [V]"":""220-240 AC"",""Temperatura barwowa [K]"":""4000K"",""Barwa światła"":""Neutralna (3500-4500K)"",""Strumień świetlny [lm]"":""4200lm"",""Stopień ochrony [IP]"":""IP65"",""Klasa ochronności"":""IK10"",""Kąt świecenia"":""120°"",""Kolor"":""biały"",""Materiał"":""tworzywo sztuczne"",""Wymiary"":""35cm x 35cm"",""Długość"":""35cm"",""Szerokość"":""35cm"",""Wysokość"":""55mm"",""Gwarancja"":""5 lat""}";https://www.kanlux.com/storage/products/main/big/37297.jpg
;Plafoniera LED IPER 35W 4200lm 120lm/W okrągła 35cm 4000K neutralna IP65 biała Kanlux 37293;37293/KAN;5905339372932;Kanlux;;"{""Producent"":""Kanlux"",""EAN (GTIN)"":""5905339372932"",""Kod producenta"":""37293"",""Typ produktu"":""plafoniera LED"",""Seria"":""IPER"",""Model"":""IPER LED 35W-NW-O"",""Moc [W]"":""35W"",""Napięcie [V]"":""220-240 AC"",""Temperatura barwowa [K]"":""4000K"",""Barwa światła"":""Neutralna (3500-4500K)"",""Strumień świetlny [lm]"":""4200lm"",""Stopień ochrony [IP]"":""IP65"",""Klasa ochronności"":""IK10"",""Kąt świecenia"":""120°"",""Kolor"":""biały"",""Materiał"":""tworzywo sztuczne"",""Kształt"":""okrągła"",""Wysokość"":""55mm"",""Średnica"":""35cm"",""Gwarancja"":""5 lat""}";https://www.kanlux.com/storage/products/main/big/37293.jpg
;Plafoniera LED IPER 35W 4200lm 120lm/W okrągła 35cm 4000K neutralna IP65 z czujnikiem ruchu biała Kanlux 37301;37301/KAN;5905339373014;Kanlux;;"{""Producent"":""Kanlux"",""EAN (GTIN)"":""5905339373014"",""Kod producenta"":""37301"",""Typ produktu"":""plafoniera LED"",""Seria"":""IPER"",""Model"":""IPER LED 35W-NW-O-SE"",""Moc [W]"":""35W"",""Napięcie [V]"":""220-240 AC"",""Temperatura barwowa [K]"":""4000K"",""Barwa światła"":""Neutralna (3500-4500K)"",""Strumień świetlny [lm]"":""4200lm"",""Stopień ochrony [IP]"":""IP65"",""Klasa ochronności"":""IK10"",""Kąt świecenia"":""120°"",""Kolor"":""biały"",""Materiał"":""tworzywo sztuczne"",""Kształt"":""okrągła"",""Wysokość"":""55mm"",""Średnica"":""35cm"",""Czujnik ruchu"":""z czujnikiem ruchu"",""Gwarancja"":""5 lat""}";https://www.kanlux.com/storage/products/main/big/37301.jpg
;Plafoniera LED RIFA 17.5W 1450lm 83lm/W okrągła 40cm 3000K ciepłobiała IP20 brązowy Kanlux 36509;36509/KAN;5905339365095;Kanlux;;"{""Producent"":""Kanlux"",""EAN (GTIN)"":""5905339365095"",""Kod producenta"":""36509"",""Typ produktu"":""plafoniera LED"",""Seria"":""RIFA"",""Model"":""RIFA LED 17,5W WW N2"",""Moc [W]"":""17.5W"",""Napięcie [V]"":""220-240 AC"",""Temperatura barwowa [K]"":""3000K"",""Barwa światła"":""Ciepła (≤3000K)"",""Strumień świetlny [lm]"":""1450lm"",""Stopień ochrony [IP]"":""IP20"",""Kąt świecenia"":""120°"",""Kolor"":""brązowy"",""Materiał"":""tworzywo sztuczne"",""Kształt"":""okrągła"",""Wysokość"":""116mm"",""Średnica"":""40cm""}";https://www.kanlux.com/storage/products/main/big/36509.jpg
;Plafoniera LED RIFA 17.5W 1500lm 86lm/W okrągła 40cm 4000K neutralna IP20 biała Kanlux 36464;36464/KAN;5905339364647;Kanlux;;"{""Producent"":""Kanlux"",""EAN (GTIN)"":""5905339364647"",""Kod producenta"":""36464"",""Typ produktu"":""plafoniera LED"",""Seria"":""RIFA"",""Model"":""RIFA LED 17,5W NW B/G"",""Moc [W]"":""17.5W"",""Napięcie [V]"":""220-240 AC"",""Temperatura barwowa [K]"":""4000K"",""Barwa światła"":""Neutralna (3500-4500K)"",""Strumień świetlny [lm]"":""1500lm"",""Stopień ochrony [IP]"":""IP20"",""Kąt świecenia"":""120°"",""Kolor"":""biały"",""Materiał"":""tworzywo sztuczne"",""Kształt"":""okrągła"",""Wysokość"":""116mm"",""Średnica"":""40cm""}";https://www.kanlux.com/storage/products/main/big/36464.jpg
;Plafoniera LED RIFA 17.5W 1500lm 86lm/W okrągła 40cm 4000K neutralna IP20 biała Kanlux 36462;36462/KAN;5905339364623;Kanlux;;"{""Producent"":""Kanlux"",""EAN (GTIN)"":""5905339364623"",""Kod producenta"":""36462"",""Typ produktu"":""plafoniera LED"",""Seria"":""RIFA"",""Model"":""RIFA LED 17,5W NW B/W"",""Moc [W]"":""17.5W"",""Napięcie [V]"":""220-240 AC"",""Temperatura barwowa [K]"":""4000K"",""Barwa światła"":""Neutralna (3500-4500K)"",""Strumień świetlny [lm]"":""1500lm"",""Stopień ochrony [IP]"":""IP20"",""Kąt świecenia"":""120°"",""Kolor"":""biały"",""Materiał"":""tworzywo sztuczne"",""Kształt"":""okrągła"",""Wysokość"":""116mm"",""Średnica"":""40cm""}";https://www.kanlux.com/storage/products/main/big/36462.jpg
;Plafoniera LED RIFA 17.5W 1500lm 86lm/W okrągła 40cm 4000K neutralna IP20 biała Kanlux 36468;36468/KAN;5905339364685;Kanlux;;"{""Producent"":""Kanlux"",""EAN (GTIN)"":""5905339364685"",""Kod producenta"":""36468"",""Typ produktu"":""plafoniera LED"",""Seria"":""RIFA"",""Model"":""RIFA LED 17,5W NW N1"",""Moc [W]"":""17.5W"",""Napięcie [V]"":""220-240 AC"",""Temperatura barwowa [K]"":""4000K"",""Barwa światła"":""Neutralna (3500-4500K)"",""Strumień świetlny [lm]"":""1500lm"",""Stopień ochrony [IP]"":""IP20"",""Kąt świecenia"":""120°"",""Kolor"":""biały"",""Materiał"":""tworzywo sztuczne"",""Kształt"":""okrągła"",""Wysokość"":""116mm"",""Średnica"":""40cm""}";https://www.kanlux.com/storage/products/main/big/36468.jpg
;Plafoniera LED RIFA 17.5W 1500lm 86lm/W okrągła 40cm 4000K neutralna IP20 biała Kanlux 36460;36460/KAN;5905339364609;Kanlux;;"{""Producent"":""Kanlux"",""EAN (GTIN)"":""5905339364609"",""Kod producenta"":""36460"",""Typ produktu"":""plafoniera LED"",""Seria"":""RIFA"",""Model"":""RIFA LED 17,5W NW W/W"",""Moc [W]"":""17.5W"",""Napięcie [V]"":""220-240 AC"",""Temperatura barwowa [K]"":""4000K"",""Barwa światła"":""Neutralna (3500-4500K)"",""Strumień świetlny [lm]"":""1500lm"",""Stopień ochrony [IP]"":""IP20"",""Kąt świecenia"":""120°"",""Kolor"":""biały"",""Materiał"":""tworzywo sztuczne"",""Kształt"":""okrągła"",""Wysokość"":""116mm"",""Średnica"":""40cm""}";https://www.kanlux.com/storage/products/main/big/36460.jpg
;Plafoniera LED RIFA 17.5W 1450lm 83lm/W okrągła 40cm 3000K ciepłobiała IP20 czarna Kanlux 36465;36465/KAN;5905339364654;Kanlux;;"{""Producent"":""Kanlux"",""EAN (GTIN)"":""5905339364654"",""Kod producenta"":""36465"",""Typ produktu"":""plafoniera LED"",""Seria"":""RIFA"",""Model"":""RIFA LED 17,5W WW B/G"",""Moc [W]"":""17.5W"",""Napięcie [V]"":""220-240 AC"",""Temperatura barwowa [K]"":""3000K"",""Barwa światła"":""Ciepła (≤3000K)"",""Strumień świetlny [lm]"":""1450lm"",""Stopień ochrony [IP]"":""IP20"",""Kąt świecenia"":""120°"",""Kolor"":""czarny"",""Materiał"":""tworzywo sztuczne"",""Kształt"":""okrągła"",""Wysokość"":""116mm"",""Średnica"":""40cm""}";https://www.kanlux.com/storage/products/main/big/36465.jpg
;Plafoniera LED RIFA 17.5W 1450lm 83lm/W okrągła 40cm 3000K ciepłobiała IP20 biała Kanlux 36463;36463/KAN;5905339364630;Kanlux;;"{""Producent"":""Kanlux"",""EAN (GTIN)"":""5905339364630"",""Kod producenta"":""36463"",""Typ produktu"":""plafoniera LED"",""Seria"":""RIFA"",""Model"":""RIFA LED 17,5W WW B/W"",""Moc [W]"":""17.5W"",""Napięcie [V]"":""220-240 AC"",""Temperatura barwowa [K]"":""3000K"",""Barwa światła"":""Ciepła (≤3000K)"",""Strumień świetlny [lm]"":""1450lm"",""Stopień ochrony [IP]"":""IP20"",""Kąt świecenia"":""120°"",""Kolor"":""biały"",""Materiał"":""tworzywo sztuczne"",""Kształt"":""okrągła"",""Wysokość"":""116mm"",""Średnica"":""40cm""}";https://www.kanlux.com/storage/products/main/big/36463.jpg
;Plafoniera LED RIFA 17.5W 1450lm 83lm/W okrągła 40cm 3000K ciepłobiała IP20 biała Kanlux 36469;36469/KAN;5905339364692;Kanlux;;"{""Producent"":""Kanlux"",""EAN (GTIN)"":""5905339364692"",""Kod producenta"":""36469"",""Typ produktu"":""plafoniera LED"",""Seria"":""RIFA"",""Model"":""RIFA LED 17,5W WW N1"",""Moc [W]"":""17.5W"",""Napięcie [V]"":""220-240 AC"",""Temperatura barwowa [K]"":""3000K"",""Barwa światła"":""Ciepła (≤3000K)"",""Strumień świetlny [lm]"":""1450lm"",""Stopień ochrony [IP]"":""IP20"",""Kąt świecenia"":""120°"",""Kolor"":""biały"",""Materiał"":""tworzywo sztuczne"",""Kształt"":""okrągła"",""Wysokość"":""116mm"",""Średnica"":""40cm""}";https://www.kanlux.com/storage/products/main/big/36469.jpg
;Plafoniera LED RIFA 17.5W 1450lm 83lm/W okrągła 40cm 3000K ciepłobiała IP20 biała Kanlux 36461;36461/KAN;5905339364616;Kanlux;;"{""Producent"":""Kanlux"",""EAN (GTIN)"":""5905339364616"",""Kod producenta"":""36461"",""Typ produktu"":""plafoniera LED"",""Seria"":""RIFA"",""Model"":""RIFA LED 17,5W WW W/W"",""Moc [W]"":""17.5W"",""Napięcie [V]"":""220-240 AC"",""Temperatura barwowa [K]"":""3000K"",""Barwa światła"":""Ciepła (≤3000K)"",""Strumień świetlny [lm]"":""1450lm"",""Stopień ochrony [IP]"":""IP20"",""Kąt świecenia"":""120°"",""Kolor"":""biały"",""Materiał"":""tworzywo sztuczne"",""Kształt"":""okrągła"",""Wysokość"":""116mm"",""Średnica"":""40cm""}";https://www.kanlux.com/storage/products/main/big/36461.jpg
;Plafoniera LED RIFA 17.5W 1500lm 86lm/W okrągła 40cm 4000K neutralna IP20 biała Kanlux 36466;36466/KAN;5905339364661;Kanlux;;"{""Producent"":""Kanlux"",""EAN (GTIN)"":""5905339364661"",""Kod producenta"":""36466"",""Typ produktu"":""plafoniera LED"",""Seria"":""RIFA"",""Model"":""LED17"",""Moc [W]"":""17.5W"",""Napięcie [V]"":""220-240 AC"",""Temperatura barwowa [K]"":""4000K"",""Barwa światła"":""Neutralna (3500-4500K)"",""Strumień świetlny [lm]"":""1500lm"",""Stopień ochrony [IP]"":""IP20"",""Kąt świecenia"":""120°"",""Kolor"":""biały"",""Materiał"":""tworzywo sztuczne"",""Kształt"":""okrągła"",""Wysokość"":""116mm"",""Średnica"":""40cm""}";https://www.kanlux.com/storage/products/main/big/36466.jpg
;Plafoniera LED RIFA 17.5W 1450lm 83lm/W okrągła 40cm 3000K ciepłobiała IP20 szara Kanlux 36467;36467/KAN;5905339364678;Kanlux;;"{""Producent"":""Kanlux"",""EAN (GTIN)"":""5905339364678"",""Kod producenta"":""36467"",""Typ produktu"":""plafoniera LED"",""Seria"":""RIFA"",""Model"":""LED17"",""Moc [W]"":""17.5W"",""Napięcie [V]"":""220-240 AC"",""Temperatura barwowa [K]"":""3000K"",""Barwa światła"":""Ciepła (≤3000K)"",""Strumień świetlny [lm]"":""1450lm"",""Stopień ochrony [IP]"":""IP20"",""Kąt świecenia"":""120°"",""Kolor"":""szary"",""Materiał"":""tworzywo sztuczne"",""Kształt"":""okrągła"",""Wysokość"":""116mm"",""Średnica"":""40cm""}";https://www.kanlux.com/storage/products/main/big/36467.jpg
;Plafoniera LED AQILO max 10 70mm IP65 grafitowa Kanlux 36640;36640/KAN;5905339366405;Kanlux;;"{""Producent"":""Kanlux"",""EAN (GTIN)"":""5905339366405"",""Kod producenta"":""36640"",""Typ produktu"":""plafoniera LED"",""Seria"":""AQILO"",""Model"":""E14"",""Moc [W]"":""max 10"",""Napięcie [V]"":""220-240 AC"",""Stopień ochrony [IP]"":""IP65"",""Kolor"":""grafitowy"",""Trzonek"":""E14"",""Materiał"":""tworzywo sztuczne"",""Wysokość"":""150mm"",""Średnica"":""70mm""}";https://www.kanlux.com/storage/products/main/big/36640.jpg
;Oprawa sufitowa AQILO 1xGU10 IP65 czarny Kanlux 33361;33361/KAN;5905339333612;Kanlux;;"{""Producent"":""Kanlux"",""EAN (GTIN)"":""5905339333612"",""Kod producenta"":""33361"",""Typ produktu"":""plafoniera LED"",""Seria"":""AQILO"",""Model"":""70mm"",""Moc [W]"":""max 7"",""Napięcie [V]"":""220-240 AC"",""Stopień ochrony [IP]"":""IP65"",""Kolor"":""czarny"",""Trzonek"":""1xGU10"",""Materiał"":""tworzywo sztuczne"",""Wysokość"":""90mm"",""Średnica"":""70mm""}";https://www.kanlux.com/storage/products/main/big/33361.jpg
;Oprawa sufitowa AQILO 1xGU10 IP65 beżowy Kanlux 36646;36646/KAN;5905339366467;Kanlux;;"{""Producent"":""Kanlux"",""EAN (GTIN)"":""5905339366467"",""Kod producenta"":""36646"",""Typ produktu"":""plafoniera LED"",""Seria"":""AQILO"",""Model"":""70mm"",""Moc [W]"":""max 7"",""Napięcie [V]"":""220-240 AC"",""Stopień ochrony [IP]"":""IP65"",""Kolor"":""beżowy"",""Trzonek"":""1xGU10"",""Materiał"":""tworzywo sztuczne"",""Wysokość"":""90mm"",""Średnica"":""70mm""}";https://www.kanlux.com/storage/products/main/big/36646.jpg
;Oprawa sufitowa AQILO 1xGU10 IP65 grafitowy Kanlux 33362;33362/KAN;5905339333629;Kanlux;;"{""Producent"":""Kanlux"",""EAN (GTIN)"":""5905339333629"",""Kod producenta"":""33362"",""Typ produktu"":""plafoniera LED"",""Seria"":""AQILO"",""Model"":""70mm"",""Moc [W]"":""max 7"",""Napięcie [V]"":""220-240 AC"",""Stopień ochrony [IP]"":""IP65"",""Kolor"":""grafitowy"",""Trzonek"":""1xGU10"",""Materiał"":""tworzywo sztuczne"",""Wysokość"":""90mm"",""Średnica"":""70mm""}";https://www.kanlux.com/storage/products/main/big/33362.jpg
;Oprawa sufitowa AQILO 1xGU10 IP65 biały Kanlux 33360;33360/KAN;5905339333605;Kanlux;;"{""Producent"":""Kanlux"",""EAN (GTIN)"":""5905339333605"",""Kod producenta"":""33360"",""Typ produktu"":""plafoniera LED"",""Seria"":""AQILO"",""Model"":""70mm"",""Moc [W]"":""max 7"",""Napięcie [V]"":""220-240 AC"",""Stopień ochrony [IP]"":""IP65"",""Kolor"":""biały"",""Trzonek"":""1xGU10"",""Materiał"":""tworzywo sztuczne"",""Wysokość"":""90mm"",""Średnica"":""70mm""}";https://www.kanlux.com/storage/products/main/big/33360.jpg
;Plafoniera LED AQILO max 10 70mm IP65 czarna Kanlux 36642;36642/KAN;5905339366429;Kanlux;;"{""Producent"":""Kanlux"",""EAN (GTIN)"":""5905339366429"",""Kod producenta"":""36642"",""Typ produktu"":""plafoniera LED"",""Seria"":""AQILO"",""Model"":""E14"",""Moc [W]"":""max 10"",""Napięcie [V]"":""220-240 AC"",""Stopień ochrony [IP]"":""IP65"",""Kolor"":""czarny"",""Trzonek"":""E14"",""Materiał"":""tworzywo sztuczne"",""Wysokość"":""150mm"",""Średnica"":""70mm""}";https://www.kanlux.com/storage/products/main/big/36642.jpg
;Plafoniera AQILO E27 96mm IP65 czarna Kanlux 36645;36645/KAN;5905339366450;Kanlux;;"{""Producent"":""Kanlux"",""EAN (GTIN)"":""5905339366450"",""Kod producenta"":""36645"",""Typ produktu"":""plafoniera LED"",""Seria"":""AQILO"",""Model"":""E27"",""Moc [W]"":""max 20"",""Napięcie [V]"":""220-240 AC"",""Stopień ochrony [IP]"":""IP65"",""Kolor"":""czarny"",""Trzonek"":""E27"",""Materiał"":""tworzywo sztuczne"",""Wysokość"":""160mm"",""Średnica"":""96mm""}";https://www.kanlux.com/storage/products/main/big/36645.jpg
;Plafoniera AQILO E27 96mm IP65 grafitowa Kanlux 36643;36643/KAN;5905339366436;Kanlux;;"{""Producent"":""Kanlux"",""EAN (GTIN)"":""5905339366436"",""Kod producenta"":""36643"",""Typ produktu"":""plafoniera LED"",""Seria"":""AQILO"",""Model"":""E27"",""Moc [W]"":""max 20"",""Napięcie [V]"":""220-240 AC"",""Stopień ochrony [IP]"":""IP65"",""Kolor"":""grafitowy"",""Trzonek"":""E27"",""Materiał"":""tworzywo sztuczne"",""Wysokość"":""160mm"",""Średnica"":""96mm""}";https://www.kanlux.com/storage/products/main/big/36643.jpg
;Plafoniera AQILO E27 96mm IP65 biała Kanlux 36644;36644/KAN;5905339366443;Kanlux;;"{""Producent"":""Kanlux"",""EAN (GTIN)"":""5905339366443"",""Kod producenta"":""36644"",""Typ produktu"":""plafoniera LED"",""Seria"":""AQILO"",""Model"":""E27"",""Moc [W]"":""max 20"",""Napięcie [V]"":""220-240 AC"",""Stopień ochrony [IP]"":""IP65"",""Kolor"":""biały"",""Trzonek"":""E27"",""Materiał"":""tworzywo sztuczne"",""Wysokość"":""160mm"",""Średnica"":""96mm""}";https://www.kanlux.com/storage/products/main/big/36644.jpg
;Plafoniera LED STIVI 10W 1200lm 120lm/W 220mm 4000K neutralna IP65 biała Kanlux 35004;35004/KAN;5905339350046;Kanlux;;"{""Producent"":""Kanlux"",""EAN (GTIN)"":""5905339350046"",""Kod producenta"":""35004"",""Typ produktu"":""plafoniera LED"",""Seria"":""STIVI"",""Model"":""STIVI LED 10W-NW-O"",""Moc [W]"":""10W"",""Napięcie [V]"":""220-240 AC"",""Temperatura barwowa [K]"":""4000K"",""Barwa światła"":""Neutralna (3500-4500K)"",""Strumień świetlny [lm]"":""1200lm"",""Stopień ochrony [IP]"":""IP65"",""Klasa ochronności"":""IK08"",""Kąt świecenia"":""110°"",""Kolor"":""biały"",""Materiał"":""PC"",""Wysokość"":""62mm"",""Średnica"":""220mm"",""Gwarancja"":""5 lat""}";https://www.kanlux.com/storage/products/main/big/35004.jpg
;Plafoniera LED STIVI 10W 1200lm 120lm/W 220mm 4000K neutralna IP65 z czujnikiem ruchu biała Kanlux 35005;35005/KAN;5905339350053;Kanlux;;"{""Producent"":""Kanlux"",""EAN (GTIN)"":""5905339350053"",""Kod producenta"":""35005"",""Typ produktu"":""plafoniera LED"",""Seria"":""STIVI"",""Model"":""STIVI LED 10W-NW-O-SE"",""Moc [W]"":""10W"",""Napięcie [V]"":""220-240 AC"",""Temperatura barwowa [K]"":""4000K"",""Barwa światła"":""Neutralna (3500-4500K)"",""Strumień świetlny [lm]"":""1200lm"",""Stopień ochrony [IP]"":""IP65"",""Klasa ochronności"":""IK08"",""Kąt świecenia"":""110°"",""Kolor"":""biały"",""Materiał"":""PC"",""Wysokość"":""62mm"",""Średnica"":""220mm"",""Czujnik ruchu"":""z czujnikiem ruchu"",""Gwarancja"":""5 lat""}";https://www.kanlux.com/storage/products/main/big/35005.jpg
;Plafoniera LED STIVI 15W 1800lm 120lm/W 220mm 4000K neutralna IP65 z czujnikiem ruchu biała Kanlux 35007;35007/KAN;5905339350077;Kanlux;;"{""Producent"":""Kanlux"",""EAN (GTIN)"":""5905339350077"",""Kod producenta"":""35007"",""Typ produktu"":""plafoniera LED"",""Seria"":""STIVI"",""Model"":""STIVI LED 15W-NW-O-SE"",""Moc [W]"":""15W"",""Napięcie [V]"":""220-240 AC"",""Temperatura barwowa [K]"":""4000K"",""Barwa światła"":""Neutralna (3500-4500K)"",""Strumień świetlny [lm]"":""1800lm"",""Stopień ochrony [IP]"":""IP65"",""Klasa ochronności"":""IK08"",""Kąt świecenia"":""110°"",""Kolor"":""biały"",""Materiał"":""PC"",""Wysokość"":""62mm"",""Średnica"":""220mm"",""Czujnik ruchu"":""z czujnikiem ruchu"",""Gwarancja"":""5 lat""}";https://www.kanlux.com/storage/products/main/big/35007.jpg
;Plafoniera LED STIVI 15W 1800lm 120lm/W 220mm 4000K neutralna IP65 biała Kanlux 35006;35006/KAN;5905339350060;Kanlux;;"{""Producent"":""Kanlux"",""EAN (GTIN)"":""5905339350060"",""Kod producenta"":""35006"",""Typ produktu"":""plafoniera LED"",""Seria"":""STIVI"",""Model"":""STIVI LED 15W-NW-O"",""Moc [W]"":""15W"",""Napięcie [V]"":""220-240 AC"",""Temperatura barwowa [K]"":""4000K"",""Barwa światła"":""Neutralna (3500-4500K)"",""Strumień świetlny [lm]"":""1800lm"",""Stopień ochrony [IP]"":""IP65"",""Klasa ochronności"":""IK08"",""Kąt świecenia"":""110°"",""Kolor"":""biały"",""Materiał"":""PC"",""Wysokość"":""62mm"",""Średnica"":""220mm"",""Gwarancja"":""5 lat""}";https://www.kanlux.com/storage/products/main/big/35006.jpg
;Plafoniera LED STIVI 24W 3120lm 130lm/W okrągła 28cm 4000K neutralna IP65 biała Kanlux 35000;35000/KAN;5905339350008;Kanlux;;"{""Producent"":""Kanlux"",""EAN (GTIN)"":""5905339350008"",""Kod producenta"":""35000"",""Typ produktu"":""plafoniera LED"",""Seria"":""STIVI"",""Model"":""STIVI LED 24W-NW-O"",""Moc [W]"":""24W"",""Napięcie [V]"":""220-240 AC"",""Temperatura barwowa [K]"":""4000K"",""Barwa światła"":""Neutralna (3500-4500K)"",""Strumień świetlny [lm]"":""3120lm"",""Stopień ochrony [IP]"":""IP65"",""Klasa ochronności"":""IK08"",""Kąt świecenia"":""110°"",""Kolor"":""biały"",""Materiał"":""PC"",""Kształt"":""okrągła"",""Wysokość"":""54mm"",""Średnica"":""28cm"",""Gwarancja"":""5 lat""}";https://www.kanlux.com/storage/products/main/big/35000.jpg
;Plafoniera LED STIVI 24W 3120lm 130lm/W okrągła 28cm 4000K neutralna IP65 z czujnikiem ruchu biała Kanlux 35001;35001/KAN;5905339350015;Kanlux;;"{""Producent"":""Kanlux"",""EAN (GTIN)"":""5905339350015"",""Kod producenta"":""35001"",""Typ produktu"":""plafoniera LED"",""Seria"":""STIVI"",""Model"":""STIVI LED 24W-NW-O-SE"",""Moc [W]"":""24W"",""Napięcie [V]"":""220-240 AC"",""Temperatura barwowa [K]"":""4000K"",""Barwa światła"":""Neutralna (3500-4500K)"",""Strumień świetlny [lm]"":""3120lm"",""Stopień ochrony [IP]"":""IP65"",""Klasa ochronności"":""IK08"",""Kąt świecenia"":""110°"",""Kolor"":""biały"",""Materiał"":""PC"",""Kształt"":""okrągła"",""Wysokość"":""54mm"",""Średnica"":""28cm"",""Czujnik ruchu"":""z czujnikiem ruchu"",""Gwarancja"":""5 lat""}";https://www.kanlux.com/storage/products/main/big/35001.jpg
;Plafoniera LED STIVI 36W 4680lm 130lm/W okrągła 33cm 4000K neutralna IP65 biała Kanlux 35002;35002/KAN;5905339350022;Kanlux;;"{""Producent"":""Kanlux"",""EAN (GTIN)"":""5905339350022"",""Kod producenta"":""35002"",""Typ produktu"":""plafoniera LED"",""Seria"":""STIVI"",""Model"":""STIVI LED 36W-NW-O"",""Moc [W]"":""36W"",""Napięcie [V]"":""220-240 AC"",""Temperatura barwowa [K]"":""4000K"",""Barwa światła"":""Neutralna (3500-4500K)"",""Strumień świetlny [lm]"":""4680lm"",""Stopień ochrony [IP]"":""IP65"",""Klasa ochronności"":""IK08"",""Kąt świecenia"":""110°"",""Kolor"":""biały"",""Materiał"":""PC"",""Kształt"":""okrągła"",""Wysokość"":""54mm"",""Średnica"":""33cm"",""Gwarancja"":""5 lat""}";https://www.kanlux.com/storage/products/main/big/35002.jpg
;Plafoniera LED STIVI 36W 4680lm 130lm/W okrągła 33cm 4000K neutralna IP65 z czujnikiem ruchu biała Kanlux 35003;35003/KAN;5905339350039;Kanlux;;"{""Producent"":""Kanlux"",""EAN (GTIN)"":""5905339350039"",""Kod producenta"":""35003"",""Typ produktu"":""plafoniera LED"",""Seria"":""STIVI"",""Model"":""STIVI LED 36W-NW-O-SE"",""Moc [W]"":""36W"",""Napięcie [V]"":""220-240 AC"",""Temperatura barwowa [K]"":""4000K"",""Barwa światła"":""Neutralna (3500-4500K)"",""Strumień świetlny [lm]"":""4680lm"",""Stopień ochrony [IP]"":""IP65"",""Klasa ochronności"":""IK08"",""Kąt świecenia"":""110°"",""Kolor"":""biały"",""Materiał"":""PC"",""Kształt"":""okrągła"",""Wysokość"":""54mm"",""Średnica"":""33cm"",""Czujnik ruchu"":""z czujnikiem ruchu"",""Gwarancja"":""5 lat""}";https://www.kanlux.com/storage/products/main/big/35003.jpg
;Plafoniera LED TYBIA 25W 2600lm 104lm/W 32cm x 32cm 4000K neutralna IP20 biała Kanlux 24645;24645/KAN;5905339246455;Kanlux;;"{""Producent"":""Kanlux"",""EAN (GTIN)"":""5905339246455"",""Kod producenta"":""24645"",""Typ produktu"":""plafoniera LED"",""Seria"":""TYBIA"",""Model"":""TYBIA M 25W-NW B"",""Moc [W]"":""25W"",""Napięcie [V]"":""220-240 AC"",""Temperatura barwowa [K]"":""4000K"",""Barwa światła"":""Neutralna (3500-4500K)"",""Strumień świetlny [lm]"":""2600lm"",""Stopień ochrony [IP]"":""IP20"",""Kąt świecenia"":""110°"",""Kolor"":""biały"",""Materiał"":""PMMA"",""Wymiary"":""32cm x 32cm"",""Długość"":""32cm"",""Szerokość"":""32cm"",""Wysokość"":""65mm"",""Gwarancja"":""5 lat""}";https://www.kanlux.com/storage/products/main/big/24645.jpg
;Plafoniera LED TYBIA 25W 2600lm 104lm/W 32cm x 32cm 4000K neutralna IP20 z czujnikiem ruchu biała Kanlux 24647;24647/KAN;5905339246479;Kanlux;;"{""Producent"":""Kanlux"",""EAN (GTIN)"":""5905339246479"",""Kod producenta"":""24647"",""Typ produktu"":""plafoniera LED"",""Seria"":""TYBIA"",""Model"":""TYBIA M 25W-NW-SE B"",""Moc [W]"":""25W"",""Napięcie [V]"":""220-240 AC"",""Temperatura barwowa [K]"":""4000K"",""Barwa światła"":""Neutralna (3500-4500K)"",""Strumień świetlny [lm]"":""2600lm"",""Stopień ochrony [IP]"":""IP20"",""Kąt świecenia"":""110°"",""Kolor"":""biały"",""Materiał"":""PMMA"",""Wymiary"":""32cm x 32cm"",""Długość"":""32cm"",""Szerokość"":""32cm"",""Wysokość"":""65mm"",""Czujnik ruchu"":""z czujnikiem ruchu"",""Gwarancja"":""5 lat""}";https://www.kanlux.com/storage/products/main/big/24647.jpg
;Plafoniera LED TYBIA 25W 2600lm 104lm/W 32cm x 32cm 4000K neutralna IP20 z czujnikiem ruchu biała Kanlux 24646;24646/KAN;5905339246462;Kanlux;;"{""Producent"":""Kanlux"",""EAN (GTIN)"":""5905339246462"",""Kod producenta"":""24646"",""Typ produktu"":""plafoniera LED"",""Seria"":""TYBIA"",""Model"":""TYBIA M 25W-NW-SE GY"",""Moc [W]"":""25W"",""Napięcie [V]"":""220-240 AC"",""Temperatura barwowa [K]"":""4000K"",""Barwa światła"":""Neutralna (3500-4500K)"",""Strumień świetlny [lm]"":""2600lm"",""Stopień ochrony [IP]"":""IP20"",""Kąt świecenia"":""110°"",""Kolor"":""biały"",""Materiał"":""PMMA"",""Wymiary"":""32cm x 32cm"",""Długość"":""32cm"",""Szerokość"":""32cm"",""Wysokość"":""61mm"",""Czujnik ruchu"":""z czujnikiem ruchu"",""Gwarancja"":""5 lat""}";https://www.kanlux.com/storage/products/main/big/24646.jpg
;Plafoniera LED TYBIA 38W 3800lm 100lm/W 41cm x 41cm 4000K neutralna IP20 biała Kanlux 24640;24640/KAN;5905339246400;Kanlux;;"{""Producent"":""Kanlux"",""EAN (GTIN)"":""5905339246400"",""Kod producenta"":""24640"",""Typ produktu"":""plafoniera LED"",""Seria"":""TYBIA"",""Model"":""TYBIA LED 38W-NW"",""Moc [W]"":""38W"",""Napięcie [V]"":""220-240 AC"",""Temperatura barwowa [K]"":""4000K"",""Barwa światła"":""Neutralna (3500-4500K)"",""Strumień świetlny [lm]"":""3800lm"",""Stopień ochrony [IP]"":""IP20"",""Kąt świecenia"":""110°"",""Kolor"":""biały"",""Materiał"":""PMMA"",""Wymiary"":""41cm x 41cm"",""Długość"":""41cm"",""Szerokość"":""41cm"",""Wysokość"":""61mm"",""Gwarancja"":""5 lat""}";https://www.kanlux.com/storage/products/main/big/24640.jpg
;Plafoniera LED TYBIA 38W 3800lm 100lm/W 41cm x 41cm 4000K neutralna IP20 z czujnikiem ruchu biała Kanlux 24643;24643/KAN;5905339246431;Kanlux;;"{""Producent"":""Kanlux"",""EAN (GTIN)"":""5905339246431"",""Kod producenta"":""24643"",""Typ produktu"":""plafoniera LED"",""Seria"":""TYBIA"",""Model"":""TYBIA LED 38W-NW-SE B"",""Moc [W]"":""38W"",""Napięcie [V]"":""220-240 AC"",""Temperatura barwowa [K]"":""4000K"",""Barwa światła"":""Neutralna (3500-4500K)"",""Strumień świetlny [lm]"":""3800lm"",""Stopień ochrony [IP]"":""IP20"",""Kąt świecenia"":""110°"",""Kolor"":""biały"",""Materiał"":""PMMA"",""Wymiary"":""41cm x 41cm"",""Długość"":""41cm"",""Szerokość"":""41cm"",""Wysokość"":""61mm"",""Czujnik ruchu"":""z czujnikiem ruchu"",""Gwarancja"":""5 lat""}";https://www.kanlux.com/storage/products/main/big/24643.jpg
;Plafoniera LED TYBIA 38W 3800lm 100lm/W 41cm x 41cm 4000K neutralna IP20 z czujnikiem ruchu biała Kanlux 24641;24641/KAN;5905339246417;Kanlux;;"{""Producent"":""Kanlux"",""EAN (GTIN)"":""5905339246417"",""Kod producenta"":""24641"",""Typ produktu"":""plafoniera LED"",""Seria"":""TYBIA"",""Model"":""TYBIA LED 38W-NW-SE"",""Moc [W]"":""38W"",""Napięcie [V]"":""220-240 AC"",""Temperatura barwowa [K]"":""4000K"",""Barwa światła"":""Neutralna (3500-4500K)"",""Strumień świetlny [lm]"":""3800lm"",""Stopień ochrony [IP]"":""IP20"",""Kąt świecenia"":""110°"",""Kolor"":""biały"",""Materiał"":""PMMA"",""Wymiary"":""41cm x 41cm"",""Długość"":""41cm"",""Szerokość"":""41cm"",""Wysokość"":""61mm"",""Czujnik ruchu"":""z czujnikiem ruchu"",""Gwarancja"":""5 lat""}";https://www.kanlux.com/storage/products/main/big/24641.jpg
;Plafoniera LED CORSO 12W 900lm 75lm/W 278mm 4000K neutralna IP44 z czujnikiem ruchu biała Kanlux 31223;31223/KAN;8595665312237;Kanlux;;"{""Producent"":""Kanlux"",""EAN (GTIN)"":""8595665312237"",""Kod producenta"":""31223"",""Typ produktu"":""plafoniera LED"",""Seria"":""CORSO"",""Model"":""12-NW-SE"",""Moc [W]"":""12W"",""Napięcie [V]"":""220-240 AC"",""Temperatura barwowa [K]"":""4000K"",""Barwa światła"":""Neutralna (3500-4500K)"",""Strumień świetlny [lm]"":""900lm"",""Stopień ochrony [IP]"":""IP44"",""Kąt świecenia"":""120°"",""Kolor"":""biały"",""Materiał"":""PC"",""Wysokość"":""65mm"",""Średnica"":""278mm"",""Czujnik ruchu"":""z czujnikiem ruchu""}";https://www.kanlux.com/storage/products/main/big/31223.jpg
;Plafoniera LED CORSO 18W 1200lm 67lm/W 330mm 4000K neutralna IP44 z czujnikiem ruchu biała Kanlux 31224;31224/KAN;8595665312244;Kanlux;;"{""Producent"":""Kanlux"",""EAN (GTIN)"":""8595665312244"",""Kod producenta"":""31224"",""Typ produktu"":""plafoniera LED"",""Seria"":""CORSO"",""Model"":""18-NW-SE"",""Moc [W]"":""18W"",""Napięcie [V]"":""220-240 AC"",""Temperatura barwowa [K]"":""4000K"",""Barwa światła"":""Neutralna (3500-4500K)"",""Strumień świetlny [lm]"":""1200lm"",""Stopień ochrony [IP]"":""IP44"",""Kąt świecenia"":""120°"",""Kolor"":""biały"",""Materiał"":""PC"",""Wysokość"":""67mm"",""Średnica"":""330mm"",""Czujnik ruchu"":""z czujnikiem ruchu""}";https://www.kanlux.com/storage/products/main/big/31224.jpg
;Plafoniera LED CORSO 12W 900lm 75lm/W 278mm 4000K neutralna IP44 biała Kanlux 31220;31220/KAN;8595665312206;Kanlux;;"{""Producent"":""Kanlux"",""EAN (GTIN)"":""8595665312206"",""Kod producenta"":""31220"",""Typ produktu"":""plafoniera LED"",""Seria"":""CORSO"",""Model"":""12-NW"",""Moc [W]"":""12W"",""Napięcie [V]"":""220-240 AC"",""Temperatura barwowa [K]"":""4000K"",""Barwa światła"":""Neutralna (3500-4500K)"",""Strumień świetlny [lm]"":""900lm"",""Stopień ochrony [IP]"":""IP44"",""Kąt świecenia"":""120°"",""Kolor"":""biały"",""Materiał"":""PC"",""Wysokość"":""65mm"",""Średnica"":""278mm""}";https://www.kanlux.com/storage/products/main/big/31220.jpg
;Plafoniera LED CORSO 18W 1200lm 67lm/W 330mm 4000K neutralna IP44 biała Kanlux 31221;31221/KAN;8595665312213;Kanlux;;"{""Producent"":""Kanlux"",""EAN (GTIN)"":""8595665312213"",""Kod producenta"":""31221"",""Typ produktu"":""plafoniera LED"",""Seria"":""CORSO"",""Model"":""18-NW"",""Moc [W]"":""18W"",""Napięcie [V]"":""220-240 AC"",""Temperatura barwowa [K]"":""4000K"",""Barwa światła"":""Neutralna (3500-4500K)"",""Strumień świetlny [lm]"":""1200lm"",""Stopień ochrony [IP]"":""IP44"",""Kąt świecenia"":""120°"",""Kolor"":""biały"",""Materiał"":""PC"",""Wysokość"":""67mm"",""Średnica"":""330mm""}";https://www.kanlux.com/storage/products/main/big/31221.jpg
;Plafoniera LED CORSO 24W 1700lm 71lm/W 380mm 4000K neutralna IP44 biała Kanlux 31222;31222/KAN;8595665312220;Kanlux;;"{""Producent"":""Kanlux"",""EAN (GTIN)"":""8595665312220"",""Kod producenta"":""31222"",""Typ produktu"":""plafoniera LED"",""Seria"":""CORSO"",""Model"":""24-NW"",""Moc [W]"":""24W"",""Napięcie [V]"":""220-240 AC"",""Temperatura barwowa [K]"":""4000K"",""Barwa światła"":""Neutralna (3500-4500K)"",""Strumień świetlny [lm]"":""1700lm"",""Stopień ochrony [IP]"":""IP44"",""Kąt świecenia"":""120°"",""Kolor"":""biały"",""Materiał"":""PC"",""Wysokość"":""70mm"",""Średnica"":""380mm""}";https://www.kanlux.com/storage/products/main/big/31222.jpg
;Plafoniera LED CORSO 24W 1700lm 71lm/W 380mm 4000K neutralna IP44 z czujnikiem ruchu biała Kanlux 31225;31225/KAN;8595665312251;Kanlux;;"{""Producent"":""Kanlux"",""EAN (GTIN)"":""8595665312251"",""Kod producenta"":""31225"",""Typ produktu"":""plafoniera LED"",""Seria"":""CORSO"",""Model"":""24-NW-SE"",""Moc [W]"":""24W"",""Napięcie [V]"":""220-240 AC"",""Temperatura barwowa [K]"":""4000K"",""Barwa światła"":""Neutralna (3500-4500K)"",""Strumień świetlny [lm]"":""1700lm"",""Stopień ochrony [IP]"":""IP44"",""Kąt świecenia"":""120°"",""Kolor"":""biały"",""Materiał"":""PC"",""Wysokość"":""70mm"",""Średnica"":""380mm"",""Czujnik ruchu"":""z czujnikiem ruchu""}";https://www.kanlux.com/storage/products/main/big/31225.jpg
;Plafoniera LED TOLU 6W 420lm 70lm/W 158x85mm 4000K neutralna IP54 biała Kanlux 31495;31495/KAN;8595665314958;Kanlux;;"{""Producent"":""Kanlux"",""EAN (GTIN)"":""8595665314958"",""Kod producenta"":""31495"",""Typ produktu"":""plafoniera LED"",""Seria"":""TOLU"",""Model"":""5x15"",""Moc [W]"":""6W"",""Napięcie [V]"":""220-240 AC"",""Temperatura barwowa [K]"":""4000K"",""Barwa światła"":""Neutralna (3500-4500K)"",""Strumień świetlny [lm]"":""420lm"",""Stopień ochrony [IP]"":""IP54"",""Kąt świecenia"":""120°"",""Kolor"":""biały"",""Materiał"":""tworzywo sztuczne"",""Wymiary"":""158x85mm"",""Długość"":""158mm"",""Szerokość"":""85mm"",""Wysokość"":""38mm""}";https://www.kanlux.com/storage/products/main/big/31495.jpg
;Plafoniera LED TOLU 9W 720lm 80lm/W okrągła 13.5cm 4000K neutralna IP54 biała Kanlux 31497;31497/KAN;8595665314972;Kanlux;;"{""Producent"":""Kanlux"",""EAN (GTIN)"":""8595665314972"",""Kod producenta"":""31497"",""Typ produktu"":""plafoniera LED"",""Seria"":""TOLU"",""Model"":""5cm"",""Moc [W]"":""9W"",""Napięcie [V]"":""220-240 AC"",""Temperatura barwowa [K]"":""4000K"",""Barwa światła"":""Neutralna (3500-4500K)"",""Strumień świetlny [lm]"":""720lm"",""Stopień ochrony [IP]"":""IP54"",""Kąt świecenia"":""120°"",""Kolor"":""biały"",""Materiał"":""tworzywo sztuczne"",""Kształt"":""okrągła"",""Wysokość"":""38mm"",""Średnica"":""13.5cm""}";https://www.kanlux.com/storage/products/main/big/31497.jpg
;Plafoniera LED TOLU 12W 1050lm 88lm/W 195x94mm 4000K neutralna IP54 biała Kanlux 31496;31496/KAN;8595665314965;Kanlux;;"{""Producent"":""Kanlux"",""EAN (GTIN)"":""8595665314965"",""Kod producenta"":""31496"",""Typ produktu"":""plafoniera LED"",""Seria"":""TOLU"",""Model"":""4x19"",""Moc [W]"":""12W"",""Napięcie [V]"":""220-240 AC"",""Temperatura barwowa [K]"":""4000K"",""Barwa światła"":""Neutralna (3500-4500K)"",""Strumień świetlny [lm]"":""1050lm"",""Stopień ochrony [IP]"":""IP54"",""Kąt świecenia"":""120°"",""Kolor"":""biały"",""Materiał"":""tworzywo sztuczne"",""Wymiary"":""195x94mm"",""Długość"":""195mm"",""Szerokość"":""94mm"",""Wysokość"":""38mm""}";https://www.kanlux.com/storage/products/main/big/31496.jpg
;Plafoniera LED TOLU 12W 1050lm 88lm/W 195x94mm 4000K neutralna IP54 czarna Kanlux 31493;31493/KAN;8595665314934;Kanlux;;"{""Producent"":""Kanlux"",""EAN (GTIN)"":""8595665314934"",""Kod producenta"":""31493"",""Typ produktu"":""plafoniera LED"",""Seria"":""TOLU"",""Model"":""4x19"",""Moc [W]"":""12W"",""Napięcie [V]"":""220-240 AC"",""Temperatura barwowa [K]"":""4000K"",""Barwa światła"":""Neutralna (3500-4500K)"",""Strumień świetlny [lm]"":""1050lm"",""Stopień ochrony [IP]"":""IP54"",""Kąt świecenia"":""120°"",""Kolor"":""czarny"",""Materiał"":""tworzywo sztuczne"",""Wymiary"":""195x94mm"",""Długość"":""195mm"",""Szerokość"":""94mm"",""Wysokość"":""38mm""}";https://www.kanlux.com/storage/products/main/big/31493.jpg
;Plafoniera LED TOLU 18W 1620lm 90lm/W okrągła 19.5cm 4000K neutralna IP54 biała Kanlux 31498;31498/KAN;8595665314989;Kanlux;;"{""Producent"":""Kanlux"",""EAN (GTIN)"":""8595665314989"",""Kod producenta"":""31498"",""Typ produktu"":""plafoniera LED"",""Seria"":""TOLU"",""Model"":""5cm"",""Moc [W]"":""18W"",""Napięcie [V]"":""220-240 AC"",""Temperatura barwowa [K]"":""4000K"",""Barwa światła"":""Neutralna (3500-4500K)"",""Strumień świetlny [lm]"":""1620lm"",""Stopień ochrony [IP]"":""IP54"",""Kąt świecenia"":""120°"",""Kolor"":""biały"",""Materiał"":""tworzywo sztuczne"",""Kształt"":""okrągła"",""Wysokość"":""38mm"",""Średnica"":""19.5cm""}";https://www.kanlux.com/storage/products/main/big/31498.jpg
;Plafoniera LED TOLU 18W 1620lm 90lm/W okrągła 19.5cm 4000K neutralna IP54 czarna Kanlux 31494;31494/KAN;8595665314941;Kanlux;;"{""Producent"":""Kanlux"",""EAN (GTIN)"":""8595665314941"",""Kod producenta"":""31494"",""Typ produktu"":""plafoniera LED"",""Seria"":""TOLU"",""Model"":""5cm"",""Moc [W]"":""18W"",""Napięcie [V]"":""220-240 AC"",""Temperatura barwowa [K]"":""4000K"",""Barwa światła"":""Neutralna (3500-4500K)"",""Strumień świetlny [lm]"":""1620lm"",""Stopień ochrony [IP]"":""IP54"",""Kąt świecenia"":""120°"",""Kolor"":""czarny"",""Materiał"":""tworzywo sztuczne"",""Kształt"":""okrągła"",""Wysokość"":""38mm"",""Średnica"":""19.5cm""}";https://www.kanlux.com/storage/products/main/big/31494.jpg
;Oprawa sufitowa BORD DLP 1xGU10 IP20 czarny Kanlux 22552;22552/KAN;5905339225528;Kanlux;;"{""Producent"":""Kanlux"",""EAN (GTIN)"":""5905339225528"",""Kod producenta"":""22552"",""Typ produktu"":""oprawa punktowa BORD"",""Seria"":""BORD DLP"",""Model"":""DLP-50-Bregulowana"",""Moc [W]"":""max 10"",""Napięcie [V]"":""220-240 AC"",""Stopień ochrony [IP]"":""IP20"",""Kolor"":""czarny"",""Trzonek"":""1xGU10"",""Materiał"":""1"",""Wysokość"":""125mm"",""Średnica"":""95mm""}";https://www.kanlux.com/storage/products/main/big/22552.jpg
;Oprawa sufitowa BORD DLP 1xGU10 IP20 czarny Kanlux 22558;22558/KAN;5905339225580;Kanlux;;"{""Producent"":""Kanlux"",""EAN (GTIN)"":""5905339225580"",""Kod producenta"":""22558"",""Typ produktu"":""oprawa punktowa BORD"",""Seria"":""BORD DLP"",""Model"":""DLP-50-SR"",""Moc [W]"":""max 10"",""Napięcie [V]"":""220-240 AC"",""Stopień ochrony [IP]"":""IP20"",""Kolor"":""czarny"",""Trzonek"":""1xGU10"",""Materiał"":""1"",""Wysokość"":""125mm"",""Średnica"":""95mm""}";https://www.kanlux.com/storage/products/main/big/22558.jpg
;Oprawa sufitowa BORD DLP 1xGU10 IP20 biały Kanlux 22559;22559/KAN;5905339225597;Kanlux;;"{""Producent"":""Kanlux"",""EAN (GTIN)"":""5905339225597"",""Kod producenta"":""22559"",""Typ produktu"":""oprawa punktowa BORD"",""Seria"":""BORD DLP"",""Model"":""DLP-50-SR"",""Moc [W]"":""max 10"",""Napięcie [V]"":""220-240 AC"",""Stopień ochrony [IP]"":""IP20"",""Kolor"":""biały"",""Trzonek"":""1xGU10"",""Materiał"":""1"",""Wysokość"":""125mm"",""Średnica"":""95mm""}";https://www.kanlux.com/storage/products/main/big/22559.jpg
;Oprawa sufitowa BORD DLP 1xGU10 IP20 biały Kanlux 22551;22551/KAN;5905339225511;Kanlux;;"{""Producent"":""Kanlux"",""EAN (GTIN)"":""5905339225511"",""Kod producenta"":""22551"",""Typ produktu"":""oprawa punktowa BORD"",""Seria"":""BORD DLP"",""Model"":""DLP-50-W"",""Moc [W]"":""max 10"",""Napięcie [V]"":""220-240 AC"",""Stopień ochrony [IP]"":""IP20"",""Kolor"":""biały"",""Trzonek"":""1xGU10"",""Materiał"":""1"",""Wysokość"":""125mm"",""Średnica"":""95mm""}";https://www.kanlux.com/storage/products/main/big/22551.jpg
;Oprawa sufitowa STOBI 2xGU10 IP20 czarny Kanlux 26832;26832/KAN;5905339268327;Kanlux;;"{""Producent"":""Kanlux"",""EAN (GTIN)"":""5905339268327"",""Kod producenta"":""26832"",""Typ produktu"":""plafoniera LED"",""Seria"":""STOBI"",""Model"":""250-B"",""Moc [W]"":""2 x max 10"",""Napięcie [V]"":""220-240 AC"",""Stopień ochrony [IP]"":""IP20"",""Kolor"":""czarny"",""Trzonek"":""2xGU10"",""Materiał"":""1"",""Wymiary"":""253x143mm"",""Długość"":""253mm"",""Szerokość"":""143mm"",""Wysokość"":""85mm""}";https://www.kanlux.com/storage/products/main/big/26832.jpg
;Oprawa sufitowa STOBI 2xGU10 IP20 biały Kanlux 26833;26833/KAN;5905339268334;Kanlux;;"{""Producent"":""Kanlux"",""EAN (GTIN)"":""5905339268334"",""Kod producenta"":""26833"",""Typ produktu"":""plafoniera LED"",""Seria"":""STOBI"",""Model"":""250-W"",""Moc [W]"":""2 x max 10"",""Napięcie [V]"":""220-240 AC"",""Stopień ochrony [IP]"":""IP20"",""Kolor"":""biały"",""Trzonek"":""2xGU10"",""Materiał"":""1"",""Wymiary"":""253x143mm"",""Długość"":""253mm"",""Szerokość"":""143mm"",""Wysokość"":""85mm""}";https://www.kanlux.com/storage/products/main/big/26833.jpg
;Oprawa sufitowa STOBI 1xGU10 IP20 czarny Kanlux 26830;26830/KAN;5905339268303;Kanlux;;"{""Producent"":""Kanlux"",""EAN (GTIN)"":""5905339268303"",""Kod producenta"":""26830"",""Typ produktu"":""plafoniera LED"",""Seria"":""STOBI"",""Model"":""50-B"",""Moc [W]"":""max 10"",""Napięcie [V]"":""220-240 AC"",""Stopień ochrony [IP]"":""IP20"",""Kolor"":""czarny"",""Trzonek"":""1xGU10"",""Materiał"":""1"",""Wymiary"":""141x143mm"",""Długość"":""141mm"",""Szerokość"":""143mm"",""Wysokość"":""85mm""}";https://www.kanlux.com/storage/products/main/big/26830.jpg
;Oprawa sufitowa STOBI 1xGU10 IP20 biały Kanlux 26831;26831/KAN;5905339268310;Kanlux;;"{""Producent"":""Kanlux"",""EAN (GTIN)"":""5905339268310"",""Kod producenta"":""26831"",""Typ produktu"":""plafoniera LED"",""Seria"":""STOBI"",""Model"":""50-W"",""Moc [W]"":""max 10"",""Napięcie [V]"":""220-240 AC"",""Stopień ochrony [IP]"":""IP20"",""Kolor"":""biały"",""Trzonek"":""1xGU10"",""Materiał"":""1"",""Wymiary"":""141x143mm"",""Długość"":""141mm"",""Szerokość"":""143mm"",""Wysokość"":""85mm""}";https://www.kanlux.com/storage/products/main/big/26831.jpg
;Oprawa sufitowa RITI GU10 IP20 biały Kanlux 27570;27570/KAN;5905339275707;Kanlux;;"{""Producent"":""Kanlux"",""EAN (GTIN)"":""5905339275707"",""Kod producenta"":""27570"",""Typ produktu"":""plafoniera LED"",""Seria"":""RITI"",""Model"":""GU10"",""Moc [W]"":""10W"",""Napięcie [V]"":""220-240 AC"",""Stopień ochrony [IP]"":""IP20"",""Kolor"":""biały"",""Trzonek"":""GU10"",""Materiał"":""stop aluminium"",""Wysokość"":""110mm"",""Średnica"":""85mm""}";https://www.kanlux.com/storage/products/main/big/27570.jpg
;Oprawa sufitowa RITI GU10 IP20 biały Kanlux 27569;27569/KAN;5905339275691;Kanlux;;"{""Producent"":""Kanlux"",""EAN (GTIN)"":""5905339275691"",""Kod producenta"":""27569"",""Typ produktu"":""plafoniera LED"",""Seria"":""RITI"",""Model"":""GU10"",""Moc [W]"":""10W"",""Napięcie [V]"":""220-240 AC"",""Stopień ochrony [IP]"":""IP20"",""Kolor"":""biały"",""Trzonek"":""GU10"",""Materiał"":""stop aluminium"",""Wysokość"":""110mm"",""Średnica"":""85mm""}";https://www.kanlux.com/storage/products/main/big/27569.jpg
;Oprawa sufitowa RITI GU10 IP20 czarny Kanlux 27567;27567/KAN;5905339275677;Kanlux;;"{""Producent"":""Kanlux"",""EAN (GTIN)"":""5905339275677"",""Kod producenta"":""27567"",""Typ produktu"":""plafoniera LED"",""Seria"":""RITI"",""Model"":""GU10"",""Moc [W]"":""max 10"",""Napięcie [V]"":""220-240 AC"",""Stopień ochrony [IP]"":""IP20"",""Kolor"":""czarny"",""Trzonek"":""GU10"",""Materiał"":""stop aluminium"",""Wysokość"":""110mm"",""Średnica"":""85mm""}";https://www.kanlux.com/storage/products/main/big/27567.jpg
;Oprawa sufitowa RITI GU10 IP20 czarny Kanlux 27571;27571/KAN;5905339275714;Kanlux;;"{""Producent"":""Kanlux"",""EAN (GTIN)"":""5905339275714"",""Kod producenta"":""27571"",""Typ produktu"":""plafoniera LED"",""Seria"":""RITI"",""Model"":""GU10"",""Moc [W]"":""max 10"",""Napięcie [V]"":""220-240 AC"",""Stopień ochrony [IP]"":""IP20"",""Kolor"":""czarny"",""Trzonek"":""GU10"",""Materiał"":""stop aluminium"",""Wysokość"":""110mm"",""Średnica"":""85mm""}";https://www.kanlux.com/storage/products/main/big/27571.jpg
;Plafoniera LED DABA 16W 1300lm 81lm/W 300mm 4000K neutralna IP66 z czujnikiem ruchu biała Kanlux 19062;19062/KAN;5905339190628;Kanlux;;"{""Producent"":""Kanlux"",""EAN (GTIN)"":""5905339190628"",""Kod producenta"":""19062"",""Typ produktu"":""plafoniera LED"",""Seria"":""DABA"",""Model"":""DABA N LED SMD DL-16W"",""Moc [W]"":""16W"",""Napięcie [V]"":""220-240 AC"",""Temperatura barwowa [K]"":""4000K"",""Barwa światła"":""Neutralna (3500-4500K)"",""Strumień świetlny [lm]"":""1300lm"",""Stopień ochrony [IP]"":""IP66"",""Klasa ochronności"":""IK10"",""Kąt świecenia"":""120°"",""Kolor"":""biały"",""Materiał"":""PC"",""Wysokość"":""87mm"",""Średnica"":""300mm"",""Czujnik ruchu"":""z czujnikiem ruchu""}";https://www.kanlux.com/storage/products/main/big/19062.jpg
;Plafoniera LED DABA 25W 2800lm 112lm/W okrągła 30cm 4000K neutralna IP65 biała Kanlux 19064;19064/KAN;5905339190642;Kanlux;;"{""Producent"":""Kanlux"",""EAN (GTIN)"":""5905339190642"",""Kod producenta"":""19064"",""Typ produktu"":""plafoniera LED"",""Seria"":""DABA"",""Model"":""DABA PRO 25W NW-W"",""Moc [W]"":""25W"",""Napięcie [V]"":""220-240 AC"",""Temperatura barwowa [K]"":""4000K"",""Barwa światła"":""Neutralna (3500-4500K)"",""Strumień świetlny [lm]"":""2800lm"",""Stopień ochrony [IP]"":""IP65"",""Klasa ochronności"":""IK10"",""Kąt świecenia"":""115°"",""Kolor"":""biały"",""Materiał"":""PC"",""Kształt"":""okrągła"",""Wysokość"":""85mm"",""Średnica"":""30cm"",""Gwarancja"":""5 lat""}";https://www.kanlux.com/storage/products/main/big/19064.jpg
;Plafoniera LED DABA 26W 2800lm 108lm/W okrągła 30cm 4000K neutralna IP65 z czujnikiem ruchu biała Kanlux 19066;19066/KAN;5905339190666;Kanlux;;"{""Producent"":""Kanlux"",""EAN (GTIN)"":""5905339190666"",""Kod producenta"":""19066"",""Typ produktu"":""plafoniera LED"",""Seria"":""DABA"",""Model"":""DABA PRO 26W NW-SE-W"",""Moc [W]"":""26W"",""Napięcie [V]"":""220-240 AC"",""Temperatura barwowa [K]"":""4000K"",""Barwa światła"":""Neutralna (3500-4500K)"",""Strumień świetlny [lm]"":""2800lm"",""Stopień ochrony [IP]"":""IP65"",""Klasa ochronności"":""IK10"",""Kąt świecenia"":""115°"",""Kolor"":""biały"",""Materiał"":""PC"",""Kształt"":""okrągła"",""Wysokość"":""85mm"",""Średnica"":""30cm"",""Czujnik ruchu"":""z czujnikiem ruchu"",""Gwarancja"":""5 lat""}";https://www.kanlux.com/storage/products/main/big/19066.jpg
;Oprawa sufitowa BORD 1xGU10 IP20 czarny Kanlux 25478;25478/KAN;5905339254788;Kanlux;;"{""Producent"":""Kanlux"",""EAN (GTIN)"":""5905339254788"",""Kod producenta"":""25478"",""Typ produktu"":""oprawa punktowa BORD"",""Seria"":""BORD"",""Model"":""DLP-50-B"",""Moc [W]"":""max 10"",""Napięcie [V]"":""220-240 AC"",""Stopień ochrony [IP]"":""IP20"",""Kolor"":""czarny"",""Trzonek"":""1xGU10"",""Materiał"":""stop aluminium"",""Wysokość"":""115mm"",""Średnica"":""80mm""}";https://www.kanlux.com/storage/products/main/big/25478.jpg
;Oprawa sufitowa BORD 1xGU10 IP20 biały Kanlux 25479;25479/KAN;5905339254795;Kanlux;;"{""Producent"":""Kanlux"",""EAN (GTIN)"":""5905339254795"",""Kod producenta"":""25479"",""Typ produktu"":""oprawa punktowa BORD"",""Seria"":""BORD"",""Model"":""DLP-50-W"",""Moc [W]"":""max 10"",""Napięcie [V]"":""220-240 AC"",""Stopień ochrony [IP]"":""IP20"",""Kolor"":""biały"",""Trzonek"":""1xGU10"",""Materiał"":""stop aluminium"",""Wysokość"":""115mm"",""Średnica"":""80mm""}";https://www.kanlux.com/storage/products/main/big/25479.jpg
;Plafoniera TUNA E27 200mm IP44 biała Kanlux 8091;8091/KAN;5905339080912;Kanlux;;"{""Producent"":""Kanlux"",""EAN (GTIN)"":""5905339080912"",""Kod producenta"":""8091"",""Typ produktu"":""plafoniera LED"",""Seria"":""TUNA"",""Model"":""E27"",""Moc [W]"":""25W"",""Napięcie [V]"":""220-240 AC"",""Stopień ochrony [IP]"":""IP44"",""Kolor"":""biały"",""Trzonek"":""E27"",""Materiał"":""szkło"",""Wysokość"":""104mm"",""Średnica"":""200mm""}";https://www.kanlux.com/storage/products/main/big/8091.jpg
;Plafoniera TUNA E27 225mm IP44 biała Kanlux 4260;4260/KAN;5905339042606;Kanlux;;"{""Producent"":""Kanlux"",""EAN (GTIN)"":""5905339042606"",""Kod producenta"":""4260"",""Typ produktu"":""plafoniera LED"",""Seria"":""TUNA"",""Model"":""S1101-W"",""Moc [W]"":""25W"",""Napięcie [V]"":""220-240 AC"",""Stopień ochrony [IP]"":""IP44"",""Kolor"":""biały"",""Trzonek"":""E27"",""Materiał"":""szkło"",""Wysokość"":""100mm"",""Średnica"":""225mm""}";https://www.kanlux.com/storage/products/main/big/4260.jpg
;Plafoniera LED CCT BENO ECO 12W 1150lm 3000-6500K okrągła 20cm IP65 biała Kanlux 38381;38381/KAN;5905339383815;Kanlux;;"{""Producent"":""Kanlux"",""EAN (GTIN)"":""5905339383815"",""Kod producenta"":""38381"",""Typ produktu"":""plafoniera dekoracyjna"",""Seria"":""BENO"",""Model"":""BENO ECO 12W CCT O B"",""Moc [W]"":""12W"",""Napięcie [V]"":""220-240 AC"",""Temperatura barwowa [K]"":""6500K"",""Barwa światła"":""Zmienna CCT"",""Strumień świetlny [lm]"":""1150lm"",""Stopień ochrony [IP]"":""IP65"",""Kąt świecenia"":""110°"",""Kolor"":""biały"",""Materiał"":""PP"",""Kształt"":""okrągła"",""Wysokość"":""55mm"",""Średnica"":""20cm""}";https://www.kanlux.com/storage/products/main/big/38381.jpg
;Plafoniera LED CCT BENO ECO 12W 1300lm 3000-6500K okrągła 20cm IP65 biała Kanlux 38380;38380/KAN;5905339383808;Kanlux;;"{""Producent"":""Kanlux"",""EAN (GTIN)"":""5905339383808"",""Kod producenta"":""38380"",""Typ produktu"":""plafoniera dekoracyjna"",""Seria"":""BENO"",""Model"":""BENO ECO 12W CCT O W"",""Moc [W]"":""12W"",""Napięcie [V]"":""220-240 AC"",""Temperatura barwowa [K]"":""6500K"",""Barwa światła"":""Zmienna CCT"",""Strumień świetlny [lm]"":""1300lm"",""Stopień ochrony [IP]"":""IP65"",""Kąt świecenia"":""110°"",""Kolor"":""biały"",""Materiał"":""PP"",""Kształt"":""okrągła"",""Wysokość"":""55mm"",""Średnica"":""20cm""}";https://www.kanlux.com/storage/products/main/big/38380.jpg
;Plafoniera LED CCT BENO 18W 1770lm 3000-4000K 220x220mm IP65 grafitowa Kanlux 38787;38787/KAN;5905339387875;Kanlux;;"{""Producent"":""Kanlux"",""EAN (GTIN)"":""5905339387875"",""Kod producenta"":""38787"",""Typ produktu"":""plafoniera dekoracyjna"",""Seria"":""BENO"",""Model"":""12-"",""Moc [W]"":""18W"",""Napięcie [V]"":""220-240 AC"",""Temperatura barwowa [K]"":""4000K"",""Barwa światła"":""Zmienna CCT"",""Strumień świetlny [lm]"":""1770lm"",""Stopień ochrony [IP]"":""IP65"",""Kąt świecenia"":""110°"",""Kolor"":""grafitowy"",""Materiał"":""PC"",""Wymiary"":""220x220mm"",""Długość"":""220mm"",""Szerokość"":""220mm"",""Wysokość"":""57mm"",""Gwarancja"":""5 lat""}";https://www.kanlux.com/storage/products/main/big/38787.jpg
;Plafoniera LED CCT BENO 18W 2000lm 3000-4000K 220x220mm IP65 biała Kanlux 38776;38776/KAN;5905339387769;Kanlux;;"{""Producent"":""Kanlux"",""EAN (GTIN)"":""5905339387769"",""Kod producenta"":""38776"",""Typ produktu"":""plafoniera dekoracyjna"",""Seria"":""BENO"",""Model"":""12-"",""Moc [W]"":""18W"",""Napięcie [V]"":""220-240 AC"",""Temperatura barwowa [K]"":""4000K"",""Barwa światła"":""Zmienna CCT"",""Strumień świetlny [lm]"":""2000lm"",""Stopień ochrony [IP]"":""IP65"",""Kąt świecenia"":""110°"",""Kolor"":""biały"",""Materiał"":""PC"",""Wymiary"":""220x220mm"",""Długość"":""220mm"",""Szerokość"":""220mm"",""Wysokość"":""57mm"",""Gwarancja"":""5 lat""}";https://www.kanlux.com/storage/products/main/big/38776.jpg
;Plafoniera LED CCT BENO 18W 1770lm 3000-4000K 220x220mm IP65 z czujnikiem ruchu grafitowa Kanlux 38788;38788/KAN;5905339387882;Kanlux;;"{""Producent"":""Kanlux"",""EAN (GTIN)"":""5905339387882"",""Kod producenta"":""38788"",""Typ produktu"":""plafoniera dekoracyjna"",""Seria"":""BENO"",""Model"":""12-"",""Moc [W]"":""18W"",""Napięcie [V]"":""220-240 AC"",""Temperatura barwowa [K]"":""4000K"",""Barwa światła"":""Zmienna CCT"",""Strumień świetlny [lm]"":""1770lm"",""Stopień ochrony [IP]"":""IP65"",""Kąt świecenia"":""110°"",""Kolor"":""grafitowy"",""Materiał"":""PC"",""Wymiary"":""220x220mm"",""Długość"":""220mm"",""Szerokość"":""220mm"",""Wysokość"":""57mm"",""Czujnik ruchu"":""z czujnikiem ruchu"",""Gwarancja"":""5 lat""}";https://www.kanlux.com/storage/products/main/big/38788.jpg
;Plafoniera LED CCT BENO 18W 2000lm 3000-4000K 220x220mm IP65 z czujnikiem ruchu biała Kanlux 38775;38775/KAN;5905339387752;Kanlux;;"{""Producent"":""Kanlux"",""EAN (GTIN)"":""5905339387752"",""Kod producenta"":""38775"",""Typ produktu"":""plafoniera dekoracyjna"",""Seria"":""BENO"",""Model"":""12-"",""Moc [W]"":""18W"",""Napięcie [V]"":""220-240 AC"",""Temperatura barwowa [K]"":""4000K"",""Barwa światła"":""Zmienna CCT"",""Strumień świetlny [lm]"":""2000lm"",""Stopień ochrony [IP]"":""IP65"",""Kąt świecenia"":""110°"",""Kolor"":""biały"",""Materiał"":""PC"",""Wymiary"":""220x220mm"",""Długość"":""220mm"",""Szerokość"":""220mm"",""Wysokość"":""57mm"",""Czujnik ruchu"":""z czujnikiem ruchu"",""Gwarancja"":""5 lat""}";https://www.kanlux.com/storage/products/main/big/38775.jpg
;Plafoniera LED CCT BENO 18W 1740lm 3000-4000K 220mm IP65 grafitowa Kanlux 38789;38789/KAN;5905339387899;Kanlux;;"{""Producent"":""Kanlux"",""EAN (GTIN)"":""5905339387899"",""Kod producenta"":""38789"",""Typ produktu"":""plafoniera dekoracyjna"",""Seria"":""BENO"",""Model"":""12-"",""Moc [W]"":""18W"",""Napięcie [V]"":""220-240 AC"",""Temperatura barwowa [K]"":""4000K"",""Barwa światła"":""Zmienna CCT"",""Strumień świetlny [lm]"":""1740lm"",""Stopień ochrony [IP]"":""IP65"",""Kąt świecenia"":""110°"",""Kolor"":""grafitowy"",""Materiał"":""PC"",""Wysokość"":""57mm"",""Średnica"":""220mm"",""Gwarancja"":""5 lat""}";https://www.kanlux.com/storage/products/main/big/38789.jpg
;Plafoniera LED CCT BENO 18W 2080lm 3000-4000K 220mm IP65 biała Kanlux 38778;38778/KAN;5905339387783;Kanlux;;"{""Producent"":""Kanlux"",""EAN (GTIN)"":""5905339387783"",""Kod producenta"":""38778"",""Typ produktu"":""plafoniera dekoracyjna"",""Seria"":""BENO"",""Model"":""12-"",""Moc [W]"":""18W"",""Napięcie [V]"":""220-240 AC"",""Temperatura barwowa [K]"":""4000K"",""Barwa światła"":""Zmienna CCT"",""Strumień świetlny [lm]"":""2080lm"",""Stopień ochrony [IP]"":""IP65"",""Kąt świecenia"":""110°"",""Kolor"":""biały"",""Materiał"":""PC"",""Wysokość"":""57mm"",""Średnica"":""220mm"",""Gwarancja"":""5 lat""}";https://www.kanlux.com/storage/products/main/big/38778.jpg
;Plafoniera LED CCT BENO 18W 1740lm 3000-4000K 220mm IP65 z czujnikiem ruchu grafitowa Kanlux 38790;38790/KAN;5905339387905;Kanlux;;"{""Producent"":""Kanlux"",""EAN (GTIN)"":""5905339387905"",""Kod producenta"":""38790"",""Typ produktu"":""plafoniera dekoracyjna"",""Seria"":""BENO"",""Model"":""12-"",""Moc [W]"":""18W"",""Napięcie [V]"":""220-240 AC"",""Temperatura barwowa [K]"":""4000K"",""Barwa światła"":""Zmienna CCT"",""Strumień świetlny [lm]"":""1740lm"",""Stopień ochrony [IP]"":""IP65"",""Klasa ochronności"":""IK03"",""Kąt świecenia"":""110°"",""Kolor"":""grafitowy"",""Materiał"":""PC"",""Wysokość"":""57mm"",""Średnica"":""220mm"",""Czujnik ruchu"":""z czujnikiem ruchu"",""Gwarancja"":""5 lat""}";https://www.kanlux.com/storage/products/main/big/38790.jpg
;Plafoniera LED CCT BENO 18W 2080lm 3000-4000K 220mm IP65 z czujnikiem ruchu biała Kanlux 38777;38777/KAN;5905339387776;Kanlux;;"{""Producent"":""Kanlux"",""EAN (GTIN)"":""5905339387776"",""Kod producenta"":""38777"",""Typ produktu"":""plafoniera dekoracyjna"",""Seria"":""BENO"",""Model"":""12-"",""Moc [W]"":""18W"",""Napięcie [V]"":""220-240 AC"",""Temperatura barwowa [K]"":""4000K"",""Barwa światła"":""Zmienna CCT"",""Strumień świetlny [lm]"":""2080lm"",""Stopień ochrony [IP]"":""IP65"",""Kąt świecenia"":""110°"",""Kolor"":""biały"",""Materiał"":""PC"",""Wysokość"":""57mm"",""Średnica"":""220mm"",""Czujnik ruchu"":""z czujnikiem ruchu"",""Gwarancja"":""5 lat""}";https://www.kanlux.com/storage/products/main/big/38777.jpg
;Plafoniera LED BENO 18W 1400lm 78lm/W okrągła 22cm 4000K neutralna IP54 biała Kanlux 33348;33348/KAN;5905339333483;Kanlux;;"{""Producent"":""Kanlux"",""EAN (GTIN)"":""5905339333483"",""Kod producenta"":""33348"",""Typ produktu"":""plafoniera dekoracyjna"",""Seria"":""BENO"",""Model"":""BENO N 18W NW-O-GR"",""Moc [W]"":""18W"",""Napięcie [V]"":""220-240 AC"",""Temperatura barwowa [K]"":""4000K"",""Barwa światła"":""Neutralna (3500-4500K)"",""Strumień świetlny [lm]"":""1400lm"",""Stopień ochrony [IP]"":""IP54"",""Kąt świecenia"":""110°"",""Kolor"":""biały"",""Materiał"":""PP"",""Kształt"":""okrągła"",""Wysokość"":""55mm"",""Średnica"":""22cm""}";https://www.kanlux.com/storage/products/main/big/33348.jpg
;Plafoniera LED BENO 18W 1550lm 86lm/W 22cm x 22cm 4000K neutralna IP54 z czujnikiem ruchu biała Kanlux 32946;32946/KAN;5905339329462;Kanlux;;"{""Producent"":""Kanlux"",""EAN (GTIN)"":""5905339329462"",""Kod producenta"":""32946"",""Typ produktu"":""plafoniera dekoracyjna"",""Seria"":""BENO"",""Model"":""BENO 18W NW-L-SE W"",""Moc [W]"":""18W"",""Napięcie [V]"":""220-240 AC"",""Temperatura barwowa [K]"":""4000K"",""Barwa światła"":""Neutralna (3500-4500K)"",""Strumień świetlny [lm]"":""1550lm"",""Stopień ochrony [IP]"":""IP54"",""Kąt świecenia"":""110°"",""Kolor"":""biały"",""Materiał"":""PP"",""Wymiary"":""22cm x 22cm"",""Długość"":""22cm"",""Szerokość"":""22cm"",""Wysokość"":""55mm"",""Czujnik ruchu"":""z czujnikiem ruchu""}";https://www.kanlux.com/storage/products/main/big/32946.jpg
;Plafoniera LED BENO 18W 1400lm 78lm/W okrągła 22cm 4000K neutralna IP54 z czujnikiem ruchu biała Kanlux 32948;32948/KAN;5905339329486;Kanlux;;"{""Producent"":""Kanlux"",""EAN (GTIN)"":""5905339329486"",""Kod producenta"":""32948"",""Typ produktu"":""plafoniera dekoracyjna"",""Seria"":""BENO"",""Model"":""BENO N 18W NW-O-SE GR"",""Moc [W]"":""18W"",""Napięcie [V]"":""220-240 AC"",""Temperatura barwowa [K]"":""4000K"",""Barwa światła"":""Neutralna (3500-4500K)"",""Strumień świetlny [lm]"":""1400lm"",""Stopień ochrony [IP]"":""IP54"",""Kąt świecenia"":""110°"",""Kolor"":""biały"",""Materiał"":""PP"",""Kształt"":""okrągła"",""Wysokość"":""55mm"",""Średnica"":""22cm"",""Czujnik ruchu"":""z czujnikiem ruchu""}";https://www.kanlux.com/storage/products/main/big/32948.jpg
;Plafoniera LED CCT BENO ECO 20W 1600lm 3000-6500K okrągła 20cm IP65 biała Kanlux 38383;38383/KAN;5905339383839;Kanlux;;"{""Producent"":""Kanlux"",""EAN (GTIN)"":""5905339383839"",""Kod producenta"":""38383"",""Typ produktu"":""plafoniera dekoracyjna"",""Seria"":""BENO"",""Model"":""BENO ECO 20W CCT O B"",""Moc [W]"":""20W"",""Napięcie [V]"":""220-240 AC"",""Temperatura barwowa [K]"":""6500K"",""Barwa światła"":""Zmienna CCT"",""Strumień świetlny [lm]"":""1600lm"",""Stopień ochrony [IP]"":""IP65"",""Kąt świecenia"":""110°"",""Kolor"":""biały"",""Materiał"":""PP"",""Kształt"":""okrągła"",""Wysokość"":""55mm"",""Średnica"":""20cm""}";https://www.kanlux.com/storage/products/main/big/38383.jpg
;Plafoniera LED CCT BENO ECO 20W 2000lm 3000-6500K okrągła 30cm IP65 biała Kanlux 38382;38382/KAN;5905339383822;Kanlux;;"{""Producent"":""Kanlux"",""EAN (GTIN)"":""5905339383822"",""Kod producenta"":""38382"",""Typ produktu"":""plafoniera dekoracyjna"",""Seria"":""BENO"",""Model"":""BENO ECO 20W CCT O W"",""Moc [W]"":""20W"",""Napięcie [V]"":""220-240 AC"",""Temperatura barwowa [K]"":""6500K"",""Barwa światła"":""Zmienna CCT"",""Strumień świetlny [lm]"":""2000lm"",""Stopień ochrony [IP]"":""IP65"",""Kąt świecenia"":""110°"",""Kolor"":""biały"",""Materiał"":""PP"",""Kształt"":""okrągła"",""Wysokość"":""55mm"",""Średnica"":""30cm""}";https://www.kanlux.com/storage/products/main/big/38382.jpg
;Plafoniera LED BENO 24W 1920lm 80lm/W okrągła 26cm 4000K neutralna IP54 biała Kanlux 33341;33341/KAN;5905339333414;Kanlux;;"{""Producent"":""Kanlux"",""EAN (GTIN)"":""5905339333414"",""Kod producenta"":""33341"",""Typ produktu"":""plafoniera dekoracyjna"",""Seria"":""BENO"",""Model"":""BENO 24W NW-O-GR"",""Moc [W]"":""24W"",""Napięcie [V]"":""220-240 AC"",""Temperatura barwowa [K]"":""4000K"",""Barwa światła"":""Neutralna (3500-4500K)"",""Strumień świetlny [lm]"":""1920lm"",""Stopień ochrony [IP]"":""IP54"",""Kąt świecenia"":""110°"",""Kolor"":""biały"",""Materiał"":""PP"",""Kształt"":""okrągła"",""Wysokość"":""55mm"",""Średnica"":""26cm""}";https://www.kanlux.com/storage/products/main/big/33341.jpg
;Plafoniera LED BENO 24W 1920lm okrągła 26cm 4000K neutralna IP54 z czujnikiem ruchu biała Kanlux 33345;33345/KAN;5905339333452;Kanlux;;"{""Producent"":""Kanlux"",""EAN (GTIN)"":""5905339333452"",""Kod producenta"":""33345"",""Typ produktu"":""plafoniera dekoracyjna"",""Seria"":""BENO"",""Model"":""BENO 24W NW-O-SE GR"",""Moc [W]"":""24W"",""Temperatura barwowa [K]"":""4000K"",""Barwa światła"":""Neutralna (3500-4500K)"",""Strumień świetlny [lm]"":""1920lm"",""Stopień ochrony [IP]"":""IP54"",""Kolor"":""biały"",""Kształt"":""okrągła"",""Średnica"":""26cm"",""Czujnik ruchu"":""z czujnikiem ruchu""}";
;Plafoniera LED CCT BENO 30W 2940lm 3000-4000K 260x260mm IP65 grafitowa Kanlux 38779;38779/KAN;5905339387790;Kanlux;;"{""Producent"":""Kanlux"",""EAN (GTIN)"":""5905339387790"",""Kod producenta"":""38779"",""Typ produktu"":""plafoniera dekoracyjna"",""Seria"":""BENO"",""Model"":""24-"",""Moc [W]"":""30W"",""Napięcie [V]"":""220-240 AC"",""Temperatura barwowa [K]"":""4000K"",""Barwa światła"":""Zmienna CCT"",""Strumień świetlny [lm]"":""2940lm"",""Stopień ochrony [IP]"":""IP65"",""Kąt świecenia"":""110°"",""Kolor"":""grafitowy"",""Materiał"":""PC"",""Wymiary"":""260x260mm"",""Długość"":""260mm"",""Szerokość"":""260mm"",""Wysokość"":""57mm"",""Gwarancja"":""5 lat""}";https://www.kanlux.com/storage/products/main/big/38779.jpg
;Plafoniera LED CCT BENO 30W 3490lm 3000-4000K 260x260mm IP65 biała Kanlux 38782;38782/KAN;5905339387820;Kanlux;;"{""Producent"":""Kanlux"",""EAN (GTIN)"":""5905339387820"",""Kod producenta"":""38782"",""Typ produktu"":""plafoniera dekoracyjna"",""Seria"":""BENO"",""Model"":""24-"",""Moc [W]"":""30W"",""Napięcie [V]"":""220-240 AC"",""Temperatura barwowa [K]"":""4000K"",""Barwa światła"":""Zmienna CCT"",""Strumień świetlny [lm]"":""3490lm"",""Stopień ochrony [IP]"":""IP65"",""Kąt świecenia"":""110°"",""Kolor"":""biały"",""Materiał"":""PC"",""Wymiary"":""260x260mm"",""Długość"":""260mm"",""Szerokość"":""260mm"",""Wysokość"":""57mm"",""Gwarancja"":""5 lat""}";https://www.kanlux.com/storage/products/main/big/38782.jpg
;Plafoniera LED CCT BENO 30W 2940lm 3000-4000K 260x260mm IP65 z czujnikiem ruchu grafitowa Kanlux 38780;38780/KAN;5905339387806;Kanlux;;"{""Producent"":""Kanlux"",""EAN (GTIN)"":""5905339387806"",""Kod producenta"":""38780"",""Typ produktu"":""plafoniera dekoracyjna"",""Seria"":""BENO"",""Model"":""24-"",""Moc [W]"":""30W"",""Napięcie [V]"":""220-240 AC"",""Temperatura barwowa [K]"":""4000K"",""Barwa światła"":""Zmienna CCT"",""Strumień świetlny [lm]"":""2940lm"",""Stopień ochrony [IP]"":""IP65"",""Kąt świecenia"":""110°"",""Kolor"":""grafitowy"",""Materiał"":""PC"",""Wymiary"":""260x260mm"",""Długość"":""260mm"",""Szerokość"":""260mm"",""Wysokość"":""57mm"",""Czujnik ruchu"":""z czujnikiem ruchu"",""Gwarancja"":""5 lat""}";https://www.kanlux.com/storage/products/main/big/38780.jpg
;Plafoniera LED CCT BENO 30W 3490lm 3000-4000K 260x260mm IP65 z czujnikiem ruchu biała Kanlux 38781;38781/KAN;5905339387813;Kanlux;;"{""Producent"":""Kanlux"",""EAN (GTIN)"":""5905339387813"",""Kod producenta"":""38781"",""Typ produktu"":""plafoniera dekoracyjna"",""Seria"":""BENO"",""Model"":""24-"",""Moc [W]"":""30W"",""Napięcie [V]"":""220-240 AC"",""Temperatura barwowa [K]"":""4000K"",""Barwa światła"":""Zmienna CCT"",""Strumień świetlny [lm]"":""3490lm"",""Stopień ochrony [IP]"":""IP65"",""Kąt świecenia"":""110°"",""Kolor"":""biały"",""Materiał"":""PC"",""Wymiary"":""260x260mm"",""Długość"":""260mm"",""Szerokość"":""260mm"",""Wysokość"":""57mm"",""Czujnik ruchu"":""z czujnikiem ruchu"",""Gwarancja"":""5 lat""}";https://www.kanlux.com/storage/products/main/big/38781.jpg
;Plafoniera LED CCT BENO 30W 3120lm 3000-4000K 260mm IP65 grafitowa Kanlux 38783;38783/KAN;5905339387837;Kanlux;;"{""Producent"":""Kanlux"",""EAN (GTIN)"":""5905339387837"",""Kod producenta"":""38783"",""Typ produktu"":""plafoniera dekoracyjna"",""Seria"":""BENO"",""Model"":""24-"",""Moc [W]"":""30W"",""Napięcie [V]"":""220-240 AC"",""Temperatura barwowa [K]"":""4000K"",""Barwa światła"":""Zmienna CCT"",""Strumień świetlny [lm]"":""3120lm"",""Stopień ochrony [IP]"":""IP65"",""Kąt świecenia"":""110°"",""Kolor"":""grafitowy"",""Materiał"":""PC"",""Wysokość"":""57mm"",""Średnica"":""260mm"",""Gwarancja"":""5 lat""}";https://www.kanlux.com/storage/products/main/big/38783.jpg
;Plafoniera LED CCT BENO 30W 3530lm 3000-4000K 260mm IP65 z czujnikiem ruchu biała Kanlux 38786;38786/KAN;5905339387868;Kanlux;;"{""Producent"":""Kanlux"",""EAN (GTIN)"":""5905339387868"",""Kod producenta"":""38786"",""Typ produktu"":""plafoniera dekoracyjna"",""Seria"":""BENO"",""Model"":""24-"",""Moc [W]"":""30W"",""Napięcie [V]"":""220-240 AC"",""Temperatura barwowa [K]"":""4000K"",""Barwa światła"":""Zmienna CCT"",""Strumień świetlny [lm]"":""3530lm"",""Stopień ochrony [IP]"":""IP65"",""Kąt świecenia"":""110°"",""Kolor"":""biały"",""Materiał"":""PC"",""Wysokość"":""57mm"",""Średnica"":""260mm"",""Czujnik ruchu"":""z czujnikiem ruchu"",""Gwarancja"":""5 lat""}";https://www.kanlux.com/storage/products/main/big/38786.jpg
;Plafoniera LED CCT BENO 30W 3120lm 3000-4000K 260mm IP65 z czujnikiem ruchu grafitowa Kanlux 38784;38784/KAN;5905339387844;Kanlux;;"{""Producent"":""Kanlux"",""EAN (GTIN)"":""5905339387844"",""Kod producenta"":""38784"",""Typ produktu"":""plafoniera dekoracyjna"",""Seria"":""BENO"",""Model"":""24-"",""Moc [W]"":""30W"",""Napięcie [V]"":""220-240 AC"",""Temperatura barwowa [K]"":""4000K"",""Barwa światła"":""Zmienna CCT"",""Strumień świetlny [lm]"":""3120lm"",""Stopień ochrony [IP]"":""IP65"",""Kąt świecenia"":""110°"",""Kolor"":""grafitowy"",""Materiał"":""PC"",""Wysokość"":""57mm"",""Średnica"":""260mm"",""Czujnik ruchu"":""z czujnikiem ruchu"",""Gwarancja"":""5 lat""}";https://www.kanlux.com/storage/products/main/big/38784.jpg
;Plafoniera LED CCT BENO 30W 3530lm 3000-4000K 260mm IP65 z czujnikiem ruchu biała Kanlux 38785;38785/KAN;5905339387851;Kanlux;;"{""Producent"":""Kanlux"",""EAN (GTIN)"":""5905339387851"",""Kod producenta"":""38785"",""Typ produktu"":""plafoniera dekoracyjna"",""Seria"":""BENO"",""Model"":""24-"",""Moc [W]"":""30W"",""Napięcie [V]"":""220-240 AC"",""Temperatura barwowa [K]"":""4000K"",""Barwa światła"":""Zmienna CCT"",""Strumień świetlny [lm]"":""3530lm"",""Stopień ochrony [IP]"":""IP65"",""Kąt świecenia"":""110°"",""Kolor"":""biały"",""Materiał"":""PC"",""Wysokość"":""57mm"",""Średnica"":""260mm"",""Czujnik ruchu"":""z czujnikiem ruchu"",""Gwarancja"":""5 lat""}";https://www.kanlux.com/storage/products/main/big/38785.jpg
;Plafoniera LED CCT BENO ECO 30W 2400lm 3000-6500K okrągła 30cm IP65 biała Kanlux 38385;38385/KAN;5905339383853;Kanlux;;"{""Producent"":""Kanlux"",""EAN (GTIN)"":""5905339383853"",""Kod producenta"":""38385"",""Typ produktu"":""plafoniera dekoracyjna"",""Seria"":""BENO"",""Model"":""BENO ECO 30W CCT O B"",""Moc [W]"":""30W"",""Napięcie [V]"":""220-240 AC"",""Temperatura barwowa [K]"":""6500K"",""Barwa światła"":""Zmienna CCT"",""Strumień świetlny [lm]"":""2400lm"",""Stopień ochrony [IP]"":""IP65"",""Kąt świecenia"":""110°"",""Kolor"":""biały"",""Materiał"":""PP"",""Kształt"":""okrągła"",""Wysokość"":""55mm"",""Średnica"":""30cm""}";https://www.kanlux.com/storage/products/main/big/38385.jpg
;Plafoniera LED CCT BENO ECO 30W 3150lm 3000-6500K okrągła 40cm IP65 biała Kanlux 38384;38384/KAN;5905339383846;Kanlux;;"{""Producent"":""Kanlux"",""EAN (GTIN)"":""5905339383846"",""Kod producenta"":""38384"",""Typ produktu"":""plafoniera dekoracyjna"",""Seria"":""BENO"",""Model"":""BENO ECO 30W CCT O W"",""Moc [W]"":""30W"",""Napięcie [V]"":""220-240 AC"",""Temperatura barwowa [K]"":""6500K"",""Barwa światła"":""Zmienna CCT"",""Strumień świetlny [lm]"":""3150lm"",""Stopień ochrony [IP]"":""IP65"",""Kąt świecenia"":""110°"",""Kolor"":""biały"",""Materiał"":""PP"",""Kształt"":""okrągła"",""Wysokość"":""55mm"",""Średnica"":""40cm""}";https://www.kanlux.com/storage/products/main/big/38384.jpg
;Plafoniera LED CCT BENO ECO 40W 4050lm 3000-6500K okrągła 40cm IP65 biała Kanlux 38387;38387/KAN;5905339383877;Kanlux;;"{""Producent"":""Kanlux"",""EAN (GTIN)"":""5905339383877"",""Kod producenta"":""38387"",""Typ produktu"":""plafoniera dekoracyjna"",""Seria"":""BENO"",""Model"":""BENO ECO 40W CCT O B"",""Moc [W]"":""40W"",""Napięcie [V]"":""220-240 AC"",""Temperatura barwowa [K]"":""6500K"",""Barwa światła"":""Zmienna CCT"",""Strumień świetlny [lm]"":""4050lm"",""Stopień ochrony [IP]"":""IP65"",""Kąt świecenia"":""110°"",""Kolor"":""biały"",""Materiał"":""PP"",""Kształt"":""okrągła"",""Wysokość"":""55mm"",""Średnica"":""40cm""}";https://www.kanlux.com/storage/products/main/big/38387.jpg
;Plafoniera LED CCT BENO ECO 40W 4600lm 3000-6500K okrągła 40cm IP65 biała Kanlux 38386;38386/KAN;5905339383860;Kanlux;;"{""Producent"":""Kanlux"",""EAN (GTIN)"":""5905339383860"",""Kod producenta"":""38386"",""Typ produktu"":""plafoniera dekoracyjna"",""Seria"":""BENO"",""Model"":""BENO ECO 40W CCT O W"",""Moc [W]"":""40W"",""Napięcie [V]"":""220-240 AC"",""Temperatura barwowa [K]"":""6500K"",""Barwa światła"":""Zmienna CCT"",""Strumień świetlny [lm]"":""4600lm"",""Stopień ochrony [IP]"":""IP65"",""Kąt świecenia"":""110°"",""Kolor"":""biały"",""Materiał"":""PP"",""Kształt"":""okrągła"",""Wysokość"":""55mm"",""Średnica"":""40cm""}";https://www.kanlux.com/storage/products/main/big/38386.jpg
;Plafoniera drewniana JASMIN 1xE27 okrągła 27cm czarna Kanlux 29207;29207/KAN;5905339292070;Kanlux;;"{""Producent"":""Kanlux"",""EAN (GTIN)"":""5905339292070"",""Kod producenta"":""29207"",""Typ produktu"":""plafoniera drewniana dekoracyjna"",""Seria"":""JASMIN"",""Model"":""270-B"",""Moc [W]"":""max 20"",""Napięcie [V]"":""220-240 AC"",""Stopień ochrony [IP]"":""IP20"",""Kolor"":""czarny"",""Trzonek"":""1xE27"",""Materiał"":""drewniana"",""Kształt"":""okrągła"",""Wysokość"":""77mm"",""Średnica"":""27cm""}";https://www.kanlux.com/storage/products/main/big/29207.jpg
;Plafoniera drewniana JASMIN 1xE27 okrągła 27cm drewno Kanlux 36440;36440/KAN;5905339364401;Kanlux;;"{""Producent"":""Kanlux"",""EAN (GTIN)"":""5905339364401"",""Kod producenta"":""36440"",""Typ produktu"":""plafoniera drewniana dekoracyjna"",""Seria"":""JASMIN"",""Model"":""270-G"",""Moc [W]"":""max 20"",""Napięcie [V]"":""220-240 AC"",""Stopień ochrony [IP]"":""IP20"",""Kolor"":""drewno"",""Trzonek"":""1xE27"",""Materiał"":""drewniana"",""Kształt"":""okrągła"",""Wysokość"":""77mm"",""Średnica"":""27cm""}";https://www.kanlux.com/storage/products/main/big/36440.jpg
;Plafoniera drewniana JASMIN 1xE27 okrągła 27cm drewno Kanlux 23123;23123/KAN;5905339231239;Kanlux;;"{""Producent"":""Kanlux"",""EAN (GTIN)"":""5905339231239"",""Kod producenta"":""23123"",""Typ produktu"":""plafoniera drewniana dekoracyjna"",""Seria"":""JASMIN"",""Model"":""270-W"",""Moc [W]"":""max 20"",""Napięcie [V]"":""220-240 AC"",""Stopień ochrony [IP]"":""IP20"",""Kolor"":""drewno"",""Trzonek"":""1xE27"",""Materiał"":""drewniana"",""Kształt"":""okrągła"",""Wysokość"":""77mm"",""Średnica"":""27cm""}";https://www.kanlux.com/storage/products/main/big/23123.jpg
;Plafoniera drewniana JASMIN 1xE27 okrągła 27cm biała Kanlux 23126;23126/KAN;5905339231260;Kanlux;;"{""Producent"":""Kanlux"",""EAN (GTIN)"":""5905339231260"",""Kod producenta"":""23126"",""Typ produktu"":""plafoniera drewniana dekoracyjna"",""Seria"":""JASMIN"",""Model"":""270-W"",""Moc [W]"":""max 20"",""Napięcie [V]"":""220-240 AC"",""Stopień ochrony [IP]"":""IP20"",""Kolor"":""biały"",""Trzonek"":""1xE27"",""Materiał"":""drewniana"",""Kształt"":""okrągła"",""Wysokość"":""77mm"",""Średnica"":""27cm""}";https://www.kanlux.com/storage/products/main/big/23126.jpg
;Plafoniera drewniana JASMIN 1xE27 okrągła 27cm drewno Kanlux 23120;23120/KAN;5905339231208;Kanlux;;"{""Producent"":""Kanlux"",""EAN (GTIN)"":""5905339231208"",""Kod producenta"":""23120"",""Typ produktu"":""plafoniera drewniana dekoracyjna"",""Seria"":""JASMIN"",""Model"":""270-WE"",""Moc [W]"":""max 20"",""Napięcie [V]"":""220-240 AC"",""Stopień ochrony [IP]"":""IP20"",""Kolor"":""drewno"",""Trzonek"":""1xE27"",""Materiał"":""drewniana"",""Kształt"":""okrągła"",""Wysokość"":""77mm"",""Średnica"":""27cm""}";https://www.kanlux.com/storage/products/main/big/23120.jpg
;Plafoniera drewniana JASMIN 2xE27 okrągła 37cm czarna Kanlux 29208;29208/KAN;5905339292087;Kanlux;;"{""Producent"":""Kanlux"",""EAN (GTIN)"":""5905339292087"",""Kod producenta"":""29208"",""Typ produktu"":""plafoniera drewniana dekoracyjna"",""Seria"":""JASMIN"",""Model"":""370-B"",""Moc [W]"":""2 x max 20"",""Napięcie [V]"":""220-240 AC"",""Stopień ochrony [IP]"":""IP20"",""Kolor"":""czarny"",""Trzonek"":""2xE27"",""Materiał"":""drewniana"",""Kształt"":""okrągła"",""Wysokość"":""77mm"",""Średnica"":""37cm""}";https://www.kanlux.com/storage/products/main/big/29208.jpg
;Plafoniera drewniana JASMIN 2xE27 okrągła 37cm drewno Kanlux 36441;36441/KAN;5905339364418;Kanlux;;"{""Producent"":""Kanlux"",""EAN (GTIN)"":""5905339364418"",""Kod producenta"":""36441"",""Typ produktu"":""plafoniera drewniana dekoracyjna"",""Seria"":""JASMIN"",""Model"":""370-G"",""Moc [W]"":""2 x max 20"",""Napięcie [V]"":""220-240 AC"",""Stopień ochrony [IP]"":""IP20"",""Kolor"":""drewno"",""Trzonek"":""2xE27"",""Materiał"":""drewniana"",""Kształt"":""okrągła"",""Wysokość"":""77mm"",""Średnica"":""37cm""}";https://www.kanlux.com/storage/products/main/big/36441.jpg
;Plafoniera drewniana JASMIN 2xE27 okrągła 37cm drewno Kanlux 23124;23124/KAN;5905339231246;Kanlux;;"{""Producent"":""Kanlux"",""EAN (GTIN)"":""5905339231246"",""Kod producenta"":""23124"",""Typ produktu"":""plafoniera drewniana dekoracyjna"",""Seria"":""JASMIN"",""Model"":""370-W"",""Moc [W]"":""2 x max 20"",""Napięcie [V]"":""220-240 AC"",""Stopień ochrony [IP]"":""IP20"",""Kolor"":""drewno"",""Trzonek"":""2xE27"",""Materiał"":""drewniana"",""Kształt"":""okrągła"",""Wysokość"":""77mm"",""Średnica"":""37cm""}";https://www.kanlux.com/storage/products/main/big/23124.jpg
;Plafoniera drewniana JASMIN 2xE27 okrągła 37cm biała Kanlux 23127;23127/KAN;5905339231277;Kanlux;;"{""Producent"":""Kanlux"",""EAN (GTIN)"":""5905339231277"",""Kod producenta"":""23127"",""Typ produktu"":""plafoniera drewniana dekoracyjna"",""Seria"":""JASMIN"",""Model"":""370-W"",""Moc [W]"":""2 x max 20"",""Napięcie [V]"":""220-240 AC"",""Stopień ochrony [IP]"":""IP20"",""Kolor"":""biały"",""Trzonek"":""2xE27"",""Materiał"":""drewniana"",""Kształt"":""okrągła"",""Wysokość"":""77mm"",""Średnica"":""37cm""}";https://www.kanlux.com/storage/products/main/big/23127.jpg
;Plafoniera drewniana JASMIN 2xE27 okrągła 37cm drewno Kanlux 23121;23121/KAN;5905339231215;Kanlux;;"{""Producent"":""Kanlux"",""EAN (GTIN)"":""5905339231215"",""Kod producenta"":""23121"",""Typ produktu"":""plafoniera drewniana dekoracyjna"",""Seria"":""JASMIN"",""Model"":""370-WE"",""Moc [W]"":""2 x max 20"",""Napięcie [V]"":""220-240 AC"",""Stopień ochrony [IP]"":""IP20"",""Kolor"":""drewno"",""Trzonek"":""2xE27"",""Materiał"":""drewniana"",""Kształt"":""okrągła"",""Wysokość"":""77mm"",""Średnica"":""37cm""}";https://www.kanlux.com/storage/products/main/big/23121.jpg
;Plafoniera drewniana JASMIN 3xE27 okrągła 47cm czarna Kanlux 29205;29205/KAN;5905339292056;Kanlux;;"{""Producent"":""Kanlux"",""EAN (GTIN)"":""5905339292056"",""Kod producenta"":""29205"",""Typ produktu"":""plafoniera drewniana dekoracyjna"",""Seria"":""JASMIN"",""Model"":""470-B"",""Moc [W]"":""3 x max 20"",""Napięcie [V]"":""220-240 AC"",""Stopień ochrony [IP]"":""IP20"",""Kolor"":""czarny"",""Trzonek"":""3xE27"",""Materiał"":""drewniana"",""Kształt"":""okrągła"",""Wysokość"":""77mm"",""Średnica"":""47cm""}";https://www.kanlux.com/storage/products/main/big/29205.jpg
;Plafoniera drewniana JASMIN 3xE27 okrągła 47cm drewno Kanlux 36442;36442/KAN;5905339364425;Kanlux;;"{""Producent"":""Kanlux"",""EAN (GTIN)"":""5905339364425"",""Kod producenta"":""36442"",""Typ produktu"":""plafoniera drewniana dekoracyjna"",""Seria"":""JASMIN"",""Model"":""470-G"",""Moc [W]"":""3 x max 20"",""Napięcie [V]"":""220-240 AC"",""Stopień ochrony [IP]"":""IP20"",""Kolor"":""drewno"",""Trzonek"":""3xE27"",""Materiał"":""drewniana"",""Kształt"":""okrągła"",""Wysokość"":""77mm"",""Średnica"":""47cm""}";https://www.kanlux.com/storage/products/main/big/36442.jpg
;Plafoniera drewniana JASMIN 3xE27 okrągła 47cm drewno Kanlux 23125;23125/KAN;5905339231253;Kanlux;;"{""Producent"":""Kanlux"",""EAN (GTIN)"":""5905339231253"",""Kod producenta"":""23125"",""Typ produktu"":""plafoniera drewniana dekoracyjna"",""Seria"":""JASMIN"",""Model"":""470-W"",""Moc [W]"":""3 x max 20"",""Napięcie [V]"":""220-240 AC"",""Stopień ochrony [IP]"":""IP20"",""Kolor"":""drewno"",""Trzonek"":""3xE27"",""Materiał"":""drewniana"",""Kształt"":""okrągła"",""Wysokość"":""77mm"",""Średnica"":""47cm""}";https://www.kanlux.com/storage/products/main/big/23125.jpg
;Plafoniera drewniana JASMIN 3xE27 okrągła 47cm biała Kanlux 23128;23128/KAN;5905339231284;Kanlux;;"{""Producent"":""Kanlux"",""EAN (GTIN)"":""5905339231284"",""Kod producenta"":""23128"",""Typ produktu"":""plafoniera drewniana dekoracyjna"",""Seria"":""JASMIN"",""Model"":""470-W"",""Moc [W]"":""3 x max 20"",""Napięcie [V]"":""220-240 AC"",""Stopień ochrony [IP]"":""IP20"",""Kolor"":""biały"",""Trzonek"":""3xE27"",""Materiał"":""drewniana"",""Kształt"":""okrągła"",""Wysokość"":""77mm"",""Średnica"":""47cm""}";https://www.kanlux.com/storage/products/main/big/23128.jpg
;Plafoniera drewniana JASMIN 3xE27 okrągła 47cm drewno Kanlux 23122;23122/KAN;5905339231222;Kanlux;;"{""Producent"":""Kanlux"",""EAN (GTIN)"":""5905339231222"",""Kod producenta"":""23122"",""Typ produktu"":""plafoniera drewniana dekoracyjna"",""Seria"":""JASMIN"",""Model"":""470-WE"",""Moc [W]"":""3 x max 20"",""Napięcie [V]"":""220-240 AC"",""Stopień ochrony [IP]"":""IP20"",""Kolor"":""drewno"",""Trzonek"":""3xE27"",""Materiał"":""drewniana"",""Kształt"":""okrągła"",""Wysokość"":""77mm"",""Średnica"":""47cm""}";https://www.kanlux.com/storage/products/main/big/23122.jpg
;Plafoniera drewniana JASMIN 1xE27 407x116mm czarna Kanlux 29209;29209/KAN;5905339292094;Kanlux;;"{""Producent"":""Kanlux"",""EAN (GTIN)"":""5905339292094"",""Kod producenta"":""29209"",""Typ produktu"":""plafoniera drewniana dekoracyjna"",""Seria"":""JASMIN"",""Model"":""JASMIN B-W"",""Moc [W]"":""max 20"",""Napięcie [V]"":""220-240 AC"",""Stopień ochrony [IP]"":""IP20"",""Kolor"":""czarny"",""Trzonek"":""1xE27"",""Materiał"":""drewniana"",""Wymiary"":""407x116mm"",""Długość"":""407mm"",""Szerokość"":""116mm"",""Wysokość"":""76mm""}";https://www.kanlux.com/storage/products/main/big/29209.jpg
;Plafoniera drewniana JASMIN 1xE27 okrągła 37cm czarna Kanlux 36506;36506/KAN;5905339365064;Kanlux;;"{""Producent"":""Kanlux"",""EAN (GTIN)"":""5905339365064"",""Kod producenta"":""36506"",""Typ produktu"":""plafoniera drewniana dekoracyjna"",""Seria"":""JASMIN"",""Model"":""370-B"",""Moc [W]"":""2 x max 20"",""Napięcie [V]"":""220-240 AC"",""Stopień ochrony [IP]"":""IP20"",""Kolor"":""czarny"",""Trzonek"":""1xE27"",""Materiał"":""drewniana"",""Kształt"":""okrągła"",""Długość"":""1"",""Średnica"":""37cm""}";https://www.kanlux.com/storage/products/main/big/36506.jpg
;Plafoniera drewniana JASMIN 2xE27 okrągła 37cm drewno Kanlux 36500;36500/KAN;5905339365002;Kanlux;;"{""Producent"":""Kanlux"",""EAN (GTIN)"":""5905339365002"",""Kod producenta"":""36500"",""Typ produktu"":""plafoniera drewniana dekoracyjna"",""Seria"":""JASMIN"",""Model"":""370-G"",""Moc [W]"":""2 x max 20"",""Napięcie [V]"":""220-240 AC"",""Stopień ochrony [IP]"":""IP20"",""Kolor"":""drewno"",""Trzonek"":""2xE27"",""Materiał"":""drewniana"",""Kształt"":""okrągła"",""Długość"":""1"",""Średnica"":""37cm""}";https://www.kanlux.com/storage/products/main/big/36500.jpg
;Plafoniera drewniana JASMIN 2xE27 okrągła 37cm biała Kanlux 36503;36503/KAN;5905339365033;Kanlux;;"{""Producent"":""Kanlux"",""EAN (GTIN)"":""5905339365033"",""Kod producenta"":""36503"",""Typ produktu"":""plafoniera drewniana dekoracyjna"",""Seria"":""JASMIN"",""Model"":""370-W"",""Moc [W]"":""2 x max 20"",""Napięcie [V]"":""220-240 AC"",""Stopień ochrony [IP]"":""IP20"",""Kolor"":""biały"",""Trzonek"":""2xE27"",""Materiał"":""drewniana"",""Kształt"":""okrągła"",""Długość"":""1"",""Średnica"":""37cm""}";https://www.kanlux.com/storage/products/main/big/36503.jpg
;Plafoniera drewniana JASMIN 3xE27 okrągła 47cm czarna Kanlux 36507;36507/KAN;5905339365071;Kanlux;;"{""Producent"":""Kanlux"",""EAN (GTIN)"":""5905339365071"",""Kod producenta"":""36507"",""Typ produktu"":""plafoniera drewniana dekoracyjna"",""Seria"":""JASMIN"",""Model"":""470-B"",""Moc [W]"":""3 x max 20"",""Napięcie [V]"":""220-240 AC"",""Stopień ochrony [IP]"":""IP20"",""Kolor"":""czarny"",""Trzonek"":""3xE27"",""Materiał"":""drewniana"",""Kształt"":""okrągła"",""Długość"":""1"",""Średnica"":""47cm""}";https://www.kanlux.com/storage/products/main/big/36507.jpg
;Plafoniera drewniana JASMIN 3xE27 okrągła 47cm drewno Kanlux 36501;36501/KAN;5905339365019;Kanlux;;"{""Producent"":""Kanlux"",""EAN (GTIN)"":""5905339365019"",""Kod producenta"":""36501"",""Typ produktu"":""plafoniera drewniana dekoracyjna"",""Seria"":""JASMIN"",""Model"":""470-G"",""Moc [W]"":""3 x max 20"",""Napięcie [V]"":""220-240 AC"",""Stopień ochrony [IP]"":""IP20"",""Kolor"":""drewno"",""Trzonek"":""3xE27"",""Materiał"":""drewniana"",""Kształt"":""okrągła"",""Długość"":""1"",""Średnica"":""47cm""}";https://www.kanlux.com/storage/products/main/big/36501.jpg
;Plafoniera drewniana JASMIN 3xE27 okrągła 47cm biała Kanlux 36504;36504/KAN;5905339365040;Kanlux;;"{""Producent"":""Kanlux"",""EAN (GTIN)"":""5905339365040"",""Kod producenta"":""36504"",""Typ produktu"":""plafoniera drewniana dekoracyjna"",""Seria"":""JASMIN"",""Model"":""470-W"",""Moc [W]"":""3 x max 20"",""Napięcie [V]"":""220-240 AC"",""Stopień ochrony [IP]"":""IP20"",""Kolor"":""biały"",""Trzonek"":""3xE27"",""Materiał"":""drewniana"",""Kształt"":""okrągła"",""Długość"":""1"",""Średnica"":""47cm""}";https://www.kanlux.com/storage/products/main/big/36504.jpg
;Plafoniera LED AZPO 22W 2350lm 107lm/W kwadratowa 420x420mm 4000K neutralna IP54 czarna Kanlux 31511;31511/KAN;8595665315115;Kanlux;;"{""Producent"":""Kanlux"",""EAN (GTIN)"":""8595665315115"",""Kod producenta"":""31511"",""Typ produktu"":""plafoniera LED dekoracyjna"",""Seria"":""AZPO"",""Model"":""AZPO LED 22W-NW-L-B"",""Moc [W]"":""22W"",""Napięcie [V]"":""220-240 AC"",""Temperatura barwowa [K]"":""4000K"",""Barwa światła"":""Neutralna (3500-4500K)"",""Strumień świetlny [lm]"":""2350lm"",""Stopień ochrony [IP]"":""IP54"",""Kąt świecenia"":""120°"",""Kolor"":""czarny"",""Materiał"":""tworzywo sztuczne"",""Kształt"":""kwadratowa"",""Wymiary"":""420x420mm"",""Długość"":""420mm"",""Szerokość"":""420mm"",""Wysokość"":""29mm""}";https://www.kanlux.com/storage/products/main/big/31511.jpg
;Plafoniera LED AZPO 22W 2000lm 91lm/W okrągła 42cm 4000K neutralna IP54 czarna Kanlux 31505;31505/KAN;8595665315054;Kanlux;;"{""Producent"":""Kanlux"",""EAN (GTIN)"":""8595665315054"",""Kod producenta"":""31505"",""Typ produktu"":""plafoniera LED dekoracyjna"",""Seria"":""AZPO"",""Model"":""AZPO LED 22W-NW-O-B"",""Moc [W]"":""22W"",""Napięcie [V]"":""220-240 AC"",""Temperatura barwowa [K]"":""4000K"",""Barwa światła"":""Neutralna (3500-4500K)"",""Strumień świetlny [lm]"":""2000lm"",""Stopień ochrony [IP]"":""IP54"",""Kąt świecenia"":""120°"",""Kolor"":""czarny"",""Materiał"":""tworzywo sztuczne"",""Kształt"":""okrągła"",""Wysokość"":""29mm"",""Średnica"":""42cm""}";https://www.kanlux.com/storage/products/main/big/31505.jpg
;Plafoniera LED CCT AZPO 11.8W 1300lm 110lm/W 3000-6000K okrągła 225mm IP54 biała Kanlux 31513;31513/KAN;8595665315139;Kanlux;;"{""Producent"":""Kanlux"",""EAN (GTIN)"":""8595665315139"",""Kod producenta"":""31513"",""Typ produktu"":""plafoniera LED dekoracyjna"",""Seria"":""AZPO"",""Model"":""8WCCT-O-B"",""Moc [W]"":""11.8W"",""Napięcie [V]"":""220-240 AC"",""Temperatura barwowa [K]"":""6000K"",""Barwa światła"":""Zimna (≥5000K)"",""Strumień świetlny [lm]"":""1300lm"",""Stopień ochrony [IP]"":""IP54"",""Kąt świecenia"":""120°"",""Kolor"":""biały"",""Materiał"":""tworzywo sztuczne"",""Kształt"":""okrągła"",""Wysokość"":""28mm"",""Średnica"":""225mm""}";https://www.kanlux.com/storage/products/main/big/31513.jpg
;Plafoniera LED CCT AZPO 11.8W 1300lm 110lm/W 3000-6000K okrągła 225mm IP54 biała Kanlux 31512;31512/KAN;8595665315122;Kanlux;;"{""Producent"":""Kanlux"",""EAN (GTIN)"":""8595665315122"",""Kod producenta"":""31512"",""Typ produktu"":""plafoniera LED dekoracyjna"",""Seria"":""AZPO"",""Model"":""8WCCT-O-W"",""Moc [W]"":""11.8W"",""Napięcie [V]"":""220-240 AC"",""Temperatura barwowa [K]"":""6000K"",""Barwa światła"":""Zimna (≥5000K)"",""Strumień świetlny [lm]"":""1300lm"",""Stopień ochrony [IP]"":""IP54"",""Kąt świecenia"":""120°"",""Kolor"":""biały"",""Materiał"":""tworzywo sztuczne"",""Kształt"":""okrągła"",""Wysokość"":""28mm"",""Średnica"":""225mm""}";https://www.kanlux.com/storage/products/main/big/31512.jpg
;Plafoniera LED CCT AZPO 12.3W 1150lm 93lm/W 3000-6000K kwadratowa 225x225mm IP54 biała Kanlux 31531;31531/KAN;8595665315313;Kanlux;;"{""Producent"":""Kanlux"",""EAN (GTIN)"":""8595665315313"",""Kod producenta"":""31531"",""Typ produktu"":""plafoniera LED dekoracyjna"",""Seria"":""AZPO"",""Model"":""3WCCT-L-B"",""Moc [W]"":""12.3W"",""Napięcie [V]"":""220-240 AC"",""Temperatura barwowa [K]"":""6000K"",""Barwa światła"":""Zimna (≥5000K)"",""Strumień świetlny [lm]"":""1150lm"",""Stopień ochrony [IP]"":""IP54"",""Kąt świecenia"":""120°"",""Kolor"":""biały"",""Materiał"":""tworzywo sztuczne"",""Kształt"":""kwadratowa"",""Wymiary"":""225x225mm"",""Długość"":""225mm"",""Szerokość"":""225mm"",""Wysokość"":""28mm""}";https://www.kanlux.com/storage/products/main/big/31531.jpg
;Plafoniera LED CCT AZPO 12.3W 1150lm 93lm/W 3000-6000K kwadratowa 225x225mm IP54 biała Kanlux 31530;31530/KAN;8595665315306;Kanlux;;"{""Producent"":""Kanlux"",""EAN (GTIN)"":""8595665315306"",""Kod producenta"":""31530"",""Typ produktu"":""plafoniera LED dekoracyjna"",""Seria"":""AZPO"",""Model"":""3WCCT-L-W"",""Moc [W]"":""12.3W"",""Napięcie [V]"":""220-240 AC"",""Temperatura barwowa [K]"":""6000K"",""Barwa światła"":""Zimna (≥5000K)"",""Strumień świetlny [lm]"":""1150lm"",""Stopień ochrony [IP]"":""IP54"",""Kąt świecenia"":""120°"",""Kolor"":""biały"",""Materiał"":""tworzywo sztuczne"",""Kształt"":""kwadratowa"",""Wymiary"":""225x225mm"",""Długość"":""225mm"",""Szerokość"":""225mm"",""Wysokość"":""28mm""}";https://www.kanlux.com/storage/products/main/big/31530.jpg
;Plafoniera LED CCT AZPO 17.5W 1800lm 103lm/W 3000-6000K kwadratowa 300x300mm IP54 biała Kanlux 31533;31533/KAN;8595665315337;Kanlux;;"{""Producent"":""Kanlux"",""EAN (GTIN)"":""8595665315337"",""Kod producenta"":""31533"",""Typ produktu"":""plafoniera LED dekoracyjna"",""Seria"":""AZPO"",""Model"":""5WCCT-L-B"",""Moc [W]"":""17.5W"",""Napięcie [V]"":""220-240 AC"",""Temperatura barwowa [K]"":""6000K"",""Barwa światła"":""Zimna (≥5000K)"",""Strumień świetlny [lm]"":""1800lm"",""Stopień ochrony [IP]"":""IP54"",""Kąt świecenia"":""120°"",""Kolor"":""biały"",""Materiał"":""tworzywo sztuczne"",""Kształt"":""kwadratowa"",""Wymiary"":""300x300mm"",""Długość"":""300mm"",""Szerokość"":""300mm"",""Wysokość"":""29mm""}";https://www.kanlux.com/storage/products/main/big/31533.jpg
;Plafoniera LED CCT AZPO 17.5W 1800lm 103lm/W 3000-6000K kwadratowa 300x300mm IP54 biała Kanlux 31532;31532/KAN;8595665315320;Kanlux;;"{""Producent"":""Kanlux"",""EAN (GTIN)"":""8595665315320"",""Kod producenta"":""31532"",""Typ produktu"":""plafoniera LED dekoracyjna"",""Seria"":""AZPO"",""Model"":""5WCCT-L-W"",""Moc [W]"":""17.5W"",""Napięcie [V]"":""220-240 AC"",""Temperatura barwowa [K]"":""6000K"",""Barwa światła"":""Zimna (≥5000K)"",""Strumień świetlny [lm]"":""1800lm"",""Stopień ochrony [IP]"":""IP54"",""Kąt świecenia"":""120°"",""Kolor"":""biały"",""Materiał"":""tworzywo sztuczne"",""Kształt"":""kwadratowa"",""Wymiary"":""300x300mm"",""Długość"":""300mm"",""Szerokość"":""300mm"",""Wysokość"":""29mm""}";https://www.kanlux.com/storage/products/main/big/31532.jpg
;Plafoniera LED CCT AZPO 18.5W 1700lm 92lm/W 3000-6000K okrągła 290mm IP54 biała Kanlux 31515;31515/KAN;8595665315153;Kanlux;;"{""Producent"":""Kanlux"",""EAN (GTIN)"":""8595665315153"",""Kod producenta"":""31515"",""Typ produktu"":""plafoniera LED dekoracyjna"",""Seria"":""AZPO"",""Model"":""5WCCT-O-B"",""Moc [W]"":""18.5W"",""Napięcie [V]"":""220-240 AC"",""Temperatura barwowa [K]"":""6000K"",""Barwa światła"":""Zimna (≥5000K)"",""Strumień świetlny [lm]"":""1700lm"",""Stopień ochrony [IP]"":""IP54"",""Kąt świecenia"":""120°"",""Kolor"":""biały"",""Materiał"":""tworzywo sztuczne"",""Kształt"":""okrągła"",""Wysokość"":""29mm"",""Średnica"":""290mm""}";https://www.kanlux.com/storage/products/main/big/31515.jpg
;Plafoniera LED CCT AZPO 18.5W 1800lm 97lm/W 3000-6000K okrągła 29cm IP54 biała Kanlux 31514;31514/KAN;8595665315146;Kanlux;;"{""Producent"":""Kanlux"",""EAN (GTIN)"":""8595665315146"",""Kod producenta"":""31514"",""Typ produktu"":""plafoniera LED dekoracyjna"",""Seria"":""AZPO"",""Model"":""5WCCT-O-W"",""Moc [W]"":""18.5W"",""Napięcie [V]"":""220-240 AC"",""Temperatura barwowa [K]"":""6000K"",""Barwa światła"":""Zimna (≥5000K)"",""Strumień świetlny [lm]"":""1800lm"",""Stopień ochrony [IP]"":""IP54"",""Kąt świecenia"":""120°"",""Kolor"":""biały"",""Materiał"":""tworzywo sztuczne"",""Kształt"":""okrągła"",""Wysokość"":""29mm"",""Średnica"":""29cm""}";https://www.kanlux.com/storage/products/main/big/31514.jpg
;Plafoniera LED CCT AZPO 22W 2550lm 116lm/W 3000-6000K kwadratowa 420x420mm IP54 biała Kanlux 31535;31535/KAN;8595665315351;Kanlux;;"{""Producent"":""Kanlux"",""EAN (GTIN)"":""8595665315351"",""Kod producenta"":""31535"",""Typ produktu"":""plafoniera LED dekoracyjna"",""Seria"":""AZPO"",""Model"":""AZPO LED 22WCCT-L-B"",""Moc [W]"":""22W"",""Napięcie [V]"":""220-240 AC"",""Temperatura barwowa [K]"":""6000K"",""Barwa światła"":""Zimna (≥5000K)"",""Strumień świetlny [lm]"":""2550lm"",""Stopień ochrony [IP]"":""IP54"",""Kąt świecenia"":""120°"",""Kolor"":""biały"",""Materiał"":""tworzywo sztuczne"",""Kształt"":""kwadratowa"",""Wymiary"":""420x420mm"",""Długość"":""420mm"",""Szerokość"":""420mm"",""Wysokość"":""29mm""}";https://www.kanlux.com/storage/products/main/big/31535.jpg
;Plafoniera LED CCT AZPO 22W 2600lm 118lm/W 3000-6000K kwadratowa 420x420mm IP54 biała Kanlux 31534;31534/KAN;8595665315344;Kanlux;;"{""Producent"":""Kanlux"",""EAN (GTIN)"":""8595665315344"",""Kod producenta"":""31534"",""Typ produktu"":""plafoniera LED dekoracyjna"",""Seria"":""AZPO"",""Model"":""AZPO LED 22WCCT-L-W"",""Moc [W]"":""22W"",""Napięcie [V]"":""220-240 AC"",""Temperatura barwowa [K]"":""6000K"",""Barwa światła"":""Zimna (≥5000K)"",""Strumień świetlny [lm]"":""2600lm"",""Stopień ochrony [IP]"":""IP54"",""Kąt świecenia"":""120°"",""Kolor"":""biały"",""Materiał"":""tworzywo sztuczne"",""Kształt"":""kwadratowa"",""Wymiary"":""420x420mm"",""Długość"":""420mm"",""Szerokość"":""420mm"",""Wysokość"":""29mm""}";https://www.kanlux.com/storage/products/main/big/31534.jpg
;Plafoniera LED CCT AZPO 22W 2700lm 123lm/W 3000-6000K okrągła 420mm IP54 biała Kanlux 31517;31517/KAN;8595665315177;Kanlux;;"{""Producent"":""Kanlux"",""EAN (GTIN)"":""8595665315177"",""Kod producenta"":""31517"",""Typ produktu"":""plafoniera LED dekoracyjna"",""Seria"":""AZPO"",""Model"":""AZPO LED 22WCCT-O-B"",""Moc [W]"":""22W"",""Napięcie [V]"":""220-240 AC"",""Temperatura barwowa [K]"":""6000K"",""Barwa światła"":""Zimna (≥5000K)"",""Strumień świetlny [lm]"":""2700lm"",""Stopień ochrony [IP]"":""IP54"",""Kąt świecenia"":""120°"",""Kolor"":""biały"",""Materiał"":""tworzywo sztuczne"",""Kształt"":""okrągła"",""Wysokość"":""29mm"",""Średnica"":""420mm""}";https://www.kanlux.com/storage/products/main/big/31517.jpg
;Plafoniera LED CCT AZPO 22W 2700lm 123lm/W 3000-6000K okrągła 42cm IP54 biała Kanlux 31516;31516/KAN;8595665315160;Kanlux;;"{""Producent"":""Kanlux"",""EAN (GTIN)"":""8595665315160"",""Kod producenta"":""31516"",""Typ produktu"":""plafoniera LED dekoracyjna"",""Seria"":""AZPO"",""Model"":""AZPO LED 22WCCT-O-W"",""Moc [W]"":""22W"",""Napięcie [V]"":""220-240 AC"",""Temperatura barwowa [K]"":""6000K"",""Barwa światła"":""Zimna (≥5000K)"",""Strumień świetlny [lm]"":""2700lm"",""Stopień ochrony [IP]"":""IP54"",""Kąt świecenia"":""120°"",""Kolor"":""biały"",""Materiał"":""tworzywo sztuczne"",""Kształt"":""okrągła"",""Wysokość"":""29mm"",""Średnica"":""42cm""}";https://www.kanlux.com/storage/products/main/big/31516.jpg
;Plafoniera LED NIFU 17.8W 1320lm 81lm/W okrągła 43cm 4000K neutralna IP20 biała Kanlux 37318;37318/KAN;5905339373182;Kanlux;;"{""Producent"":""Kanlux"",""EAN (GTIN)"":""5905339373182"",""Kod producenta"":""37318"",""Typ produktu"":""Plafoniera"",""Seria"":""NIFU"",""Model"":""LED17"",""Moc [W]"":""17.8W"",""Napięcie [V]"":""220-240 AC"",""Temperatura barwowa [K]"":""4000K"",""Barwa światła"":""Neutralna (3500-4500K)"",""Strumień świetlny [lm]"":""1320lm"",""Stopień ochrony [IP]"":""IP20"",""Kąt świecenia"":""120°"",""Kolor"":""biały"",""Materiał"":""tworzywo sztuczne"",""Kształt"":""okrągła"",""Wysokość"":""66mm"",""Średnica"":""43cm""}";https://www.kanlux.com/storage/products/main/big/37318.jpg
;Plafoniera LED NIFU 17.8W 2350lm 74lm/W 430mm 4000K neutralna IP20 biała Kanlux 37317;37317/KAN;5905339373175;Kanlux;;"{""Producent"":""Kanlux"",""EAN (GTIN)"":""5905339373175"",""Kod producenta"":""37317"",""Typ produktu"":""Plafoniera"",""Seria"":""NIFU"",""Model"":""LED17"",""Moc [W]"":""17.8W"",""Napięcie [V]"":""220-240 AC"",""Temperatura barwowa [K]"":""4000K"",""Barwa światła"":""Neutralna (3500-4500K)"",""Strumień świetlny [lm]"":""2350lm"",""Stopień ochrony [IP]"":""IP20"",""Kąt świecenia"":""120°"",""Kolor"":""biały"",""Materiał"":""tworzywo sztuczne"",""Wysokość"":""66mm"",""Średnica"":""430mm""}";https://www.kanlux.com/storage/products/main/big/37317.jpg
;Plafoniera LED NIFU 17.8W 1450lm 72lm/W okrągła 43cm 4000K neutralna IP20 biała Kanlux 37319;37319/KAN;5905339373199;Kanlux;;"{""Producent"":""Kanlux"",""EAN (GTIN)"":""5905339373199"",""Kod producenta"":""37319"",""Typ produktu"":""Plafoniera"",""Seria"":""NIFU"",""Model"":""LED17"",""Moc [W]"":""17.8W"",""Napięcie [V]"":""220-240 AC"",""Temperatura barwowa [K]"":""4000K"",""Barwa światła"":""Neutralna (3500-4500K)"",""Strumień świetlny [lm]"":""1450lm"",""Stopień ochrony [IP]"":""IP20"",""Kąt świecenia"":""120°"",""Kolor"":""biały"",""Materiał"":""tworzywo sztuczne"",""Kształt"":""okrągła"",""Wysokość"":""66mm"",""Średnica"":""43cm""}";https://www.kanlux.com/storage/products/main/big/37319.jpg
;Oprawa kanałowa MILO E27 165x100mm IP54 szara Kanlux 70522;70522/KAN;5905339705228;Kanlux;;"{""Producent"":""Kanlux"",""EAN (GTIN)"":""5905339705228"",""Kod producenta"":""70522"",""Typ produktu"":""Oprawa kanałowa"",""Seria"":""MILO"",""Model"":""7040T"",""Moc [W]"":""25W"",""Napięcie [V]"":""220-240 AC"",""Stopień ochrony [IP]"":""IP54"",""Klasa ochronności"":""IK06"",""Kolor"":""szary"",""Trzonek"":""E27"",""Materiał"":""szkło"",""Wymiary"":""165x100mm"",""Długość"":""165mm"",""Szerokość"":""100mm"",""Wysokość"":""110mm""}";https://www.kanlux.com/storage/products/main/big/70522.jpg
;Oprawa kanałowa MILO E27 165x100mm IP54 szara Kanlux 70523;70523/KAN;5905339705235;Kanlux;;"{""Producent"":""Kanlux"",""EAN (GTIN)"":""5905339705235"",""Kod producenta"":""70523"",""Typ produktu"":""Oprawa kanałowa"",""Seria"":""MILO"",""Model"":""7040T"",""Moc [W]"":""25W"",""Napięcie [V]"":""220-240 AC"",""Stopień ochrony [IP]"":""IP54"",""Klasa ochronności"":""IK06"",""Kolor"":""szary"",""Trzonek"":""E27"",""Materiał"":""szkło"",""Wymiary"":""165x100mm"",""Długość"":""165mm"",""Szerokość"":""100mm"",""Wysokość"":""110mm""}";https://www.kanlux.com/storage/products/main/big/70523.jpg
;Plafoniera MILO E27 165x100mm IP44 czarna Kanlux 8092;8092/KAN;5905339080929;Kanlux;;"{""Producent"":""Kanlux"",""EAN (GTIN)"":""5905339080929"",""Kod producenta"":""8092"",""Typ produktu"":""Plafoniera"",""Seria"":""MILO"",""Model"":""7040T"",""Moc [W]"":""25W"",""Napięcie [V]"":""220-240 AC"",""Stopień ochrony [IP]"":""IP44"",""Klasa ochronności"":""IK06"",""Kolor"":""czarny"",""Trzonek"":""E27"",""Materiał"":""szkło"",""Wymiary"":""165x100mm"",""Długość"":""165mm"",""Szerokość"":""100mm"",""Wysokość"":""110mm""}";https://www.kanlux.com/storage/products/main/big/8092.jpg
;Oprawa sufitowa GORD 1xGU10 IP20 czarny Kanlux 25476;25476/KAN;5905339254764;Kanlux;;"{""Producent"":""Kanlux"",""EAN (GTIN)"":""5905339254764"",""Kod producenta"":""25476"",""Typ produktu"":""Oprawa sufitowa natynkowa"",""Seria"":""GORD"",""Model"":""DLP-50-B"",""Moc [W]"":""max 10"",""Napięcie [V]"":""220-240 AC"",""Stopień ochrony [IP]"":""IP20"",""Kolor"":""czarny"",""Trzonek"":""1xGU10"",""Materiał"":""stop aluminium"",""Wymiary"":""80x80mm"",""Długość"":""80mm"",""Szerokość"":""80mm"",""Wysokość"":""115mm""}";https://www.kanlux.com/storage/products/main/big/25476.jpg
;Oprawa sufitowa GORD 1xGU10 IP20 biały Kanlux 25477;25477/KAN;5905339254771;Kanlux;;"{""Producent"":""Kanlux"",""EAN (GTIN)"":""5905339254771"",""Kod producenta"":""25477"",""Typ produktu"":""Oprawa sufitowa natynkowa"",""Seria"":""GORD"",""Model"":""DLP-50-W"",""Moc [W]"":""max 10"",""Napięcie [V]"":""220-240 AC"",""Stopień ochrony [IP]"":""IP20"",""Kolor"":""biały"",""Trzonek"":""1xGU10"",""Materiał"":""stop aluminium"",""Wymiary"":""80x80mm"",""Długość"":""80mm"",""Szerokość"":""80mm"",""Wysokość"":""115mm""}";https://www.kanlux.com/storage/products/main/big/25477.jpg
;Oprawa sufitowa SANI GU10 IP44 czarny Kanlux 29240;29240/KAN;5905339292407;Kanlux;;"{""Producent"":""Kanlux"",""EAN (GTIN)"":""5905339292407"",""Kod producenta"":""29240"",""Typ produktu"":""Oprawa sufitowa natynkowa"",""Seria"":""SANI"",""Model"":""GU10"",""Moc [W]"":""max 10"",""Napięcie [V]"":""220-240 AC"",""Stopień ochrony [IP]"":""IP44"",""Kolor"":""czarny"",""Trzonek"":""GU10"",""Materiał"":""1"",""Wysokość"":""95mm"",""Średnica"":""80mm""}";https://www.kanlux.com/storage/products/main/big/29240.jpg
;Oprawa sufitowa SANI GU10 IP44 biały Kanlux 29241;29241/KAN;5905339292414;Kanlux;;"{""Producent"":""Kanlux"",""EAN (GTIN)"":""5905339292414"",""Kod producenta"":""29241"",""Typ produktu"":""Oprawa sufitowa natynkowa"",""Seria"":""SANI"",""Model"":""GU10"",""Moc [W]"":""max 10"",""Napięcie [V]"":""220-240 AC"",""Stopień ochrony [IP]"":""IP44"",""Kolor"":""biały"",""Trzonek"":""GU10"",""Materiał"":""1"",""Wysokość"":""95mm"",""Średnica"":""80mm""}";https://www.kanlux.com/storage/products/main/big/29241.jpg
;Oprawa sufitowa BLURRO 2xGU10 IP20 czarny Kanlux 32952;32952/KAN;5905339329523;Kanlux;;"{""Producent"":""Kanlux"",""EAN (GTIN)"":""5905339329523"",""Kod producenta"":""32952"",""Typ produktu"":""Oprawa sufitowa punktowa"",""Seria"":""BLURRO"",""Model"":""BLURRO 2xGU10 CO-B"",""Moc [W]"":""2 x max 10"",""Napięcie [V]"":""220-240 AC"",""Stopień ochrony [IP]"":""IP20"",""Kolor"":""czarny"",""Trzonek"":""2xGU10"",""Materiał"":""1""}";https://www.kanlux.com/storage/products/main/big/32952.jpg
;Oprawa sufitowa BLURRO 2xGU10 IP20 biały Kanlux 32953;32953/KAN;5905339329530;Kanlux;;"{""Producent"":""Kanlux"",""EAN (GTIN)"":""5905339329530"",""Kod producenta"":""32953"",""Typ produktu"":""Oprawa sufitowa punktowa"",""Seria"":""BLURRO"",""Model"":""BLURRO 2xGU10 CO-W"",""Moc [W]"":""2 x max 10"",""Napięcie [V]"":""220-240 AC"",""Stopień ochrony [IP]"":""IP20"",""Kolor"":""biały"",""Trzonek"":""2xGU10"",""Materiał"":""1""}";https://www.kanlux.com/storage/products/main/big/32953.jpg
;Lampa wisząca AGZAR 3xE14 1780x400mm IP20 biała Kanlux 36253;36253/KAN;5905339362537;Kanlux;;"{""Producent"":""Kanlux"",""EAN (GTIN)"":""5905339362537"",""Kod producenta"":""36253"",""Typ produktu"":""Lampa wisząca"",""Seria"":""AGZAR"",""Model"":""AGZAR C 3xE14 W"",""Moc [W]"":""14W"",""Napięcie [V]"":""220-240 AC"",""Stopień ochrony [IP]"":""IP20"",""Kolor"":""biały"",""Trzonek"":""3xE14"",""Materiał"":""stal"",""Wymiary"":""1780x400mm"",""Długość"":""1780mm"",""Szerokość"":""400mm"",""Wysokość"":""280mm"",""Średnica"":""80mm""}";https://www.kanlux.com/storage/products/main/big/36253.jpg
;Lampa wisząca AGZAR 3xE14 1780x400mm IP20 czarna Kanlux 36252;36252/KAN;5905339362520;Kanlux;;"{""Producent"":""Kanlux"",""EAN (GTIN)"":""5905339362520"",""Kod producenta"":""36252"",""Typ produktu"":""Lampa wisząca"",""Seria"":""AGZAR"",""Model"":""AGZAR C 3xE14 B"",""Moc [W]"":""3 x max 5"",""Napięcie [V]"":""220-240 AC"",""Stopień ochrony [IP]"":""IP20"",""Kolor"":""czarny"",""Trzonek"":""3xE14"",""Materiał"":""stal"",""Wymiary"":""1780x400mm"",""Długość"":""1780mm"",""Szerokość"":""400mm"",""Wysokość"":""280mm"",""Średnica"":""80mm""}";https://www.kanlux.com/storage/products/main/big/36252.jpg
;Plafoniera LED VAND 17.5W 460lm 26lm/W okrągła 39cm 4000K neutralna IP20 czarna Kanlux 37327;37327/KAN;5905339373274;Kanlux;;"{""Producent"":""Kanlux"",""EAN (GTIN)"":""5905339373274"",""Kod producenta"":""37327"",""Typ produktu"":""Plafoniera"",""Seria"":""VAND"",""Model"":""VAND LED 17,5W NW B"",""Moc [W]"":""17.5W"",""Napięcie [V]"":""220-240 AC"",""Temperatura barwowa [K]"":""4000K"",""Barwa światła"":""Neutralna (3500-4500K)"",""Strumień świetlny [lm]"":""460lm"",""Stopień ochrony [IP]"":""IP20"",""Kąt świecenia"":""120°"",""Kolor"":""czarny"",""Materiał"":""tworzywo sztuczne"",""Kształt"":""okrągła"",""Wysokość"":""70mm"",""Średnica"":""39cm""}";
;Plafoniera LED VAND 17.5W 460lm 26lm/W okrągła 39cm 4000K neutralna IP20 biała Kanlux 37326;37326/KAN;5905339373267;Kanlux;;"{""Producent"":""Kanlux"",""EAN (GTIN)"":""5905339373267"",""Kod producenta"":""37326"",""Typ produktu"":""Plafoniera"",""Seria"":""VAND"",""Model"":""VAND LED 17,5W NW W"",""Moc [W]"":""17.5W"",""Napięcie [V]"":""220-240 AC"",""Temperatura barwowa [K]"":""4000K"",""Barwa światła"":""Neutralna (3500-4500K)"",""Strumień świetlny [lm]"":""460lm"",""Stopień ochrony [IP]"":""IP20"",""Kąt świecenia"":""120°"",""Kolor"":""biały"",""Materiał"":""tworzywo sztuczne"",""Kształt"":""okrągła"",""Wysokość"":""70mm"",""Średnica"":""39cm""}";https://www.kanlux.com/storage/products/main/big/37326.jpg
;Plafoniera LED CCT ARVOS 37W 2680lm 3000-6500K okrągła 50cm IP20 biała Kanlux 37329;37329/KAN;5905339373298;Kanlux;;"{""Producent"":""Kanlux"",""EAN (GTIN)"":""5905339373298"",""Kod producenta"":""37329"",""Typ produktu"":""Plafoniera"",""Seria"":""ARVOS"",""Model"":""ARVOS N LED 37W CCT B"",""Moc [W]"":""37W"",""Napięcie [V]"":""220-240 AC"",""Temperatura barwowa [K]"":""6500K"",""Barwa światła"":""Zmienna CCT"",""Strumień świetlny [lm]"":""2680lm"",""Stopień ochrony [IP]"":""IP20"",""Kąt świecenia"":""120°"",""Kolor"":""biały"",""Materiał"":""PMMA"",""Kształt"":""okrągła"",""Wysokość"":""90mm"",""Średnica"":""50cm""}";https://www.kanlux.com/storage/products/main/big/37329.jpg
;Plafoniera LED CCT ARVOS 37W 2680lm 3000-6500K okrągła 50cm IP20 biała Kanlux 37332;37332/KAN;5905339373328;Kanlux;;"{""Producent"":""Kanlux"",""EAN (GTIN)"":""5905339373328"",""Kod producenta"":""37332"",""Typ produktu"":""Plafoniera"",""Seria"":""ARVOS"",""Model"":""ARVOS N LED 37W CCT W"",""Moc [W]"":""37W"",""Napięcie [V]"":""220-240 AC"",""Temperatura barwowa [K]"":""6500K"",""Barwa światła"":""Zmienna CCT"",""Strumień świetlny [lm]"":""2680lm"",""Stopień ochrony [IP]"":""IP20"",""Kąt świecenia"":""120°"",""Kolor"":""biały"",""Materiał"":""PMMA"",""Kształt"":""okrągła"",""Wysokość"":""90mm"",""Średnica"":""50cm""}";https://www.kanlux.com/storage/products/main/big/37332.jpg
;Plafoniera LED CCT S 20W 1920-6500lm 3000-6500K okrągła 39cm IP20 czarna Kanlux 38610;38610/KAN;5905339386106;Kanlux;;"{""Producent"":""Kanlux"",""EAN (GTIN)"":""5905339386106"",""Kod producenta"":""38610"",""Typ produktu"":""Plafoniera S"",""Seria"":""S"",""Model"":""S PLAFON 20W CCTDIM B"",""Moc [W]"":""20W"",""Napięcie [V]"":""220-240 AC"",""Temperatura barwowa [K]"":""6500K"",""Barwa światła"":""Zimna (≥5000K)"",""Strumień świetlny [lm]"":""1920-6500lm"",""Stopień ochrony [IP]"":""IP20"",""Kąt świecenia"":""110°"",""Kolor"":""czarny"",""Materiał"":""tworzywo sztuczne"",""Kształt"":""okrągła"",""Wysokość"":""56mm"",""Średnica"":""39cm"",""Gwarancja"":""5 lat""}";https://www.kanlux.com/storage/products/main/big/38610.jpg
;Plafoniera LED CCT S 20W 1920-6500lm 3000-6500K okrągła 39cm IP20 biała Kanlux 38611;38611/KAN;5905339386113;Kanlux;;"{""Producent"":""Kanlux"",""EAN (GTIN)"":""5905339386113"",""Kod producenta"":""38611"",""Typ produktu"":""Plafoniera S"",""Seria"":""S"",""Model"":""S PLAFON 20W CCTDIM W"",""Moc [W]"":""20W"",""Napięcie [V]"":""220-240 AC"",""Temperatura barwowa [K]"":""6500K"",""Barwa światła"":""Zimna (≥5000K)"",""Strumień świetlny [lm]"":""1920-6500lm"",""Stopień ochrony [IP]"":""IP20"",""Kąt świecenia"":""110°"",""Kolor"":""biały"",""Materiał"":""tworzywo sztuczne"",""Kształt"":""okrągła"",""Wysokość"":""56mm"",""Średnica"":""39cm"",""Gwarancja"":""5 lat""}";https://www.kanlux.com/storage/products/main/big/38611.jpg
;Oprawa sufitowa PHLOX GU10 IP20 bialy Kanlux 39041;39041/KAN;5905339390417;Kanlux;;"{""Producent"":""Kanlux"",""EAN (GTIN)"":""5905339390417"",""Kod producenta"":""39041"",""Typ produktu"":""PHLOX C"",""Seria"":""PHLOX"",""Model"":""GU10"",""Moc [W]"":""10W"",""Napięcie [V]"":""220-240 AC"",""Stopień ochrony [IP]"":""IP20"",""Kolor"":""bialy"",""Trzonek"":""GU10"",""Materiał"":""stop aluminium"",""Długość"":""1"",""Wysokość"":""300mm"",""Średnica"":""54mm""}";https://www.kanlux.com/storage/products/main/big/39041.jpg
;Oprawa sufitowa PHLOX GU10 IP20 czarny Kanlux 39040;39040/KAN;5905339390400;Kanlux;;"{""Producent"":""Kanlux"",""EAN (GTIN)"":""5905339390400"",""Kod producenta"":""39040"",""Typ produktu"":""PHLOX C"",""Seria"":""PHLOX"",""Model"":""GU10"",""Moc [W]"":""max 10 LED"",""Napięcie [V]"":""220-240 AC"",""Stopień ochrony [IP]"":""IP20"",""Kolor"":""czarny"",""Trzonek"":""GU10"",""Materiał"":""stop aluminium"",""Długość"":""1"",""Wysokość"":""300mm"",""Średnica"":""54mm""}";https://www.kanlux.com/storage/products/main/big/39040.jpg
;Plafoniera LED DUNO 15W 1500lm 100lm/W 220mm 4000K neutralna IP54 biała Kanlux 31240;31240/KAN;8595665312404;Kanlux;;"{""Producent"":""Kanlux"",""EAN (GTIN)"":""8595665312404"",""Kod producenta"":""31240"",""Typ produktu"":""Plafoniera"",""Seria"":""DUNO"",""Model"":""DUNO PRO 15W-NW-O"",""Moc [W]"":""15W"",""Napięcie [V]"":""220-240 AC"",""Temperatura barwowa [K]"":""4000K"",""Barwa światła"":""Neutralna (3500-4500K)"",""Strumień świetlny [lm]"":""1500lm"",""Stopień ochrony [IP]"":""IP54"",""Kąt świecenia"":""120°"",""Kolor"":""biały"",""Materiał"":""tworzywo sztuczne"",""Wysokość"":""45mm"",""Średnica"":""220mm""}";https://www.kanlux.com/storage/products/main/big/31240.jpg
;Plafoniera LED DUNO 24W 2400lm 100lm/W 280mm 4000K neutralna IP54 biała Kanlux 31241;31241/KAN;8595665312411;Kanlux;;"{""Producent"":""Kanlux"",""EAN (GTIN)"":""8595665312411"",""Kod producenta"":""31241"",""Typ produktu"":""Plafoniera"",""Seria"":""DUNO"",""Model"":""DUNO PRO 24W-NW-O"",""Moc [W]"":""24W"",""Napięcie [V]"":""220-240 AC"",""Temperatura barwowa [K]"":""4000K"",""Barwa światła"":""Neutralna (3500-4500K)"",""Strumień świetlny [lm]"":""2400lm"",""Stopień ochrony [IP]"":""IP54"",""Kąt świecenia"":""120°"",""Kolor"":""biały"",""Materiał"":""tworzywo sztuczne"",""Wysokość"":""45mm"",""Średnica"":""280mm""}";https://www.kanlux.com/storage/products/main/big/31241.jpg
;Plafoniera ERTON E27 252mm IP44 biała Kanlux 35770;35770/KAN;5905339357700;Kanlux;;"{""Producent"":""Kanlux"",""EAN (GTIN)"":""5905339357700"",""Kod producenta"":""35770"",""Typ produktu"":""Plafoniera"",""Seria"":""ERTON"",""Model"":""E27"",""Moc [W]"":""15W"",""Napięcie [V]"":""220-240 AC"",""Stopień ochrony [IP]"":""IP44"",""Kolor"":""biały"",""Trzonek"":""E27"",""Materiał"":""PC"",""Wysokość"":""90mm"",""Średnica"":""252mm""}";https://www.kanlux.com/storage/products/main/big/35770.jpg
;Plafoniera ERTON E27 330mm IP44 biała Kanlux 35771;35771/KAN;5905339357717;Kanlux;;"{""Producent"":""Kanlux"",""EAN (GTIN)"":""5905339357717"",""Kod producenta"":""35771"",""Typ produktu"":""Plafoniera"",""Seria"":""ERTON"",""Model"":""E27"",""Moc [W]"":""15W"",""Napięcie [V]"":""220-240 AC"",""Stopień ochrony [IP]"":""IP44"",""Kolor"":""biały"",""Trzonek"":""E27"",""Materiał"":""PC"",""Wysokość"":""110mm"",""Średnica"":""330mm""}";https://www.kanlux.com/storage/products/main/big/35771.jpg
;Plafoniera z wentylatorem LED PLAVE biała Kanlux 38033;38033/KAN;5905339380333;Kanlux;;"{""Producent"":""Kanlux"",""EAN (GTIN)"":""5905339380333"",""Kod producenta"":""38033"",""Typ produktu"":""Plafoniera z wentylatorem"",""Seria"":""PLAVE"",""Model"":""4000-"",""Moc [W]"":""max 48"",""Napięcie [V]"":""220-240 AC"",""Temperatura barwowa [K]"":""3000K"",""Barwa światła"":""Zmienna CCT"",""Strumień świetlny [lm]"":""1100lm"",""Stopień ochrony [IP]"":""IP20"",""Kąt świecenia"":""150°"",""Kolor"":""biały"",""Materiał"":""tworzywo sztuczne"",""Wysokość"":""150mm"",""Średnica"":""485mm""}";https://www.kanlux.com/storage/products/main/big/38033.jpg
;Plafoniera z wentylatorem LED PLAVE biała Kanlux 38034;38034/KAN;5905339380340;Kanlux;;"{""Producent"":""Kanlux"",""EAN (GTIN)"":""5905339380340"",""Kod producenta"":""38034"",""Typ produktu"":""Plafoniera z wentylatorem"",""Seria"":""PLAVE"",""Model"":""6500-"",""Moc [W]"":""max 48"",""Napięcie [V]"":""220-240 AC"",""Temperatura barwowa [K]"":""3000K"",""Barwa światła"":""Zmienna CCT"",""Strumień świetlny [lm]"":""1032lm"",""Stopień ochrony [IP]"":""IP20"",""Kąt świecenia"":""150°"",""Kolor"":""biały"",""Materiał"":""tworzywo sztuczne"",""Wysokość"":""150mm"",""Średnica"":""485mm""}";https://www.kanlux.com/storage/products/main/big/38034.jpg
;Oprawa sufitowa TOLEO DTL50-W Kanlux 26114;26114/KAN;5905339261144;Kanlux;;"{""Producent"":""Kanlux"",""EAN (GTIN)"":""5905339261144"",""Kod producenta"":""26114"",""Typ produktu"":""TOLEO"",""Seria"":""TOLEO"",""Model"":""DTL50-W""}";
;Lampa wisząca GALOBA 3xGU10 430x55mm IP20 biała Kanlux 33684;33684/KAN;5905339336842;Kanlux;;"{""Producent"":""Kanlux"",""EAN (GTIN)"":""5905339336842"",""Kod producenta"":""33684"",""Typ produktu"":""Lampa wisząca"",""Seria"":""GALOBA"",""Model"":""GALOBA C 3xGU10 W"",""Moc [W]"":""10W"",""Napięcie [V]"":""220-240 AC"",""Stopień ochrony [IP]"":""IP20"",""Kolor"":""biały"",""Trzonek"":""3xGU10"",""Materiał"":""stop aluminium"",""Wymiary"":""430x55mm"",""Długość"":""430mm"",""Szerokość"":""55mm"",""Wysokość"":""1080mm"",""Średnica"":""90mm""}";https://www.kanlux.com/storage/products/main/big/33684.jpg
;Plafoniera LED LUMKO 17.8W 1280lm 85lm/W okrągła 43cm 4000K neutralna IP20 biała Kanlux 37320;37320/KAN;5905339373205;Kanlux;;"{""Producent"":""Kanlux"",""EAN (GTIN)"":""5905339373205"",""Kod producenta"":""37320"",""Typ produktu"":""Plafoniera"",""Seria"":""LUMKO"",""Model"":""LED17"",""Moc [W]"":""17.8W"",""Napięcie [V]"":""220-240 AC"",""Temperatura barwowa [K]"":""4000K"",""Barwa światła"":""Neutralna (3500-4500K)"",""Strumień świetlny [lm]"":""1280lm"",""Stopień ochrony [IP]"":""IP20"",""Kąt świecenia"":""120°"",""Kolor"":""biały"",""Materiał"":""tworzywo sztuczne"",""Kształt"":""okrągła"",""Wysokość"":""70mm"",""Średnica"":""43cm""}";https://www.kanlux.com/storage/products/main/big/37320.jpg
;Plafoniera LED CARVO 17.5W 1320lm 75lm/W okrągła 38cm 4000K neutralna IP20 biała Kanlux 37321;37321/KAN;5905339373212;Kanlux;;"{""Producent"":""Kanlux"",""EAN (GTIN)"":""5905339373212"",""Kod producenta"":""37321"",""Typ produktu"":""Plafoniera"",""Seria"":""CARVO"",""Model"":""CARVO LED 17,5W NW"",""Moc [W]"":""17.5W"",""Napięcie [V]"":""220-240 AC"",""Temperatura barwowa [K]"":""4000K"",""Barwa światła"":""Neutralna (3500-4500K)"",""Strumień świetlny [lm]"":""1320lm"",""Stopień ochrony [IP]"":""IP20"",""Kąt świecenia"":""120°"",""Kolor"":""biały"",""Materiał"":""tworzywo sztuczne"",""Kształt"":""okrągła"",""Wysokość"":""70mm"",""Średnica"":""38cm""}";https://www.kanlux.com/storage/products/main/big/37321.jpg
;Plafoniera LED BONSA 17.5W 1580lm 90lm/W okrągła 38cm 4000K neutralna IP20 biała Kanlux 37322;37322/KAN;5905339373229;Kanlux;;"{""Producent"":""Kanlux"",""EAN (GTIN)"":""5905339373229"",""Kod producenta"":""37322"",""Typ produktu"":""Plafoniera"",""Seria"":""BONSA"",""Model"":""BONSA LED 17,5W NW"",""Moc [W]"":""17.5W"",""Napięcie [V]"":""220-240 AC"",""Temperatura barwowa [K]"":""4000K"",""Barwa światła"":""Neutralna (3500-4500K)"",""Strumień świetlny [lm]"":""1580lm"",""Stopień ochrony [IP]"":""IP20"",""Kąt świecenia"":""120°"",""Kolor"":""biały"",""Materiał"":""tworzywo sztuczne"",""Kształt"":""okrągła"",""Wysokość"":""90mm"",""Średnica"":""38cm""}";https://www.kanlux.com/storage/products/main/big/37322.jpg
;Plafoniera LED EXATE 17.5W 1420lm 81lm/W okrągła 38cm 4000K neutralna IP20 biała Kanlux 37323;37323/KAN;5905339373236;Kanlux;;"{""Producent"":""Kanlux"",""EAN (GTIN)"":""5905339373236"",""Kod producenta"":""37323"",""Typ produktu"":""Plafoniera"",""Seria"":""EXATE"",""Model"":""EXATE LED 17,5W NW"",""Moc [W]"":""17.5W"",""Napięcie [V]"":""220-240 AC"",""Temperatura barwowa [K]"":""4000K"",""Barwa światła"":""Neutralna (3500-4500K)"",""Strumień świetlny [lm]"":""1420lm"",""Stopień ochrony [IP]"":""IP20"",""Kąt świecenia"":""120°"",""Kolor"":""biały"",""Materiał"":""tworzywo sztuczne"",""Kształt"":""okrągła"",""Wysokość"":""70mm"",""Średnica"":""38cm""}";https://www.kanlux.com/storage/products/main/big/37323.jpg
;Plafoniera LED AMAZI 17.5W 925lm 53lm/W okrągła 38cm 4000K neutralna IP20 czarna Kanlux 37325;37325/KAN;5905339373250;Kanlux;;"{""Producent"":""Kanlux"",""EAN (GTIN)"":""5905339373250"",""Kod producenta"":""37325"",""Typ produktu"":""Plafoniera"",""Seria"":""AMAZI"",""Model"":""AMAZI LED 17,5W NW B"",""Moc [W]"":""17.5W"",""Napięcie [V]"":""220-240 AC"",""Temperatura barwowa [K]"":""4000K"",""Barwa światła"":""Neutralna (3500-4500K)"",""Strumień świetlny [lm]"":""925lm"",""Stopień ochrony [IP]"":""IP20"",""Kąt świecenia"":""120°"",""Kolor"":""czarny"",""Materiał"":""tworzywo sztuczne"",""Kształt"":""okrągła"",""Wysokość"":""100mm"",""Średnica"":""38cm""}";https://www.kanlux.com/storage/products/main/big/37325.jpg
;Plafoniera LED CCT ANTO 37W 2700lm 3000-6500K okrągła 50cm IP54 biała Kanlux 38932;38932/KAN;5905339389329;Kanlux;;"{""Producent"":""Kanlux"",""EAN (GTIN)"":""5905339389329"",""Kod producenta"":""38932"",""Typ produktu"":""Plafoniera"",""Seria"":""ANTO"",""Model"":""ANTO LED 37W CCT"",""Moc [W]"":""37W"",""Napięcie [V]"":""220-240 AC"",""Temperatura barwowa [K]"":""6500K"",""Barwa światła"":""Zmienna CCT"",""Strumień świetlny [lm]"":""2700lm"",""Stopień ochrony [IP]"":""IP54"",""Kąt świecenia"":""120°"",""Kolor"":""biały"",""Materiał"":""PMMA"",""Kształt"":""okrągła"",""Wysokość"":""65mm"",""Średnica"":""50cm""}";https://www.kanlux.com/storage/products/main/big/38932.jpg
;Plafoniera MARC E27 okrągła 24cm IP54 biała Kanlux 7015;7015/KAN;5905339070159;Kanlux;;"{""Producent"":""Kanlux"",""EAN (GTIN)"":""5905339070159"",""Kod producenta"":""7015"",""Typ produktu"":""Plafoniera z wymiennym"",""Seria"":""MARC"",""Model"":""DL-60"",""Moc [W]"":""max 60"",""Napięcie [V]"":""220-240 AC"",""Stopień ochrony [IP]"":""IP54"",""Kolor"":""biały"",""Trzonek"":""E27"",""Materiał"":""PC"",""Kształt"":""okrągła"",""Wysokość"":""105mm"",""Średnica"":""24cm""}";https://www.kanlux.com/storage/products/main/big/7015.jpg
;Plafoniera TURK E27 320x104mm IP54 biała Kanlux 7025;7025/KAN;5905339070258;Kanlux;;"{""Producent"":""Kanlux"",""EAN (GTIN)"":""5905339070258"",""Kod producenta"":""7025"",""Typ produktu"":""Plafoniera"",""Seria"":""TURK"",""Model"":""DL-60"",""Moc [W]"":""60W"",""Napięcie [V]"":""220-240 AC"",""Stopień ochrony [IP]"":""IP54"",""Kolor"":""biały"",""Trzonek"":""E27"",""Materiał"":""PC"",""Wymiary"":""320x104mm"",""Długość"":""320mm"",""Szerokość"":""104mm"",""Wysokość"":""137mm""}";https://www.kanlux.com/storage/products/main/big/7025.jpg
;Plafoniera SANGA E27 245mm IP44 biała Kanlux 8050;8050/KAN;5905339080509;Kanlux;;"{""Producent"":""Kanlux"",""EAN (GTIN)"":""5905339080509"",""Kod producenta"":""8050"",""Typ produktu"":""Plafoniera"",""Seria"":""SANGA"",""Model"":""DL-100"",""Moc [W]"":""25W"",""Napięcie [V]"":""220-240 AC"",""Stopień ochrony [IP]"":""IP44"",""Kolor"":""biały"",""Trzonek"":""E27"",""Materiał"":""szkło"",""Wysokość"":""90mm"",""Średnica"":""245mm""}";https://www.kanlux.com/storage/products/main/big/8050.jpg
;Plafoniera JURBA E27 285mm IP44 nikiel satynowy Kanlux 8980;8980/KAN;5905339089809;Kanlux;;"{""Producent"":""Kanlux"",""EAN (GTIN)"":""5905339089809"",""Kod producenta"":""8980"",""Typ produktu"":""Plafoniera"",""Seria"":""JURBA"",""Model"":""DL-218O"",""Moc [W]"":""18W"",""Napięcie [V]"":""220-240 AC"",""Stopień ochrony [IP]"":""IP44"",""Klasa ochronności"":""IK10"",""Kolor"":""nikiel satynowy"",""Trzonek"":""E27"",""Materiał"":""PC"",""Wysokość"":""75mm"",""Średnica"":""285mm""}";https://www.kanlux.com/storage/products/main/big/8980.jpg
;Plafoniera PLAFMIN E27 250mm IP20 biała Kanlux 25690;25690/KAN;5905339256904;Kanlux;;"{""Producent"":""Kanlux"",""EAN (GTIN)"":""5905339256904"",""Kod producenta"":""25690"",""Typ produktu"":""Plafoniera"",""Seria"":""PLAFMIN"",""Model"":""E27"",""Moc [W]"":""15W"",""Napięcie [V]"":""220-240 AC"",""Stopień ochrony [IP]"":""IP20"",""Kolor"":""biały"",""Trzonek"":""E27"",""Materiał"":""1"",""Wysokość"":""90mm"",""Średnica"":""250mm""}";https://www.kanlux.com/storage/products/main/big/25690.jpg
;Plafoniera LED SANSO 15W 1250lm 83lm/W okrągła 25cm 4000K neutralna IP44 z czujnikiem ruchu biała Kanlux 26520;26520/KAN;5905339265203;Kanlux;;"{""Producent"":""Kanlux"",""EAN (GTIN)"":""5905339265203"",""Kod producenta"":""26520"",""Typ produktu"":""Plafoniera"",""Seria"":""SANSO"",""Model"":""SANSO LED 15W-NW-SE"",""Moc [W]"":""15W"",""Napięcie [V]"":""220-240 AC"",""Temperatura barwowa [K]"":""4000K"",""Barwa światła"":""Neutralna (3500-4500K)"",""Strumień świetlny [lm]"":""1250lm"",""Stopień ochrony [IP]"":""IP44"",""Kąt świecenia"":""120°"",""Kolor"":""biały"",""Materiał"":""PC"",""Kształt"":""okrągła"",""Wysokość"":""50mm"",""Średnica"":""25cm"",""Czujnik ruchu"":""z czujnikiem ruchu"",""Gwarancja"":""5 lat""}";https://www.kanlux.com/storage/products/main/big/26520.jpg
;Plafoniera LED TURA 24W 1800lm 75lm/W 320mm 4000K neutralna IP65 czarna Kanlux 31491;31491/KAN;8595665314910;Kanlux;;"{""Producent"":""Kanlux"",""EAN (GTIN)"":""8595665314910"",""Kod producenta"":""31491"",""Typ produktu"":""Plafoniera"",""Seria"":""TURA"",""Model"":""TURA LED 24W-NW-O-B"",""Moc [W]"":""24W"",""Napięcie [V]"":""220-240 AC"",""Temperatura barwowa [K]"":""4000K"",""Barwa światła"":""Neutralna (3500-4500K)"",""Strumień świetlny [lm]"":""1800lm"",""Stopień ochrony [IP]"":""IP65"",""Kolor"":""czarny"",""Materiał"":""tworzywo sztuczne"",""Wysokość"":""50mm"",""Średnica"":""320mm""}";https://www.kanlux.com/storage/products/main/big/31491.jpg
;Oprawa kanałowa HERMI E27 190x110mm IP54 biała Kanlux 70524;70524/KAN;5905339705242;Kanlux;;"{""Producent"":""Kanlux"",""EAN (GTIN)"":""5905339705242"",""Kod producenta"":""70524"",""Typ produktu"":""Oprawa kanałowa"",""Seria"":""HERMI"",""Model"":""7063NB"",""Moc [W]"":""25W"",""Napięcie [V]"":""220-240 AC"",""Stopień ochrony [IP]"":""IP54"",""Kolor"":""biały"",""Trzonek"":""E27"",""Materiał"":""szkło"",""Wymiary"":""190x110mm"",""Długość"":""190mm"",""Szerokość"":""110mm"",""Wysokość"":""124mm""}";https://www.kanlux.com/storage/products/main/big/70524.jpg
;Oprawa kanałowa INES E27 IP54 biała Kanlux 70525;70525/KAN;5905339705259;Kanlux;;"{""Producent"":""Kanlux"",""EAN (GTIN)"":""5905339705259"",""Kod producenta"":""70525"",""Typ produktu"":""Oprawa kanałowa"",""Seria"":""INES"",""Model"":""7061N"",""Moc [W]"":""25W"",""Napięcie [V]"":""220-240 AC"",""Stopień ochrony [IP]"":""IP54"",""Klasa ochronności"":""IK08"",""Kolor"":""biały"",""Trzonek"":""E27"",""Materiał"":""szkło""}";https://www.kanlux.com/storage/products/main/big/70525.jpg
